sha256,size_bytes,original_path_count,original_paths
0043a826e42cba33fb978a69b31b6f2acc37df5fe7aab384bb19976ef84d9ce9,3027,1,mlk_poly_frombytes_cleanroom/PFB_T1_FINAL_FREEZE_af4c5abd_20260729T043912Z/boundary_artifacts/Makefile
0097cc3b58097dac2cc00f4b56cd681d471a47c1bdc9862860aec5849423f8fc,173,2,mlk_poly_frombytes_cleanroom/PFB_03F_T3_FINAL_RUN_20260729T051133Z/mutants/p1_bijective_permutation/summary.txt | mlk_poly_frombytes_cleanroom/PFB_T3_FINAL_FREEZE_af4c5abd_20260729T051133Z/mutants/p1_bijective_permutation/summary.txt
010b24a610c0e37bb3b7520934c52d2d56073b01aff78d018be602002d30cb71,3071,1,mlk_poly_frombytes_cleanroom/PFB_04F_T4_FINAL_RUN_20260729T052349Z/p1_bytes_roundtrip/Makefile
01bc92b0fef0eba04bfca7150e39143276764afb94e329e4e12859e728aab133,2721,2,mlk_poly_frombytes_cleanroom/PFB_02M_T2_FINAL_MUTATION_RUN_20260729T050106Z/control/pfb_t2_nonvacuity_20260729T050106Z_harness.c | mlk_poly_frombytes_cleanroom/PFB_T2_FINAL_FREEZE_af4c5abd_20260729T050106Z/control/pfb_t2_nonvacuity_20260729T050106Z_harness.c
028c2785ef246d9bfdd4781a720217443cb40f5273626a14b1f9ebb39fb8ab1e,281,2,mlk_poly_frombytes_cleanroom/PFB_02M_T2_FINAL_MUTATION_RUN_20260729T050106Z/control/summary.txt | mlk_poly_frombytes_cleanroom/PFB_T2_FINAL_FREEZE_af4c5abd_20260729T050106Z/control/summary.txt
03c1ff13868a7c6f8ff91c634fbe21f599628f4236413d4e3ecab6c1a518afa1,209,2,mlk_poly_frombytes_cleanroom/PFB_02M_T2_FINAL_MUTATION_RUN_20260729T050106Z/mutants/p3_high_nibble_route/summary.txt | mlk_poly_frombytes_cleanroom/PFB_T2_FINAL_FREEZE_af4c5abd_20260729T050106Z/mutants/p3_high_nibble_route/summary.txt
0515da0af009a9f4de169498ee6f78037e498b15d4fa74f8aa2d222fbfc09c27,427,2,mlk_poly_frombytes_cleanroom/PFB_01M_T1_BOUNDARY_MUTATION_RUN_20260729T043912Z/boundary/command.txt | mlk_poly_frombytes_cleanroom/PFB_T1_FINAL_FREEZE_af4c5abd_20260729T043912Z/input_evidence/PFB_01M/boundary/command.txt
052eef2d2eed74098a56f4f13b96bc7f89db66de10340c16a1c9a7bf22ceab48,984,1,mlk_poly_frombytes_cleanroom/PFB_04F_T4_FINAL_RUN_20260729T052349Z/control/result.unwind385.xml
07c1f8e17ba3ab86652b800c45ef4001c38e2e9a370f6e259351c6c3f7e0994f,3665,2,mlk_poly_frombytes_cleanroom/PFB_01M_T1_BOUNDARY_MUTATION_RUN_20260729T043912Z/boundary/build/make.stdout.txt | mlk_poly_frombytes_cleanroom/PFB_T1_FINAL_FREEZE_af4c5abd_20260729T043912Z/input_evidence/PFB_01M/boundary/build/make.stdout.txt
08d12c82f27172e5f063f364e8745884a3fbed08c87aff7cbb13f48fb82c1de0,1377,4,mlk_poly_frombytes_cleanroom/PFB_CAMPAIGN_FINAL_SEAL_af4c5abd_20260729T054222Z/acceptance_reports/PFB_T1_FINAL_ACCEPTANCE_REPORT.txt | mlk_poly_frombytes_cleanroom/PFB_T1_FINAL_FREEZE_af4c5abd_20260729T043912Z/PFB_T1_FINAL_ACCEPTANCE_REPORT.txt | mlk_poly_frombytes_cleanroom/PFB_T3_FINAL_FREEZE_af4c5abd_20260729T051133Z/prior_evidence/PFB_T1_FINAL_ACCEPTANCE_REPORT.txt | mlk_poly_frombytes_cleanroom/PFB_T4_FINAL_FREEZE_af4c5abd_20260729T053316Z/prior_evidence/PFB_T1_FINAL_ACCEPTANCE_REPORT.txt
09f5e7e59d95e37b8f2fbbd1dd174e95a8cb0f559f39215871f118600486b2a7,393,2,mlk_poly_frombytes_cleanroom/PFB_01S_T1_SAT_SEMANTIC_RUN2_20260729T040920Z/results/theorem_only.summary.txt | mlk_poly_frombytes_cleanroom/PFB_T1_FINAL_FREEZE_af4c5abd_20260729T043912Z/input_evidence/PFB_01S/results/theorem_only.summary.txt
0a389fbdbdd0c3b3b31f224581afebb48fdc0c117e3361168886cf8f31bf4c59,543,2,mlk_poly_frombytes_cleanroom/PFB_02M_T2_FINAL_MUTATION_RUN_20260729T050106Z/mutants/p1_first_byte_route/source.diff | mlk_poly_frombytes_cleanroom/PFB_T2_FINAL_FREEZE_af4c5abd_20260729T050106Z/mutants/p1_first_byte_route/source.diff
0ad77b89aa6260e4021e897c7ace73e3588f2afd2c6d9cdc9a2f39a2debac8f4,866,2,mlk_poly_frombytes_cleanroom/PFB_00C_THEOREM_FREEZE_af4c5abd/SHA256SUMS.txt | mlk_poly_frombytes_cleanroom/PFB_T1_FINAL_FREEZE_af4c5abd_20260729T043912Z/input_evidence/PFB_00C/SHA256SUMS.txt
0b327f26f2914dc3fe74186c1f87261f8c89c47298724e7500024c17ff6a20f6,209,2,mlk_poly_frombytes_cleanroom/PFB_02M_T2_FINAL_MUTATION_RUN_20260729T050106Z/mutants/p4_third_byte_route/summary.txt | mlk_poly_frombytes_cleanroom/PFB_T2_FINAL_FREEZE_af4c5abd_20260729T050106Z/mutants/p4_third_byte_route/summary.txt
0df51fb56f0fb06e07d162feb1a004a8e59db3d69fcfcc5b3dcd5b1396babc2b,720,2,mlk_poly_frombytes_cleanroom/PFB_01C_T1_CONTROL_SUITE_20260729T042046Z/PFB_01C_RESULT.txt | mlk_poly_frombytes_cleanroom/PFB_T1_FINAL_FREEZE_af4c5abd_20260729T043912Z/input_evidence/PFB_01C/PFB_01C_RESULT.txt
0fb55211ca871543c085c78f5d84e2be2914551f1f1063231183b81c7fa8a512,3721,1,mlk_poly_frombytes_cleanroom/PFB_02A_T2_SEMANTIC_BASELINE_20260729T044653Z/build/block_locality.make.stdout.txt
10a16cc6ed7e25e102da6fd82ea5de2a101e1701af980dd5351e1c369c41cf5e,274,2,mlk_poly_frombytes_cleanroom/PFB_01M_T1_BOUNDARY_MUTATION_RUN_20260729T043912Z/baseline_replay/summary.txt | mlk_poly_frombytes_cleanroom/PFB_T1_FINAL_FREEZE_af4c5abd_20260729T043912Z/input_evidence/PFB_01M/baseline_replay/summary.txt
13dd5ba4e64b4dd3c54a3d4e7c82ec0e3c1b09a397584cfa1a13309f60ceeb83,75939,1,mlk_poly_frombytes_cleanroom/PFB_T1_FINAL_FREEZE_af4c5abd_20260729T043912Z/theorem_artifacts/pfb_t1_exact_raw_decode_harness.goto
14ca0614f461cde6a3d8b17a29c9be2a3a47a20d5d75f835c02f86faa2c3ecd2,43931,2,mlk_poly_frombytes_cleanroom/PFB_04F_T4_FINAL_RUN_20260729T053316Z/p1_bytes_roundtrip/all_properties.xml | mlk_poly_frombytes_cleanroom/PFB_T4_FINAL_FREEZE_af4c5abd_20260729T053316Z/p1_bytes_roundtrip/all_properties.xml
1506af3b331a42c548e5a112eed6a055554530c21a4a9f17e77a4a9bb99540f8,3061,1,mlk_poly_frombytes_cleanroom/PFB_04F_T4_FINAL_RUN_20260729T052349Z/control/Makefile
15a09f56f4267ff7badab5e96a62436eb0dc5d6f7e456e1030c10774e2f58959,1163,2,mlk_poly_frombytes_cleanroom/PFB_01C_T1_CONTROL_SUITE_20260729T042046Z/SHA256SUMS.txt | mlk_poly_frombytes_cleanroom/PFB_T1_FINAL_FREEZE_af4c5abd_20260729T043912Z/input_evidence/PFB_01C/SHA256SUMS.txt
1691678cfe7e8a0d06c673ccf09034cf3235ca4a4ec00159da5f2e1e3ce4a525,3077,2,mlk_poly_frombytes_cleanroom/PFB_04F_T4_FINAL_RUN_20260729T053316Z/p2_raw_poly_roundtrip/Makefile | mlk_poly_frombytes_cleanroom/PFB_T4_FINAL_FREEZE_af4c5abd_20260729T053316Z/p2_raw_poly_roundtrip/Makefile
18299e3271246509f400ae12774ff01aa2ecfa740000edc41820e23ebdc4c5dc,372,2,mlk_poly_frombytes_cleanroom/PFB_01C_T1_CONTROL_SUITE_20260729T042046Z/baseline_seal/xml_recheck.txt | mlk_poly_frombytes_cleanroom/PFB_T1_FINAL_FREEZE_af4c5abd_20260729T043912Z/input_evidence/PFB_01C/baseline_seal/xml_recheck.txt
18e0bcc1470578d7cda60f9207f7e41a24e30caf2ca3c5d0df72b72ed227b6e0,144,44,mlk_poly_frombytes_cleanroom/PFB_01C_T1_CONTROL_SUITE_20260729T042046Z/build/make.stderr.txt | mlk_poly_frombytes_cleanroom/PFB_01M_T1_BOUNDARY_MUTATION_RUN_20260729T043912Z/boundary/build/make.stderr.txt | mlk_poly_frombytes_cleanroom/PFB_01M_T1_BOUNDARY_MUTATION_RUN_20260729T043912Z/mutants/even/build/make.stderr.txt | mlk_poly_frombytes_cleanroom/PFB_01M_T1_BOUNDARY_MUTATION_RUN_20260729T043912Z/mutants/odd/build/make.stderr.txt | mlk_poly_frombytes_cleanroom/PFB_01R_T1_EXACT_RAW_DECODING_RUN1_20260729T033348Z/build/make_dry_run.stderr.txt | mlk_poly_frombytes_cleanroom/PFB_02A_T2_SEMANTIC_BASELINE_20260729T044653Z/build/bit_routes.make.stderr.txt | mlk_poly_frombytes_cleanroom/PFB_02A_T2_SEMANTIC_BASELINE_20260729T044653Z/build/block_locality.make.stderr.txt | mlk_poly_frombytes_cleanroom/PFB_02M_T2_FINAL_MUTATION_RUN_20260729T050106Z/control/make.stderr.txt | mlk_poly_frombytes_cleanroom/PFB_02M_T2_FINAL_MUTATION_RUN_20260729T050106Z/mutants/p1_first_byte_route/make.stderr.txt | mlk_poly_frombytes_cleanroom/PFB_02M_T2_FINAL_MUTATION_RUN_20260729T050106Z/mutants/p2_low_nibble_route/make.stderr.txt | mlk_poly_frombytes_cleanroom/PFB_02M_T2_FINAL_MUTATION_RUN_20260729T050106Z/mutants/p3_high_nibble_route/make.stderr.txt | mlk_poly_frombytes_cleanroom/PFB_02M_T2_FINAL_MUTATION_RUN_20260729T050106Z/mutants/p4_third_byte_route/make.stderr.txt | mlk_poly_frombytes_cleanroom/PFB_02M_T2_FINAL_MUTATION_RUN_20260729T050106Z/mutants/p5_cross_block_dependency/make.stderr.txt | mlk_poly_frombytes_cleanroom/PFB_03F_T3_FINAL_RUN_20260729T051133Z/baseline/make.stderr.txt | mlk_poly_frombytes_cleanroom/PFB_03F_T3_FINAL_RUN_20260729T051133Z/control/make.stderr.txt | mlk_poly_frombytes_cleanroom/PFB_03F_T3_FINAL_RUN_20260729T051133Z/mutants/p1_bijective_permutation/make.stderr.txt | mlk_poly_frombytes_cleanroom/PFB_03F_T3_FINAL_RUN_20260729T051133Z/mutants/p2_information_loss/make.stderr.txt | mlk_poly_frombytes_cleanroom/PFB_04F_T4_FINAL_RUN_20260729T052349Z/control/make.stderr.txt | mlk_poly_frombytes_cleanroom/PFB_04F_T4_FINAL_RUN_20260729T052349Z/p1_bytes_roundtrip/make.stderr.txt | mlk_poly_frombytes_cleanroom/PFB_04F_T4_FINAL_RUN_20260729T052349Z/p2_raw_poly_roundtrip/make.stderr.txt | mlk_poly_frombytes_cleanroom/PFB_04F_T4_FINAL_RUN_20260729T053316Z/control/make.stderr.txt | mlk_poly_frombytes_cleanroom/PFB_04F_T4_FINAL_RUN_20260729T053316Z/mutants/p1_even_decode_shift/make.stderr.txt | mlk_poly_frombytes_cleanroom/PFB_04F_T4_FINAL_RUN_20260729T053316Z/mutants/p2_odd_decode_shift/make.stderr.txt | mlk_poly_frombytes_cleanroom/PFB_04F_T4_FINAL_RUN_20260729T053316Z/p1_bytes_roundtrip/make.stderr.txt | mlk_poly_frombytes_cleanroom/PFB_04F_T4_FINAL_RUN_20260729T053316Z/p2_raw_poly_roundtrip/make.stderr.txt | mlk_poly_frombytes_cleanroom/PFB_T1_FINAL_FREEZE_af4c5abd_20260729T043912Z/input_evidence/PFB_01C/build/make.stderr.txt | mlk_poly_frombytes_cleanroom/PFB_T1_FINAL_FREEZE_af4c5abd_20260729T043912Z/input_evidence/PFB_01M/boundary/build/make.stderr.txt | mlk_poly_frombytes_cleanroom/PFB_T1_FINAL_FREEZE_af4c5abd_20260729T043912Z/input_evidence/PFB_01M/mutants/even/build/make.stderr.txt | mlk_poly_frombytes_cleanroom/PFB_T1_FINAL_FREEZE_af4c5abd_20260729T043912Z/input_evidence/PFB_01M/mutants/odd/build/make.stderr.txt | mlk_poly_frombytes_cleanroom/PFB_T2_FINAL_FREEZE_af4c5abd_20260729T050106Z/control/make.stderr.txt | mlk_poly_frombytes_cleanroom/PFB_T2_FINAL_FREEZE_af4c5abd_20260729T050106Z/mutants/p1_first_byte_route/make.stderr.txt | mlk_poly_frombytes_cleanroom/PFB_T2_FINAL_FREEZE_af4c5abd_20260729T050106Z/mutants/p2_low_nibble_route/make.stderr.txt | mlk_poly_frombytes_cleanroom/PFB_T2_FINAL_FREEZE_af4c5abd_20260729T050106Z/mutants/p3_high_nibble_route/make.stderr.txt | mlk_poly_frombytes_cleanroom/PFB_T2_FINAL_FREEZE_af4c5abd_20260729T050106Z/mutants/p4_third_byte_route/make.stderr.txt | mlk_poly_frombytes_cleanroom/PFB_T2_FINAL_FREEZE_af4c5abd_20260729T050106Z/mutants/p5_cross_block_dependency/make.stderr.txt | mlk_poly_frombytes_cleanroom/PFB_T3_FINAL_FREEZE_af4c5abd_20260729T051133Z/baseline/make.stderr.txt | mlk_poly_frombytes_cleanroom/PFB_T3_FINAL_FREEZE_af4c5abd_20260729T051133Z/control/make.stderr.txt | mlk_poly_frombytes_cleanroom/PFB_T3_FINAL_FREEZE_af4c5abd_20260729T051133Z/mutants/p1_bijective_permutation/make.stderr.txt | mlk_poly_frombytes_cleanroom/PFB_T3_FINAL_FREEZE_af4c5abd_20260729T051133Z/mutants/p2_information_loss/make.stderr.txt | mlk_poly_frombytes_cleanroom/PFB_T4_FINAL_FREEZE_af4c5abd_20260729T053316Z/control/make.stderr.txt | mlk_poly_frombytes_cleanroom/PFB_T4_FINAL_FREEZE_af4c5abd_20260729T053316Z/mutants/p1_even_decode_shift/make.stderr.txt | mlk_poly_frombytes_cleanroom/PFB_T4_FINAL_FREEZE_af4c5abd_20260729T053316Z/mutants/p2_odd_decode_shift/make.stderr.txt | mlk_poly_frombytes_cleanroom/PFB_T4_FINAL_FREEZE_af4c5abd_20260729T053316Z/p1_bytes_roundtrip/make.stderr.txt | mlk_poly_frombytes_cleanroom/PFB_T4_FINAL_FREEZE_af4c5abd_20260729T053316Z/p2_raw_poly_roundtrip/make.stderr.txt
18f2d2be7bece4de04c599584b20995d905de763a6d60dc95c1dccc28b030c73,4459,2,mlk_poly_frombytes_cleanroom/PFB_03F_T3_FINAL_RUN_20260729T051133Z/mutants/p1_bijective_permutation/make.stdout.txt | mlk_poly_frombytes_cleanroom/PFB_T3_FINAL_FREEZE_af4c5abd_20260729T051133Z/mutants/p1_bijective_permutation/make.stdout.txt
198cf495f52c2d9082aeddaea7eac6fae8de944baa0ff8f7aebeec4686e5982f,3052,2,mlk_poly_frombytes_cleanroom/PFB_01R_T1_EXACT_RAW_DECODING_RUN1_20260729T033348Z/artifacts/Makefile.before_repair | mlk_poly_frombytes_cleanroom/PFB_01_T1_BASELINE_RUN1/Makefile.used
1a6139a159ccd4877a3dc27fafb47ca78b83dbe12267040791bbbb7d3d321bf9,1913,2,mlk_poly_frombytes_cleanroom/PFB_CAMPAIGN_FINAL_SEAL_af4c5abd_20260729T054222Z/acceptance_reports/PFB_T4_FINAL_ACCEPTANCE_REPORT.txt | mlk_poly_frombytes_cleanroom/PFB_T4_FINAL_FREEZE_af4c5abd_20260729T053316Z/PFB_T4_FINAL_ACCEPTANCE_REPORT.txt
1b03bad6e3e1c9c059c407a35a36ecf89846d6a0c9d491c9c1598e61bf2ae181,3903,2,mlk_poly_frombytes_cleanroom/PFB_04F_T4_FINAL_RUN_20260729T053316Z/control/make.stdout.txt | mlk_poly_frombytes_cleanroom/PFB_T4_FINAL_FREEZE_af4c5abd_20260729T053316Z/control/make.stdout.txt
1bfc6e79e9f95b6276375251134d166fbc1fa422472fa5c431fd451667f850b4,159,3,mlk_poly_frombytes_cleanroom/PFB_04F_T4_FINAL_RUN_20260729T052349Z/p2_raw_poly_roundtrip/all_properties.summary.txt | mlk_poly_frombytes_cleanroom/PFB_04F_T4_FINAL_RUN_20260729T053316Z/p2_raw_poly_roundtrip/all_properties.summary.txt | mlk_poly_frombytes_cleanroom/PFB_T4_FINAL_FREEZE_af4c5abd_20260729T053316Z/p2_raw_poly_roundtrip/all_properties.summary.txt
1c33f7d6432e839460ecc40aa9ae5e050ae7afc7d6127a04f52d73a7e8307dcc,2138,5,mlk_poly_frombytes_cleanroom/PFB_01M_T1_BOUNDARY_MUTATION_RUN_20260729T043912Z/baseline_replay/result.xml | mlk_poly_frombytes_cleanroom/PFB_01S_T1_SAT_SEMANTIC_RUN1_20260729T034940Z/results/theorem_only.xml | mlk_poly_frombytes_cleanroom/PFB_01S_T1_SAT_SEMANTIC_RUN2_20260729T040920Z/results/theorem_only.xml | mlk_poly_frombytes_cleanroom/PFB_T1_FINAL_FREEZE_af4c5abd_20260729T043912Z/input_evidence/PFB_01M/baseline_replay/result.xml | mlk_poly_frombytes_cleanroom/PFB_T1_FINAL_FREEZE_af4c5abd_20260729T043912Z/input_evidence/PFB_01S/results/theorem_only.xml
1cdd602a60b5190f6a2048feb8f2c2d72f76e36af078da5ba1d54cb14932210d,5922397,2,mlk_poly_frombytes_cleanroom/PFB_04F_T4_FINAL_RUN_20260729T053316Z/mutants/p1_even_decode_shift/result.xml | mlk_poly_frombytes_cleanroom/PFB_T4_FINAL_FREEZE_af4c5abd_20260729T053316Z/mutants/p1_even_decode_shift/result.xml
1d2f796ca887b6c48e037da8f0bbd04a19e3a280fd24ab240cb6855d83c4d3e3,19572,2,mlk_poly_frombytes_cleanroom/PFB_01C_T1_CONTROL_SUITE_20260729T042046Z/binding/control_goto_functions.txt | mlk_poly_frombytes_cleanroom/PFB_T1_FINAL_FREEZE_af4c5abd_20260729T043912Z/input_evidence/PFB_01C/binding/control_goto_functions.txt
1d71ca244e5055ad59eb72364fb32656a4e7d67b3aa2ba305c0418e8e783c7c9,43931,1,mlk_poly_frombytes_cleanroom/PFB_04F_T4_FINAL_RUN_20260729T052349Z/p1_bytes_roundtrip/all_properties.xml
1e6a29725ad988836f32414545da99735aecb38d262b3f56790d3a8e10b15553,588,2,mlk_poly_frombytes_cleanroom/PFB_03F_T3_FINAL_RUN_20260729T051133Z/mutants/p1_bijective_permutation/source.diff | mlk_poly_frombytes_cleanroom/PFB_T3_FINAL_FREEZE_af4c5abd_20260729T051133Z/mutants/p1_bijective_permutation/source.diff
2185c1b76fab99a68387b341c3f1819ddca2e2b56607e051eb0410c062f173fc,370,2,mlk_poly_frombytes_cleanroom/PFB_01M_T1_BOUNDARY_MUTATION_RUN_20260729T043912Z/integrity/PFB_00C_sha256_check.txt | mlk_poly_frombytes_cleanroom/PFB_T1_FINAL_FREEZE_af4c5abd_20260729T043912Z/input_evidence/PFB_01M/integrity/PFB_00C_sha256_check.txt
22680f3af94c5606cc197f2a2a91eb6498f0bd98c2e2cd4ec59fb9c266e8769c,3733,2,mlk_poly_frombytes_cleanroom/PFB_01M_T1_BOUNDARY_MUTATION_RUN_20260729T043912Z/mutants/odd/build/make.stdout.txt | mlk_poly_frombytes_cleanroom/PFB_T1_FINAL_FREEZE_af4c5abd_20260729T043912Z/input_evidence/PFB_01M/mutants/odd/build/make.stdout.txt
24fe910536adc078dcdab561f02e14690c01b15555a5a725d73edb5c29473f42,3065,2,mlk_poly_frombytes_cleanroom/PFB_03F_T3_FINAL_RUN_20260729T051133Z/baseline/Makefile | mlk_poly_frombytes_cleanroom/PFB_T3_FINAL_FREEZE_af4c5abd_20260729T051133Z/baseline/Makefile
252e630e560cd90376aa38ef29ec6a12ac4250c52c08fe0c078454b3ed8913b0,88,22,mlk_poly_frombytes_cleanroom/PFB_01M_T1_BOUNDARY_MUTATION_RUN_20260729T043912Z/mutants/even/worktree_add.stdout.txt | mlk_poly_frombytes_cleanroom/PFB_01M_T1_BOUNDARY_MUTATION_RUN_20260729T043912Z/mutants/odd/worktree_add.stdout.txt | mlk_poly_frombytes_cleanroom/PFB_02M_T2_FINAL_MUTATION_RUN_20260729T050106Z/mutants/p1_first_byte_route/worktree_add.stdout.txt | mlk_poly_frombytes_cleanroom/PFB_02M_T2_FINAL_MUTATION_RUN_20260729T050106Z/mutants/p2_low_nibble_route/worktree_add.stdout.txt | mlk_poly_frombytes_cleanroom/PFB_02M_T2_FINAL_MUTATION_RUN_20260729T050106Z/mutants/p3_high_nibble_route/worktree_add.stdout.txt | mlk_poly_frombytes_cleanroom/PFB_02M_T2_FINAL_MUTATION_RUN_20260729T050106Z/mutants/p4_third_byte_route/worktree_add.stdout.txt | mlk_poly_frombytes_cleanroom/PFB_02M_T2_FINAL_MUTATION_RUN_20260729T050106Z/mutants/p5_cross_block_dependency/worktree_add.stdout.txt | mlk_poly_frombytes_cleanroom/PFB_03F_T3_FINAL_RUN_20260729T051133Z/mutants/p1_bijective_permutation/worktree_add.stdout.txt | mlk_poly_frombytes_cleanroom/PFB_03F_T3_FINAL_RUN_20260729T051133Z/mutants/p2_information_loss/worktree_add.stdout.txt | mlk_poly_frombytes_cleanroom/PFB_04F_T4_FINAL_RUN_20260729T053316Z/mutants/p1_even_decode_shift/worktree_add.stdout.txt | mlk_poly_frombytes_cleanroom/PFB_04F_T4_FINAL_RUN_20260729T053316Z/mutants/p2_odd_decode_shift/worktree_add.stdout.txt | mlk_poly_frombytes_cleanroom/PFB_T1_FINAL_FREEZE_af4c5abd_20260729T043912Z/input_evidence/PFB_01M/mutants/even/worktree_add.stdout.txt | mlk_poly_frombytes_cleanroom/PFB_T1_FINAL_FREEZE_af4c5abd_20260729T043912Z/input_evidence/PFB_01M/mutants/odd/worktree_add.stdout.txt | mlk_poly_frombytes_cleanroom/PFB_T2_FINAL_FREEZE_af4c5abd_20260729T050106Z/mutants/p1_first_byte_route/worktree_add.stdout.txt | mlk_poly_frombytes_cleanroom/PFB_T2_FINAL_FREEZE_af4c5abd_20260729T050106Z/mutants/p2_low_nibble_route/worktree_add.stdout.txt | mlk_poly_frombytes_cleanroom/PFB_T2_FINAL_FREEZE_af4c5abd_20260729T050106Z/mutants/p3_high_nibble_route/worktree_add.stdout.txt | mlk_poly_frombytes_cleanroom/PFB_T2_FINAL_FREEZE_af4c5abd_20260729T050106Z/mutants/p4_third_byte_route/worktree_add.stdout.txt | mlk_poly_frombytes_cleanroom/PFB_T2_FINAL_FREEZE_af4c5abd_20260729T050106Z/mutants/p5_cross_block_dependency/worktree_add.stdout.txt | mlk_poly_frombytes_cleanroom/PFB_T3_FINAL_FREEZE_af4c5abd_20260729T051133Z/mutants/p1_bijective_permutation/worktree_add.stdout.txt | mlk_poly_frombytes_cleanroom/PFB_T3_FINAL_FREEZE_af4c5abd_20260729T051133Z/mutants/p2_information_loss/worktree_add.stdout.txt | mlk_poly_frombytes_cleanroom/PFB_T4_FINAL_FREEZE_af4c5abd_20260729T053316Z/mutants/p1_even_decode_shift/worktree_add.stdout.txt | mlk_poly_frombytes_cleanroom/PFB_T4_FINAL_FREEZE_af4c5abd_20260729T053316Z/mutants/p2_odd_decode_shift/worktree_add.stdout.txt
27ef880ecf3673c04685ddab36eeaeeb5c013907c344710f8a29bf3e8b97bc8a,177,2,mlk_poly_frombytes_cleanroom/PFB_03F_T3_FINAL_RUN_20260729T051133Z/baseline/all_properties.summary.txt | mlk_poly_frombytes_cleanroom/PFB_T3_FINAL_FREEZE_af4c5abd_20260729T051133Z/baseline/all_properties.summary.txt
28350bb5542738985ce7da0248f4efae6a5242e659f0424fdf78d3094aaab3b1,17769,1,mlk_poly_frombytes_cleanroom/PFB_04F_T4_FINAL_RUN_20260729T053316Z/binding/p2_raw_poly_roundtrip.goto_functions.txt
28b9bbb01f34e44792cd4c8fd9c815bea6fa4fbfcb79b77f360f39d7aac7509d,29227,1,mlk_poly_frombytes_cleanroom/PFB_02A_T2_SEMANTIC_BASELINE_20260729T044653Z/binding/bit_routes.show_properties.txt
297abb80783d92c3c03f93215aa7df2f08fad6e898fc0f6e45777d7badd53e42,399,2,mlk_poly_frombytes_cleanroom/PFB_01S_T1_SAT_SEMANTIC_RUN2_20260729T040920Z/results/all_properties.summary.txt | mlk_poly_frombytes_cleanroom/PFB_T1_FINAL_FREEZE_af4c5abd_20260729T043912Z/input_evidence/PFB_01S/results/all_properties.summary.txt
29a2ef4faf949dff71c428f9e47a888eee76b19e60ce9b7afb7395419c728e7f,3077,1,mlk_poly_frombytes_cleanroom/PFB_04F_T4_FINAL_RUN_20260729T052349Z/p2_raw_poly_roundtrip/Makefile
2b16c694adc483194464aa5f1d17803308bc0a1870f7f3418ae12b5f87edebb5,1610,3,mlk_poly_frombytes_cleanroom/PFB_04F_T4_FINAL_RUN_20260729T052349Z/p2_raw_poly_roundtrip/pfb_t4_raw_poly_roundtrip_20260729T052349Z_harness.c | mlk_poly_frombytes_cleanroom/PFB_04F_T4_FINAL_RUN_20260729T053316Z/p2_raw_poly_roundtrip/pfb_t4_raw_poly_roundtrip_20260729T053316Z_harness.c | mlk_poly_frombytes_cleanroom/PFB_T4_FINAL_FREEZE_af4c5abd_20260729T053316Z/p2_raw_poly_roundtrip/pfb_t4_raw_poly_roundtrip_20260729T053316Z_harness.c
2bae2a482905f9cc4426a772d28cdaf46bbc2b3df4ebf3f27780429d6fd2ba99,3973,2,mlk_poly_frombytes_cleanroom/PFB_04F_T4_FINAL_RUN_20260729T053316Z/p1_bytes_roundtrip/make.stdout.txt | mlk_poly_frombytes_cleanroom/PFB_T4_FINAL_FREEZE_af4c5abd_20260729T053316Z/p1_bytes_roundtrip/make.stdout.txt
2e7f0fc8908ec0210ca23f42b3152015cdb50e012c74afd21f3016d8f17be836,58171,2,mlk_poly_frombytes_cleanroom/PFB_04F_T4_FINAL_RUN_20260729T053316Z/control/result.xml | mlk_poly_frombytes_cleanroom/PFB_T4_FINAL_FREEZE_af4c5abd_20260729T053316Z/control/result.xml
300754e136ef3c791728a46c8b58b2b049dc2c0400c195b6012a98007a0a6191,1435,1,mlk_poly_frombytes_cleanroom/PFB_CAMPAIGN_FINAL_SEAL_af4c5abd_20260729T054222Z/PFB_CAMPAIGN_FINAL_REPORT.md
3162e35e6fb82f1e9ede226b283aad433c0f9c0a2b723f5510cf4fc7c41522f6,2242,2,mlk_poly_frombytes_cleanroom/PFB_03F_T3_FINAL_RUN_20260729T051133Z/baseline/theorem_only.xml | mlk_poly_frombytes_cleanroom/PFB_T3_FINAL_FREEZE_af4c5abd_20260729T051133Z/baseline/theorem_only.xml
3387232ff1305c624cf7173bde39719111658558a181ca74c718bdf903046c0e,4015,1,mlk_poly_frombytes_cleanroom/PFB_04F_T4_FINAL_RUN_20260729T052349Z/p2_raw_poly_roundtrip/make.stdout.txt
377735e6756a788a7e7ea234981293c4207b1966601ba1010c8941b56cb4c9de,173,2,mlk_poly_frombytes_cleanroom/PFB_03F_T3_FINAL_RUN_20260729T051133Z/baseline/theorem_only.summary.txt | mlk_poly_frombytes_cleanroom/PFB_T3_FINAL_FREEZE_af4c5abd_20260729T051133Z/baseline/theorem_only.summary.txt
38267d1342fb4eee9d4611227089f316f617e9382850ca14e8be29713f143429,737,1,mlk_poly_frombytes_cleanroom/PFB_CAMPAIGN_FINAL_SEAL_af4c5abd_20260729T054222Z/PFB_CAMPAIGN_FINAL_STATUS.txt
38338849cd96c3fcbf4e2a3de501fcb6ee4179307c9650c368c3a2b9d96ee8f7,29576,1,mlk_poly_frombytes_cleanroom/PFB_04F_T4_FINAL_RUN_20260729T052349Z/control/goto_functions.txt
3a307da40681b0532621ebdfa8b7b93b898562816833954d1fdc90028b4dfa77,22786,1,mlk_poly_frombytes_cleanroom/PFB_02A_T2_SEMANTIC_BASELINE_20260729T044653Z/binding/block_locality.show_properties.txt
3bc4d7e9479c8af15ea176e3a60d32fb4e49eb7f1e0e7e94082492b245ad2f07,880,1,mlk_poly_frombytes_cleanroom/PFB_01R_T1_EXACT_RAW_DECODING_RUN1_20260729T033348Z/build/make.stderr.txt
3e09329402c8919c5cf66ebec7ccc743f1f0b2dcbd9570fc58ff89e7c9f2639a,517,2,mlk_poly_frombytes_cleanroom/PFB_01C_T1_CONTROL_SUITE_20260729T042046Z/results/control_summary.txt | mlk_poly_frombytes_cleanroom/PFB_T1_FINAL_FREEZE_af4c5abd_20260729T043912Z/input_evidence/PFB_01C/results/control_summary.txt
3e446c7eb37645fc9125928e2750ba70c5ac64b3ab13ffcf8df2066094dd589a,30141,1,mlk_poly_frombytes_cleanroom/PFB_03F_T3_FINAL_RUN_20260729T051133Z/binding/theorem.show_properties.txt
3f2dfbfeef1c7472d5ced1e0aa4ef86339135218e9641dea0fb80646dfa62c07,491,3,mlk_poly_frombytes_cleanroom/PFB_01M_T1_BOUNDARY_MUTATION_RUN_20260729T043912Z/mutants/odd/command.txt | mlk_poly_frombytes_cleanroom/PFB_T1_FINAL_FREEZE_af4c5abd_20260729T043912Z/input_evidence/PFB_01M/mutants/odd/command.txt | mlk_poly_frombytes_cleanroom/PFB_T1_FINAL_FREEZE_af4c5abd_20260729T043912Z/mutation_evidence/odd_command.txt
3f9ec148606c20bfe127952cb08df167c443cf353a7d716ad67972d8f3ec076d,76585,1,mlk_poly_frombytes_cleanroom/PFB_T4_FINAL_FREEZE_af4c5abd_20260729T053316Z/p1_bytes_roundtrip/pfb_t4_bytes_roundtrip_20260729T053316Z_harness.goto
41e39bfbaca894da9c1b5c637bf31180002d211ca31bca4f3e4cf636042ef70a,1865,1,mlk_poly_frombytes_cleanroom/PFB_04F_T4_FINAL_RUN_20260729T052349Z/p2_raw_poly_roundtrip/theorem.xml
428e2cee37ad4e62602083b6831cbf57779bbfa2caf89f57b61ac57303b94dec,3975,2,mlk_poly_frombytes_cleanroom/PFB_02M_T2_FINAL_MUTATION_RUN_20260729T050106Z/mutants/p4_third_byte_route/make.stdout.txt | mlk_poly_frombytes_cleanroom/PFB_T2_FINAL_FREEZE_af4c5abd_20260729T050106Z/mutants/p4_third_byte_route/make.stdout.txt
43625612991c2c448ab2a946ac716a7018eb9f5eca519a4b63efc79ca18c6d10,497,3,mlk_poly_frombytes_cleanroom/PFB_01S_T1_SAT_SEMANTIC_RUN1_20260729T034940Z/results/theorem_only.command.txt | mlk_poly_frombytes_cleanroom/PFB_01S_T1_SAT_SEMANTIC_RUN2_20260729T040920Z/results/theorem_only.command.txt | mlk_poly_frombytes_cleanroom/PFB_T1_FINAL_FREEZE_af4c5abd_20260729T043912Z/input_evidence/PFB_01S/results/theorem_only.command.txt
441f2d1956c529b35b5ba8036b611c3e1d92e46644fdb403b3bc71d80513b194,159,3,mlk_poly_frombytes_cleanroom/PFB_04F_T4_FINAL_RUN_20260729T052349Z/p1_bytes_roundtrip/all_properties.summary.txt | mlk_poly_frombytes_cleanroom/PFB_04F_T4_FINAL_RUN_20260729T053316Z/p1_bytes_roundtrip/all_properties.summary.txt | mlk_poly_frombytes_cleanroom/PFB_T4_FINAL_FREEZE_af4c5abd_20260729T053316Z/p1_bytes_roundtrip/all_properties.summary.txt
442ecc6a060c69750ee60cb327f3c4736348bd89838fa5c498304bf9fff76c34,288621,3,mlk_poly_frombytes_cleanroom/PFB_00C_THEOREM_FREEZE_af4c5abd.BROKEN_20260729T030534Z/input_evidence/PFB_00B2_PRECISION_PRIOR_OVERLAP_AUDIT.txt | mlk_poly_frombytes_cleanroom/PFB_00C_THEOREM_FREEZE_af4c5abd/input_evidence/PFB_00B2_PRECISION_PRIOR_OVERLAP_AUDIT.txt | mlk_poly_frombytes_cleanroom/PFB_T1_FINAL_FREEZE_af4c5abd_20260729T043912Z/input_evidence/PFB_00C/input_evidence/PFB_00B2_PRECISION_PRIOR_OVERLAP_AUDIT.txt
443f74075fe559e5e017a83d63d38f14b65b33029fa54147fc704db80214fac9,121,1,mlk_poly_frombytes_cleanroom/PFB_04F_T4_FINAL_RUN_20260729T052349Z/control/FAILED_PROPERTY_DIAGNOSIS.txt
4869de789d846175d643bb902e6f542ebd18717771cfef92835a29b11cea88e1,3931,2,mlk_poly_frombytes_cleanroom/PFB_03F_T3_FINAL_RUN_20260729T051133Z/baseline/make.stdout.txt | mlk_poly_frombytes_cleanroom/PFB_T3_FINAL_FREEZE_af4c5abd_20260729T051133Z/baseline/make.stdout.txt
492fee156a81c7c0a42fea46babdc1edc355ce9cbbc31096ac3c674e5f0af095,8093,2,mlk_poly_frombytes_cleanroom/PFB_CAMPAIGN_FINAL_SEAL_af4c5abd_20260729T054222Z/manifests/PFB_T2_SHA256SUMS.txt | mlk_poly_frombytes_cleanroom/PFB_T2_FINAL_FREEZE_af4c5abd_20260729T050106Z/SHA256SUMS.txt
499f8786078cc56475be7b5a6c35d990d3a1ec6e96a68015fdff85fc5a0b040c,549,4,mlk_poly_frombytes_cleanroom/PFB_01C_T1_CONTROL_SUITE_20260729T042046Z/baseline_seal/sha256_check.txt | mlk_poly_frombytes_cleanroom/PFB_01M_T1_BOUNDARY_MUTATION_RUN_20260729T043912Z/integrity/PFB_01S_sha256_check.txt | mlk_poly_frombytes_cleanroom/PFB_T1_FINAL_FREEZE_af4c5abd_20260729T043912Z/input_evidence/PFB_01C/baseline_seal/sha256_check.txt | mlk_poly_frombytes_cleanroom/PFB_T1_FINAL_FREEZE_af4c5abd_20260729T043912Z/input_evidence/PFB_01M/integrity/PFB_01S_sha256_check.txt
49b367e8aa28c4208d8d43a0012a7f08da517335234aca97c2a28f183f92c549,209,2,mlk_poly_frombytes_cleanroom/PFB_02M_T2_FINAL_MUTATION_RUN_20260729T050106Z/mutants/p1_first_byte_route/summary.txt | mlk_poly_frombytes_cleanroom/PFB_T2_FINAL_FREEZE_af4c5abd_20260729T050106Z/mutants/p1_first_byte_route/summary.txt
4b55428b5ddf2c282a344f19d20eb1d61e27de797e2fb57ae49cf01a09db0ea7,4339,2,mlk_poly_frombytes_cleanroom/PFB_03F_T3_FINAL_RUN_20260729T051133Z/mutants/p2_information_loss/make.stdout.txt | mlk_poly_frombytes_cleanroom/PFB_T3_FINAL_FREEZE_af4c5abd_20260729T051133Z/mutants/p2_information_loss/make.stdout.txt
4b8e12604974108c203e1891365d0d41be39e1dd3df3fe4500eac850a3b1eeef,522,2,mlk_poly_frombytes_cleanroom/PFB_02M_T2_FINAL_MUTATION_RUN_20260729T050106Z/mutants/p4_third_byte_route/source.diff | mlk_poly_frombytes_cleanroom/PFB_T2_FINAL_FREEZE_af4c5abd_20260729T050106Z/mutants/p4_third_byte_route/source.diff
4e4cfcb4993087ea953c53c01f464cdb12af1015877965dfeefd21664bb0400e,20701,2,mlk_poly_frombytes_cleanroom/PFB_02M_T2_FINAL_MUTATION_RUN_20260729T050106Z/control/goto_functions.txt | mlk_poly_frombytes_cleanroom/PFB_T2_FINAL_FREEZE_af4c5abd_20260729T050106Z/control/goto_functions.txt
4f03797cf539ef8cb7caef279db9743201b1e377c3bd48d28e39c9cf704bf868,59380,2,mlk_poly_frombytes_cleanroom/PFB_03F_T3_FINAL_RUN_20260729T051133Z/baseline/all_properties.xml | mlk_poly_frombytes_cleanroom/PFB_T3_FINAL_FREEZE_af4c5abd_20260729T051133Z/baseline/all_properties.xml
50f182de1073cb0f9836afe7d83c3ead089dff2d229863f083521da022d7da0b,76651,1,mlk_poly_frombytes_cleanroom/PFB_T1_FINAL_FREEZE_af4c5abd_20260729T043912Z/boundary_artifacts/pfb_t1_boundaries_harness.goto
51924a80ac40cb91cda52db3df40ede6b05082c7f5d55eeca08720e9bee14eb9,3985,2,mlk_poly_frombytes_cleanroom/PFB_02M_T2_FINAL_MUTATION_RUN_20260729T050106Z/mutants/p3_high_nibble_route/make.stdout.txt | mlk_poly_frombytes_cleanroom/PFB_T2_FINAL_FREEZE_af4c5abd_20260729T050106Z/mutants/p3_high_nibble_route/make.stdout.txt
5257861da439a15b2dc2616c6b77d0887eeb98d103ade256a833912822789310,16611558,2,mlk_poly_frombytes_cleanroom/PFB_02M_T2_FINAL_MUTATION_RUN_20260729T050106Z/mutants/p3_high_nibble_route/result.xml | mlk_poly_frombytes_cleanroom/PFB_T2_FINAL_FREEZE_af4c5abd_20260729T050106Z/mutants/p3_high_nibble_route/result.xml
52c8a9b74ed60073766822d0ace381d6bf0b61c0e0da596e488e86122d982ad0,3027,2,mlk_poly_frombytes_cleanroom/PFB_02A_T2_SEMANTIC_BASELINE_20260729T044653Z/artifacts/Makefile.pfb_t2_bit_routes | mlk_poly_frombytes_cleanroom/PFB_T2_FINAL_FREEZE_af4c5abd_20260729T050106Z/baseline_artifacts/Makefile.pfb_t2_bit_routes
53904a93bbe2b862a53539d9875932f8ba1f219a558562f936e0621998382137,10328,2,mlk_poly_frombytes_cleanroom/PFB_CAMPAIGN_FINAL_SEAL_af4c5abd_20260729T054222Z/manifests/PFB_T1_SHA256SUMS.txt | mlk_poly_frombytes_cleanroom/PFB_T1_FINAL_FREEZE_af4c5abd_20260729T043912Z/SHA256SUMS.txt
53ec68c32f4bb89f8406d45471867b12090739c3cd1884b96975d7b6a30bf680,1642,3,mlk_poly_frombytes_cleanroom/PFB_CAMPAIGN_FINAL_SEAL_af4c5abd_20260729T054222Z/acceptance_reports/PFB_T3_FINAL_ACCEPTANCE_REPORT.txt | mlk_poly_frombytes_cleanroom/PFB_T3_FINAL_FREEZE_af4c5abd_20260729T051133Z/PFB_T3_FINAL_ACCEPTANCE_REPORT.txt | mlk_poly_frombytes_cleanroom/PFB_T4_FINAL_FREEZE_af4c5abd_20260729T053316Z/prior_evidence/PFB_T3_FINAL_ACCEPTANCE_REPORT.txt
55a312848e2c699f3b8c9413126b4b5e562e36ce2841de48af28d449f16e1179,3975,2,mlk_poly_frombytes_cleanroom/PFB_02M_T2_FINAL_MUTATION_RUN_20260729T050106Z/mutants/p1_first_byte_route/make.stdout.txt | mlk_poly_frombytes_cleanroom/PFB_T2_FINAL_FREEZE_af4c5abd_20260729T050106Z/mutants/p1_first_byte_route/make.stdout.txt
5634b070cb4ee45b100a5d1a2a886e32ee55a47ee3b0b3aa65fef0e3c372a6fc,3903,2,mlk_poly_frombytes_cleanroom/PFB_03F_T3_FINAL_RUN_20260729T051133Z/control/make.stdout.txt | mlk_poly_frombytes_cleanroom/PFB_T3_FINAL_FREEZE_af4c5abd_20260729T051133Z/control/make.stdout.txt
57cd095ac9fc61583d426ecd5679be66ab45999630c8c8e177d3bae4c7fdea38,1479,2,mlk_poly_frombytes_cleanroom/PFB_01S_T1_SAT_SEMANTIC_RUN2_20260729T040920Z/SHA256SUMS.txt | mlk_poly_frombytes_cleanroom/PFB_T1_FINAL_FREEZE_af4c5abd_20260729T043912Z/input_evidence/PFB_01S/SHA256SUMS.txt
5866529dfd01315886e0066646638efc70d9ede920ecd7df9c0a97c10e047114,1451009,1,mlk_poly_frombytes_cleanroom/PFB_T1_FINAL_FREEZE_af4c5abd_20260729T043912Z.tar.gz
5893003d9981a3a3bcb651b935a65c1faa151ae1bd873f5f95b71f28a45629fb,522,5,mlk_poly_frombytes_cleanroom/PFB_01M_T1_BOUNDARY_MUTATION_RUN_20260729T043912Z/mutants/odd/compress_mutation.diff | mlk_poly_frombytes_cleanroom/PFB_04F_T4_FINAL_RUN_20260729T053316Z/mutants/p2_odd_decode_shift/source.diff | mlk_poly_frombytes_cleanroom/PFB_T1_FINAL_FREEZE_af4c5abd_20260729T043912Z/input_evidence/PFB_01M/mutants/odd/compress_mutation.diff | mlk_poly_frombytes_cleanroom/PFB_T1_FINAL_FREEZE_af4c5abd_20260729T043912Z/mutation_evidence/odd_mutation.diff | mlk_poly_frombytes_cleanroom/PFB_T4_FINAL_FREEZE_af4c5abd_20260729T053316Z/mutants/p2_odd_decode_shift/source.diff
5b4f49b1db2a3313f4c14948c086c2c84c88e339490455f85cd5f587060f8f36,1392,3,mlk_poly_frombytes_cleanroom/PFB_04F_T4_FINAL_RUN_20260729T052349Z/p1_bytes_roundtrip/pfb_t4_bytes_roundtrip_20260729T052349Z_harness.c | mlk_poly_frombytes_cleanroom/PFB_04F_T4_FINAL_RUN_20260729T053316Z/p1_bytes_roundtrip/pfb_t4_bytes_roundtrip_20260729T053316Z_harness.c | mlk_poly_frombytes_cleanroom/PFB_T4_FINAL_FREEZE_af4c5abd_20260729T053316Z/p1_bytes_roundtrip/pfb_t4_bytes_roundtrip_20260729T053316Z_harness.c
5b58b90f73e42d1ce3fea7ba88188d243b2e2cddae60f050658eb621ce2224bb,6783773,2,mlk_poly_frombytes_cleanroom/PFB_04F_T4_FINAL_RUN_20260729T053316Z/mutants/p2_odd_decode_shift/result.xml | mlk_poly_frombytes_cleanroom/PFB_T4_FINAL_FREEZE_af4c5abd_20260729T053316Z/mutants/p2_odd_decode_shift/result.xml
5fdb7b08cd9a3001deabfb08dc345c6e1d4ff3fa13085947f940b5303c17e733,18991,1,mlk_poly_frombytes_cleanroom/PFB_03F_T3_FINAL_RUN_20260729T051133Z/binding/theorem.goto_functions.txt
650fe26badc525c80ceb772278fa0efcdcf14f3a6fa3aec301f3953eb7afccfe,285,2,mlk_poly_frombytes_cleanroom/PFB_03F_T3_FINAL_RUN_20260729T051133Z/control/summary.txt | mlk_poly_frombytes_cleanroom/PFB_T3_FINAL_FREEZE_af4c5abd_20260729T051133Z/control/summary.txt
675d689b88d81888d7d7a13dd3294d23a5d05d8086714100a70fa63aed7f32dc,1760,1,mlk_poly_frombytes_cleanroom/PFB_02A_T2_SEMANTIC_BASELINE_20260729T044653Z/results/block_locality_theorem.xml
6c7e4cb1e474f66edf7dcf01d714e8326c6c6d9926182479831095cfb25ba58b,44,22,mlk_poly_frombytes_cleanroom/PFB_01M_T1_BOUNDARY_MUTATION_RUN_20260729T043912Z/mutants/even/worktree_add.stderr.txt | mlk_poly_frombytes_cleanroom/PFB_01M_T1_BOUNDARY_MUTATION_RUN_20260729T043912Z/mutants/odd/worktree_add.stderr.txt | mlk_poly_frombytes_cleanroom/PFB_02M_T2_FINAL_MUTATION_RUN_20260729T050106Z/mutants/p1_first_byte_route/worktree_add.stderr.txt | mlk_poly_frombytes_cleanroom/PFB_02M_T2_FINAL_MUTATION_RUN_20260729T050106Z/mutants/p2_low_nibble_route/worktree_add.stderr.txt | mlk_poly_frombytes_cleanroom/PFB_02M_T2_FINAL_MUTATION_RUN_20260729T050106Z/mutants/p3_high_nibble_route/worktree_add.stderr.txt | mlk_poly_frombytes_cleanroom/PFB_02M_T2_FINAL_MUTATION_RUN_20260729T050106Z/mutants/p4_third_byte_route/worktree_add.stderr.txt | mlk_poly_frombytes_cleanroom/PFB_02M_T2_FINAL_MUTATION_RUN_20260729T050106Z/mutants/p5_cross_block_dependency/worktree_add.stderr.txt | mlk_poly_frombytes_cleanroom/PFB_03F_T3_FINAL_RUN_20260729T051133Z/mutants/p1_bijective_permutation/worktree_add.stderr.txt | mlk_poly_frombytes_cleanroom/PFB_03F_T3_FINAL_RUN_20260729T051133Z/mutants/p2_information_loss/worktree_add.stderr.txt | mlk_poly_frombytes_cleanroom/PFB_04F_T4_FINAL_RUN_20260729T053316Z/mutants/p1_even_decode_shift/worktree_add.stderr.txt | mlk_poly_frombytes_cleanroom/PFB_04F_T4_FINAL_RUN_20260729T053316Z/mutants/p2_odd_decode_shift/worktree_add.stderr.txt | mlk_poly_frombytes_cleanroom/PFB_T1_FINAL_FREEZE_af4c5abd_20260729T043912Z/input_evidence/PFB_01M/mutants/even/worktree_add.stderr.txt | mlk_poly_frombytes_cleanroom/PFB_T1_FINAL_FREEZE_af4c5abd_20260729T043912Z/input_evidence/PFB_01M/mutants/odd/worktree_add.stderr.txt | mlk_poly_frombytes_cleanroom/PFB_T2_FINAL_FREEZE_af4c5abd_20260729T050106Z/mutants/p1_first_byte_route/worktree_add.stderr.txt | mlk_poly_frombytes_cleanroom/PFB_T2_FINAL_FREEZE_af4c5abd_20260729T050106Z/mutants/p2_low_nibble_route/worktree_add.stderr.txt | mlk_poly_frombytes_cleanroom/PFB_T2_FINAL_FREEZE_af4c5abd_20260729T050106Z/mutants/p3_high_nibble_route/worktree_add.stderr.txt | mlk_poly_frombytes_cleanroom/PFB_T2_FINAL_FREEZE_af4c5abd_20260729T050106Z/mutants/p4_third_byte_route/worktree_add.stderr.txt | mlk_poly_frombytes_cleanroom/PFB_T2_FINAL_FREEZE_af4c5abd_20260729T050106Z/mutants/p5_cross_block_dependency/worktree_add.stderr.txt | mlk_poly_frombytes_cleanroom/PFB_T3_FINAL_FREEZE_af4c5abd_20260729T051133Z/mutants/p1_bijective_permutation/worktree_add.stderr.txt | mlk_poly_frombytes_cleanroom/PFB_T3_FINAL_FREEZE_af4c5abd_20260729T051133Z/mutants/p2_information_loss/worktree_add.stderr.txt | mlk_poly_frombytes_cleanroom/PFB_T4_FINAL_FREEZE_af4c5abd_20260729T053316Z/mutants/p1_even_decode_shift/worktree_add.stderr.txt | mlk_poly_frombytes_cleanroom/PFB_T4_FINAL_FREEZE_af4c5abd_20260729T053316Z/mutants/p2_odd_decode_shift/worktree_add.stderr.txt
6d013b5e2e878a1eaf7aad166a6fff146c6e64d1eb73cd97894926488e858b72,15130,1,mlk_poly_frombytes_cleanroom/PFB_CAMPAIGN_FINAL_SEAL_af4c5abd_20260729T054222Z.tar.gz
6d3fbf4ec06bd394016a0e9678713c6abd3591e9c8a4c300da0d879f7844ab99,8813793,2,mlk_poly_frombytes_cleanroom/PFB_02M_T2_FINAL_MUTATION_RUN_20260729T050106Z/mutants/p1_first_byte_route/result.xml | mlk_poly_frombytes_cleanroom/PFB_T2_FINAL_FREEZE_af4c5abd_20260729T050106Z/mutants/p1_first_byte_route/result.xml
6f647a06f5e50206f5da21d14ba27f16f8d55d806d92bc1922e394d83a78d3c8,281452,1,mlk_poly_frombytes_cleanroom/PFB_T4_FINAL_FREEZE_af4c5abd_20260729T053316Z.tar.gz
7126668531754874121c8b76f691fbc1216e28d95d69c549118e1cc0d6ebbe5b,40326,2,mlk_poly_frombytes_cleanroom/PFB_02M_T2_FINAL_MUTATION_RUN_20260729T050106Z/control/result.xml | mlk_poly_frombytes_cleanroom/PFB_T2_FINAL_FREEZE_af4c5abd_20260729T050106Z/control/result.xml
71e71417d1641a2e04f332195600c9ba5d163bebb7bc932f0093f3e6c8642a46,462,1,mlk_poly_frombytes_cleanroom/PFB_02A_T2_SEMANTIC_BASELINE_20260729T044653Z/results/block_locality_theorem.command.txt
7299f5cd5e06cf9c7531080f9ebd21aee2e623c5b1889f6f6f5cd02fea50de5a,24075,2,mlk_poly_frombytes_cleanroom/PFB_02A_T2_SEMANTIC_BASELINE_20260729T044653Z/binding/PFB_02R_bit_routes.goto_functions.txt | mlk_poly_frombytes_cleanroom/PFB_02A_T2_SEMANTIC_BASELINE_20260729T044653Z/binding/bit_routes.goto_functions.txt
72d81a9564793674622edc03ef2296122926c8d033a9441977ea39c70b4aa8a0,22333,1,mlk_poly_frombytes_cleanroom/PFB_T2_FINAL_FREEZE_af4c5abd_20260729T050106Z/PFB_02M_TERMINAL_OUTPUT.txt
76bd27123c8f0fa6c2ac8283c0c7677c1029cbeb698610193cd86d80b5c0f99a,157,1,mlk_poly_frombytes_cleanroom/PFB_02A_T2_SEMANTIC_BASELINE_20260729T044653Z/results/block_locality_all.summary.txt
76e0e59de00a1ae17f2ac741881ad087528205e2289235e8c9b341f43d1165d0,2792,1,mlk_poly_frombytes_cleanroom/PFB_02A_T2_SEMANTIC_BASELINE_20260729T044653Z/results/bit_routes_theorem.xml
7786be94a3969a3fe82f910d9d0ba5140bf7c8b9416f40164afccc4cb21f0fde,172265,1,mlk_poly_frombytes_cleanroom/PFB_04F_T4_FINAL_RUN_20260729T052349Z/control/result.xml
77a3938170318bcde9b886050bac5f983b3547d9c318f3cbe025c27219240282,37472,1,mlk_poly_frombytes_cleanroom/PFB_02A_T2_SEMANTIC_BASELINE_20260729T044653Z/results/block_locality_all.xml
7a379152d41c459282da946855615ad9e480afadb5a348a3f5fc794fe6d05913,1723,1,mlk_poly_frombytes_cleanroom/PFB_CAMPAIGN_FINAL_SEAL_af4c5abd_20260729T054222Z/SHA256SUMS.txt
7af47da37ad19da09c694167b9fbd32e8239d27d0fceb3032704b30a4440c287,3024,2,mlk_poly_frombytes_cleanroom/PFB_04F_T4_FINAL_RUN_20260729T053316Z/control/pfb_t4_nonvacuity_20260729T053316Z_harness.c | mlk_poly_frombytes_cleanroom/PFB_T4_FINAL_FREEZE_af4c5abd_20260729T053316Z/control/pfb_t4_nonvacuity_20260729T053316Z_harness.c
7b0523f492e46562eb1d3316a5241ef229d5bfe81c9e3505df88a04d3b8c0739,2833,1,mlk_poly_frombytes_cleanroom/PFB_04F_T4_FINAL_RUN_20260729T052349Z/control/pfb_t4_nonvacuity_20260729T052349Z_harness.c
7b4cdd5fb4bbb61422ad4b2e3ecd23f40c34e167242476ecf045b797f09ea74c,3757,2,mlk_poly_frombytes_cleanroom/PFB_01M_T1_BOUNDARY_MUTATION_RUN_20260729T043912Z/mutants/even/build/make.stdout.txt | mlk_poly_frombytes_cleanroom/PFB_T1_FINAL_FREEZE_af4c5abd_20260729T043912Z/input_evidence/PFB_01M/mutants/even/build/make.stdout.txt
7cd0a8e512283677d3a191e0a714bca7f0b481600b3905ef4f3759ab4b1f9aff,4087,2,mlk_poly_frombytes_cleanroom/PFB_02A_T2_SEMANTIC_BASELINE_20260729T044653Z/artifacts/pfb_t2_bit_routes_harness.c | mlk_poly_frombytes_cleanroom/PFB_T2_FINAL_FREEZE_af4c5abd_20260729T050106Z/baseline_artifacts/pfb_t2_bit_routes_harness.c
7cd5c37697506ae63e0de24d859d8669552868acf5278a105a3f8801d7ff7ae1,476,1,mlk_poly_frombytes_cleanroom/PFB_01S_T1_SAT_SEMANTIC_RUN1_20260729T034940Z/results/unwind_only.command.txt
7e5ad138b670dd0f66249866adedf8e83a3b97aab8e89abde0e33d1bc59f3e77,15563,2,mlk_poly_frombytes_cleanroom/PFB_02A_T2_SEMANTIC_BASELINE_20260729T044653Z/binding/PFB_02R_block_locality.goto_functions.txt | mlk_poly_frombytes_cleanroom/PFB_02A_T2_SEMANTIC_BASELINE_20260729T044653Z/binding/block_locality.goto_functions.txt
7f17a1492a61a91951bd839c3a2870f911facf62e0f18453527eacd9b9f82693,434,1,mlk_poly_frombytes_cleanroom/PFB_02A_T2_SEMANTIC_BASELINE_20260729T044653Z/results/block_locality_all.command.txt
80ca8fe22fa033dea59c790c7b7af89e89f546ee50f56a2a9998a56499059fe5,419,2,mlk_poly_frombytes_cleanroom/PFB_01M_T1_BOUNDARY_MUTATION_RUN_20260729T043912Z/integrity/PFB_01C_sha256_check.txt | mlk_poly_frombytes_cleanroom/PFB_T1_FINAL_FREEZE_af4c5abd_20260729T043912Z/input_evidence/PFB_01M/integrity/PFB_01C_sha256_check.txt
82a26722e4cd6dd97480757606935f3cd8effbc70957c732ac135017236e41bc,3665,1,mlk_poly_frombytes_cleanroom/PFB_02A_T2_SEMANTIC_BASELINE_20260729T044653Z/build/bit_routes.make.stdout.txt
836fa768a43c7cf380a76ba066ed7b507a4e5b172c74a5efd5d2b12d24f47e44,3061,2,mlk_poly_frombytes_cleanroom/PFB_03F_T3_FINAL_RUN_20260729T051133Z/control/Makefile | mlk_poly_frombytes_cleanroom/PFB_T3_FINAL_FREEZE_af4c5abd_20260729T051133Z/control/Makefile
84ad84f0f484a0f0279a5c19411e298ed19fa01792a188591b5c37ff96044cb6,1850,2,mlk_poly_frombytes_cleanroom/PFB_04F_T4_FINAL_RUN_20260729T053316Z/p1_bytes_roundtrip/theorem.xml | mlk_poly_frombytes_cleanroom/PFB_T4_FINAL_FREEZE_af4c5abd_20260729T053316Z/p1_bytes_roundtrip/theorem.xml
880a2450fc373676b5d2473a1e1f5b230c8a6e6e77addc5ad7b899fb653340ff,12676591,2,mlk_poly_frombytes_cleanroom/PFB_02M_T2_FINAL_MUTATION_RUN_20260729T050106Z/mutants/p2_low_nibble_route/result.xml | mlk_poly_frombytes_cleanroom/PFB_T2_FINAL_FREEZE_af4c5abd_20260729T050106Z/mutants/p2_low_nibble_route/result.xml
8c1eba6b559ad4020536056ea94796afeca7b69b03d23e5fda1e2796eb3d0a17,531,2,mlk_poly_frombytes_cleanroom/PFB_03F_T3_FINAL_RUN_20260729T051133Z/mutants/p2_information_loss/source.diff | mlk_poly_frombytes_cleanroom/PFB_T3_FINAL_FREEZE_af4c5abd_20260729T051133Z/mutants/p2_information_loss/source.diff
8d0899de264ac716e861a32a9bab87041bf0c9a375c32e6c23fa934b359d8c05,6700686,3,mlk_poly_frombytes_cleanroom/PFB_00C_THEOREM_FREEZE_af4c5abd.BROKEN_20260729T030534Z/input_evidence/PFB_00B1_DEPENDENCY_OVERLAP_COMPLETION.txt | mlk_poly_frombytes_cleanroom/PFB_00C_THEOREM_FREEZE_af4c5abd/input_evidence/PFB_00B1_DEPENDENCY_OVERLAP_COMPLETION.txt | mlk_poly_frombytes_cleanroom/PFB_T1_FINAL_FREEZE_af4c5abd_20260729T043912Z/input_evidence/PFB_00C/input_evidence/PFB_00B1_DEPENDENCY_OVERLAP_COMPLETION.txt
8d815d29df78b4a68b1dddc38d625a9977d1f9de3f436fac0b091a07bccb7e8e,1397,1,mlk_poly_frombytes_cleanroom/PFB_T1_FINAL_FREEZE_af4c5abd_20260729T043912Z/boundary_artifacts/pfb_t1_boundaries_harness.c
8f874e6c61a0c9d76b95830f49ca45056bdb51e8d17e008c3d92aeeb322027d8,632,1,mlk_poly_frombytes_cleanroom/PFB_T3_FINAL_FREEZE_af4c5abd_20260729T051133Z/source_binding/SOURCE_IDENTITY.txt
8fb1fe00f9b8bdefa99dcee6d24d9058387c15115bbe421932d7a9573b9a9706,6634,2,mlk_poly_frombytes_cleanroom/PFB_CAMPAIGN_FINAL_SEAL_af4c5abd_20260729T054222Z/manifests/PFB_T4_SHA256SUMS.txt | mlk_poly_frombytes_cleanroom/PFB_T4_FINAL_FREEZE_af4c5abd_20260729T053316Z/SHA256SUMS.txt
900776357b8762b1fdcbe59acaa898200777ded06f6fb00b5fe35cac236912fb,498,2,mlk_poly_frombytes_cleanroom/PFB_01M_T1_BOUNDARY_MUTATION_RUN_20260729T043912Z/baseline_replay/command.txt | mlk_poly_frombytes_cleanroom/PFB_T1_FINAL_FREEZE_af4c5abd_20260729T043912Z/input_evidence/PFB_01M/baseline_replay/command.txt
90b632dc86a572ce0e9fc210a084ea19590cdae8e5fd7368062b7cc7034e4caf,3464874,3,mlk_poly_frombytes_cleanroom/PFB_01M_T1_BOUNDARY_MUTATION_RUN_20260729T043912Z/mutants/odd/result.xml | mlk_poly_frombytes_cleanroom/PFB_T1_FINAL_FREEZE_af4c5abd_20260729T043912Z/input_evidence/PFB_01M/mutants/odd/result.xml | mlk_poly_frombytes_cleanroom/PFB_T1_FINAL_FREEZE_af4c5abd_20260729T043912Z/mutation_evidence/odd_result.xml
90d2cbeef15ea17acacc5916fe6cd962c8cb30affc75848e78569ebb24ce34da,41165,2,mlk_poly_frombytes_cleanroom/PFB_01M_T1_BOUNDARY_MUTATION_RUN_20260729T043912Z/boundary/result.xml | mlk_poly_frombytes_cleanroom/PFB_T1_FINAL_FREEZE_af4c5abd_20260729T043912Z/input_evidence/PFB_01M/boundary/result.xml
917df3320d778ddbaa5c5c7742bc4046bf803c36ed2b050f30844ed206783469,3,4,mlk_poly_frombytes_cleanroom/PFB_01M_T1_BOUNDARY_MUTATION_RUN_20260729T043912Z/mutants/even/exit.txt | mlk_poly_frombytes_cleanroom/PFB_01M_T1_BOUNDARY_MUTATION_RUN_20260729T043912Z/mutants/odd/exit.txt | mlk_poly_frombytes_cleanroom/PFB_T1_FINAL_FREEZE_af4c5abd_20260729T043912Z/input_evidence/PFB_01M/mutants/even/exit.txt | mlk_poly_frombytes_cleanroom/PFB_T1_FINAL_FREEZE_af4c5abd_20260729T043912Z/input_evidence/PFB_01M/mutants/odd/exit.txt
91dfd7fa22f3a9f441b7c87dba88d999058eed208173c2f84efcea27fe02c9f4,876,1,mlk_poly_frombytes_cleanroom/PFB_T2_FINAL_FREEZE_af4c5abd_20260729T050106Z/source_binding/SOURCE_IDENTITY.txt
93742e05232908a52d8e75946d9a0c185901e1944ea289f88371bfb0cb154872,3973,1,mlk_poly_frombytes_cleanroom/PFB_04F_T4_FINAL_RUN_20260729T052349Z/p1_bytes_roundtrip/make.stdout.txt
942483ec1d9f980d78fce7cacef69cf876dcbc2809dab08cb2d6b2b22a4cf01f,3071,2,mlk_poly_frombytes_cleanroom/PFB_04F_T4_FINAL_RUN_20260729T053316Z/p1_bytes_roundtrip/Makefile | mlk_poly_frombytes_cleanroom/PFB_T4_FINAL_FREEZE_af4c5abd_20260729T053316Z/p1_bytes_roundtrip/Makefile
94361421c932016d55352300b41ae57c96c8995579cf9f49b5be18653e15dc4d,12566,3,mlk_poly_frombytes_cleanroom/PFB_01S_T1_SAT_SEMANTIC_RUN1_20260729T034940Z/binding/goto_functions.txt | mlk_poly_frombytes_cleanroom/PFB_01S_T1_SAT_SEMANTIC_RUN2_20260729T040920Z/binding/goto_functions.txt | mlk_poly_frombytes_cleanroom/PFB_T1_FINAL_FREEZE_af4c5abd_20260729T043912Z/input_evidence/PFB_01S/binding/goto_functions.txt
9796c17b27f1544272d4709ce1528dce87d6cf8552fed49fd1f6856c67529135,426,1,mlk_poly_frombytes_cleanroom/PFB_02A_T2_SEMANTIC_BASELINE_20260729T044653Z/results/bit_routes_all.command.txt
9a271f2a916b0b6ee6cecb2426f0b3206ef074578be55d9bc94f6f3fe3ab86aa,2,16,mlk_poly_frombytes_cleanroom/PFB_01M_T1_BOUNDARY_MUTATION_RUN_20260729T043912Z/baseline_replay/exit.txt | mlk_poly_frombytes_cleanroom/PFB_01M_T1_BOUNDARY_MUTATION_RUN_20260729T043912Z/boundary/exit.txt | mlk_poly_frombytes_cleanroom/PFB_01S_T1_SAT_SEMANTIC_RUN2_20260729T040920Z/results/all_properties.exit.txt | mlk_poly_frombytes_cleanroom/PFB_01S_T1_SAT_SEMANTIC_RUN2_20260729T040920Z/results/theorem_only.exit.txt | mlk_poly_frombytes_cleanroom/PFB_02A_T2_SEMANTIC_BASELINE_20260729T044653Z/results/bit_routes_all.exit.txt | mlk_poly_frombytes_cleanroom/PFB_02A_T2_SEMANTIC_BASELINE_20260729T044653Z/results/bit_routes_theorem.exit.txt | mlk_poly_frombytes_cleanroom/PFB_02A_T2_SEMANTIC_BASELINE_20260729T044653Z/results/block_locality_all.exit.txt | mlk_poly_frombytes_cleanroom/PFB_02A_T2_SEMANTIC_BASELINE_20260729T044653Z/results/block_locality_theorem.exit.txt | mlk_poly_frombytes_cleanroom/PFB_03F_T3_FINAL_RUN_20260729T051133Z/baseline/all_properties.exit.txt | mlk_poly_frombytes_cleanroom/PFB_03F_T3_FINAL_RUN_20260729T051133Z/baseline/theorem_only.exit.txt | mlk_poly_frombytes_cleanroom/PFB_T1_FINAL_FREEZE_af4c5abd_20260729T043912Z/input_evidence/PFB_01M/baseline_replay/exit.txt | mlk_poly_frombytes_cleanroom/PFB_T1_FINAL_FREEZE_af4c5abd_20260729T043912Z/input_evidence/PFB_01M/boundary/exit.txt | mlk_poly_frombytes_cleanroom/PFB_T1_FINAL_FREEZE_af4c5abd_20260729T043912Z/input_evidence/PFB_01S/results/all_properties.exit.txt | mlk_poly_frombytes_cleanroom/PFB_T1_FINAL_FREEZE_af4c5abd_20260729T043912Z/input_evidence/PFB_01S/results/theorem_only.exit.txt | mlk_poly_frombytes_cleanroom/PFB_T3_FINAL_FREEZE_af4c5abd_20260729T051133Z/baseline/all_properties.exit.txt | mlk_poly_frombytes_cleanroom/PFB_T3_FINAL_FREEZE_af4c5abd_20260729T051133Z/baseline/theorem_only.exit.txt
9a3288855782f7aee718d51c7904608763bd480635a63d25cd05956d408007a8,1360,3,mlk_poly_frombytes_cleanroom/PFB_01R_T1_EXACT_RAW_DECODING_RUN1_20260729T033348Z/artifacts/pfb_t1_exact_raw_decode_harness.c | mlk_poly_frombytes_cleanroom/PFB_01_T1_BASELINE_RUN1/pfb_t1_exact_raw_decode_harness.c | mlk_poly_frombytes_cleanroom/PFB_T1_FINAL_FREEZE_af4c5abd_20260729T043912Z/theorem_artifacts/pfb_t1_exact_raw_decode_harness.c
9b09edecb151ce99a785fd10f87723d93c24a8fd4e2cc35aa999286ba920ce05,45683,1,mlk_poly_frombytes_cleanroom/PFB_04F_T4_FINAL_RUN_20260729T052349Z/p2_raw_poly_roundtrip/all_properties.xml
9b282ca57ea6f43e0ffa88ad6a6cd6694d7a09d52a9d1373e6e4b9dfe68c1488,998850,1,mlk_poly_frombytes_cleanroom/PFB_T2_FINAL_FREEZE_af4c5abd_20260729T050106Z.tar.gz
9b624ca3a065de7df1922d5ffc9b4b28dbd2f5fdc59e7dbdc52fc4e5b37d58cd,155,6,mlk_poly_frombytes_cleanroom/PFB_02M_T2_FINAL_MUTATION_RUN_20260729T050106Z/mutants/p5_cross_block_dependency/summary.txt | mlk_poly_frombytes_cleanroom/PFB_04F_T4_FINAL_RUN_20260729T053316Z/mutants/p1_even_decode_shift/summary.txt | mlk_poly_frombytes_cleanroom/PFB_04F_T4_FINAL_RUN_20260729T053316Z/mutants/p2_odd_decode_shift/summary.txt | mlk_poly_frombytes_cleanroom/PFB_T2_FINAL_FREEZE_af4c5abd_20260729T050106Z/mutants/p5_cross_block_dependency/summary.txt | mlk_poly_frombytes_cleanroom/PFB_T4_FINAL_FREEZE_af4c5abd_20260729T053316Z/mutants/p1_even_decode_shift/summary.txt | mlk_poly_frombytes_cleanroom/PFB_T4_FINAL_FREEZE_af4c5abd_20260729T053316Z/mutants/p2_odd_decode_shift/summary.txt
9be041b391b39af494b7bc7c1a6002275d0b503d5b7a4581726b6ac815f0a35f,155,6,mlk_poly_frombytes_cleanroom/PFB_04F_T4_FINAL_RUN_20260729T052349Z/p1_bytes_roundtrip/theorem.summary.txt | mlk_poly_frombytes_cleanroom/PFB_04F_T4_FINAL_RUN_20260729T052349Z/p2_raw_poly_roundtrip/theorem.summary.txt | mlk_poly_frombytes_cleanroom/PFB_04F_T4_FINAL_RUN_20260729T053316Z/p1_bytes_roundtrip/theorem.summary.txt | mlk_poly_frombytes_cleanroom/PFB_04F_T4_FINAL_RUN_20260729T053316Z/p2_raw_poly_roundtrip/theorem.summary.txt | mlk_poly_frombytes_cleanroom/PFB_T4_FINAL_FREEZE_af4c5abd_20260729T053316Z/p1_bytes_roundtrip/theorem.summary.txt | mlk_poly_frombytes_cleanroom/PFB_T4_FINAL_FREEZE_af4c5abd_20260729T053316Z/p2_raw_poly_roundtrip/theorem.summary.txt
9c7a838fa0e85a6233bd9859aa02c8b12087cde1a914515e419c5222fe2cf9a5,17769,1,mlk_poly_frombytes_cleanroom/PFB_04F_T4_FINAL_RUN_20260729T052349Z/binding/p2_raw_poly_roundtrip.goto_functions.txt
9d1f5bf87e98a8d2a4db34a6f2516a8c2b6fbab8be068ff5fe04b2b8d0f46880,5057,1,mlk_poly_frombytes_cleanroom/PFB_01R_T1_EXACT_RAW_DECODING_RUN1_20260729T033348Z/build/make.stdout.txt
9e56741090a6634baddbe2ea9fe13637bbeed9a1ce62f93e2f228185cfe41526,3049,2,mlk_poly_frombytes_cleanroom/PFB_01R_T1_EXACT_RAW_DECODING_RUN1_20260729T033348Z/artifacts/Makefile.after_repair | mlk_poly_frombytes_cleanroom/PFB_T1_FINAL_FREEZE_af4c5abd_20260729T043912Z/theorem_artifacts/Makefile
9f23d6e668da180d4658b0b7774257870986a7f5c9d076869e9194760e0dcc25,1865,2,mlk_poly_frombytes_cleanroom/PFB_04F_T4_FINAL_RUN_20260729T053316Z/p2_raw_poly_roundtrip/theorem.xml | mlk_poly_frombytes_cleanroom/PFB_T4_FINAL_FREEZE_af4c5abd_20260729T053316Z/p2_raw_poly_roundtrip/theorem.xml
a08009c43204ef46336c752866eb3600cda5d04ac818c75a0c7b8207fef964d2,285,2,mlk_poly_frombytes_cleanroom/PFB_04F_T4_FINAL_RUN_20260729T053316Z/control/summary.txt | mlk_poly_frombytes_cleanroom/PFB_T4_FINAL_FREEZE_af4c5abd_20260729T053316Z/control/summary.txt
a113a198a867dc9f89b038b7fc3e2771095f5f3ece13266e149b5b5d3c3ffa29,45683,2,mlk_poly_frombytes_cleanroom/PFB_04F_T4_FINAL_RUN_20260729T053316Z/p2_raw_poly_roundtrip/all_properties.xml | mlk_poly_frombytes_cleanroom/PFB_T4_FINAL_FREEZE_af4c5abd_20260729T053316Z/p2_raw_poly_roundtrip/all_properties.xml
a35d8e8e34cd5e79c419acc97485ae46fed96db9c1a2f27bc58589d06822d90c,866,1,mlk_poly_frombytes_cleanroom/PFB_T1_FINAL_FREEZE_af4c5abd_20260729T043912Z/source_binding/SOURCE_IDENTITY.txt
a42066037700a18c71a0ffd2a1ba937f869c7f45da639b197fe56e25500a510f,60894,1,mlk_poly_frombytes_cleanroom/PFB_02A_T2_SEMANTIC_BASELINE_20260729T044653Z/results/bit_routes_all.xml
a5b4401145572f2cccc2d7719c0a7b2080097faa2e381f4b15589f67d3d052ff,536,5,mlk_poly_frombytes_cleanroom/PFB_01M_T1_BOUNDARY_MUTATION_RUN_20260729T043912Z/mutants/even/compress_mutation.diff | mlk_poly_frombytes_cleanroom/PFB_04F_T4_FINAL_RUN_20260729T053316Z/mutants/p1_even_decode_shift/source.diff | mlk_poly_frombytes_cleanroom/PFB_T1_FINAL_FREEZE_af4c5abd_20260729T043912Z/input_evidence/PFB_01M/mutants/even/compress_mutation.diff | mlk_poly_frombytes_cleanroom/PFB_T1_FINAL_FREEZE_af4c5abd_20260729T043912Z/mutation_evidence/even_mutation.diff | mlk_poly_frombytes_cleanroom/PFB_T4_FINAL_FREEZE_af4c5abd_20260729T053316Z/mutants/p1_even_decode_shift/source.diff
a5ec06fca70b531835be6d086b9ecae66a81524a021d5573d105b4a814c7f9b2,521,2,mlk_poly_frombytes_cleanroom/PFB_01M_T1_BOUNDARY_MUTATION_RUN_20260729T043912Z/PFB_01M_GATE_RESULT.txt | mlk_poly_frombytes_cleanroom/PFB_T1_FINAL_FREEZE_af4c5abd_20260729T043912Z/input_evidence/PFB_01M/PFB_01M_GATE_RESULT.txt
a5f1985c6a4859dc2adb22ee1571e692446b391586209675c4284eab91eec848,1651,4,mlk_poly_frombytes_cleanroom/PFB_CAMPAIGN_FINAL_SEAL_af4c5abd_20260729T054222Z/acceptance_reports/PFB_T2_FINAL_ACCEPTANCE_REPORT.txt | mlk_poly_frombytes_cleanroom/PFB_T2_FINAL_FREEZE_af4c5abd_20260729T050106Z/PFB_T2_FINAL_ACCEPTANCE_REPORT.txt | mlk_poly_frombytes_cleanroom/PFB_T3_FINAL_FREEZE_af4c5abd_20260729T051133Z/prior_evidence/PFB_T2_FINAL_ACCEPTANCE_REPORT.txt | mlk_poly_frombytes_cleanroom/PFB_T4_FINAL_FREEZE_af4c5abd_20260729T053316Z/prior_evidence/PFB_T2_FINAL_ACCEPTANCE_REPORT.txt
aa4e9e18c5d2ee573ed550e82a2e2710899e305d5c2b22b5cfa02dd33a277f0f,547,1,mlk_poly_frombytes_cleanroom/PFB_02A_T2_SEMANTIC_BASELINE_20260729T044653Z/results/bit_routes_theorem.command.txt
ad4ec24b62fc5fb79d0c45d421df1a20ea41d4a15d7f96663415c45c15983606,3975,2,mlk_poly_frombytes_cleanroom/PFB_02M_T2_FINAL_MUTATION_RUN_20260729T050106Z/mutants/p2_low_nibble_route/make.stdout.txt | mlk_poly_frombytes_cleanroom/PFB_T2_FINAL_FREEZE_af4c5abd_20260729T050106Z/mutants/p2_low_nibble_route/make.stdout.txt
af6668281c24d187387e54a8c0057b77b3e70588e78f5be60700a264fd820343,1221,2,mlk_poly_frombytes_cleanroom/PFB_01S_T1_SAT_SEMANTIC_RUN2_20260729T040920Z/PFB_01S_RESULT.txt | mlk_poly_frombytes_cleanroom/PFB_T1_FINAL_FREEZE_af4c5abd_20260729T043912Z/input_evidence/PFB_01S/PFB_01S_RESULT.txt
aff5de51f4c0a2774c1a465a653734c9917be64bf038b57e79dc6e598fe4bc0a,4091,2,mlk_poly_frombytes_cleanroom/PFB_02M_T2_FINAL_MUTATION_RUN_20260729T050106Z/mutants/p5_cross_block_dependency/make.stdout.txt | mlk_poly_frombytes_cleanroom/PFB_T2_FINAL_FREEZE_af4c5abd_20260729T050106Z/mutants/p5_cross_block_dependency/make.stdout.txt
b0dc67e0d9743dc749c77240819d5eaf10f1967e606dbf52e47d55ebabdf3a9b,3903,1,mlk_poly_frombytes_cleanroom/PFB_04F_T4_FINAL_RUN_20260729T052349Z/control/make.stdout.txt
b18358c6905a8315c36939af56dbbe42f4802ab6afb90317d0b4eba89d215521,33221,2,mlk_poly_frombytes_cleanroom/PFB_03F_T3_FINAL_RUN_20260729T051133Z/control/goto_functions.txt | mlk_poly_frombytes_cleanroom/PFB_T3_FINAL_FREEZE_af4c5abd_20260729T051133Z/control/goto_functions.txt
b21f33a72ffc23124ebc6bbcaaf93ff477d88fd569ae0bbbdcd3ea5dd06c36f1,503,2,mlk_poly_frombytes_cleanroom/PFB_02M_T2_FINAL_MUTATION_RUN_20260729T050106Z/mutants/p5_cross_block_dependency/source.diff | mlk_poly_frombytes_cleanroom/PFB_T2_FINAL_FREEZE_af4c5abd_20260729T050106Z/mutants/p5_cross_block_dependency/source.diff
b4dd83697ff93c540ea0bf50b29ed1575bfc70c5623d9ccb47c58eb463b4fb43,1252,2,mlk_poly_frombytes_cleanroom/PFB_00C_THEOREM_FREEZE_af4c5abd/source_binding/SOURCE_IDENTITY.txt | mlk_poly_frombytes_cleanroom/PFB_T1_FINAL_FREEZE_af4c5abd_20260729T043912Z/input_evidence/PFB_00C/source_binding/SOURCE_IDENTITY.txt
b52a5e2eefe10204563539c38cc9332d7571ca99ec785c887b3c407488120dfd,1395,2,mlk_poly_frombytes_cleanroom/PFB_02A_T2_SEMANTIC_BASELINE_20260729T044653Z/artifacts/pfb_t2_block_locality_harness.c | mlk_poly_frombytes_cleanroom/PFB_T2_FINAL_FREEZE_af4c5abd_20260729T050106Z/baseline_artifacts/pfb_t2_block_locality_harness.c
b53cbdb7214857d2954ab71be52fc20d69868214812fbb9c9c8d73c5fbaed7f4,536,2,mlk_poly_frombytes_cleanroom/PFB_02M_T2_FINAL_MUTATION_RUN_20260729T050106Z/mutants/p2_low_nibble_route/source.diff | mlk_poly_frombytes_cleanroom/PFB_T2_FINAL_FREEZE_af4c5abd_20260729T050106Z/mutants/p2_low_nibble_route/source.diff
b62a9a512d8ae4a111a371a40c53e628fffabbba896cb79ffd939bb4d70697d7,740,2,mlk_poly_frombytes_cleanroom/PFB_02A_T2_SEMANTIC_BASELINE_20260729T044653Z/PFB_02R_XML_REPARSE_SUMMARY.txt | mlk_poly_frombytes_cleanroom/PFB_T2_FINAL_FREEZE_af4c5abd_20260729T050106Z/prior_evidence/PFB_02R_XML_REPARSE_SUMMARY.txt
b6323794146949ca05b493bf3e3dbca2629f1d718b3160eed4edb2c64d5ca5e7,155870,1,mlk_poly_frombytes_cleanroom/PFB_04F_T4_FINAL_RUN_20260729T052349Z/control/show_properties.direct.txt
b6893ee4a9d77affb50044536c2bfe57a2433fbbddc9141389189177246cc412,21315,1,mlk_poly_frombytes_cleanroom/PFB_01R_T1_EXACT_RAW_DECODING_RUN1_20260729T033348Z/results/property_status_lines.txt
baba5a055a590ebe1fb8073d50a4c94caf468f4f032c058eb2a21ab827f981be,4015,2,mlk_poly_frombytes_cleanroom/PFB_04F_T4_FINAL_RUN_20260729T053316Z/p2_raw_poly_roundtrip/make.stdout.txt | mlk_poly_frombytes_cleanroom/PFB_T4_FINAL_FREEZE_af4c5abd_20260729T053316Z/p2_raw_poly_roundtrip/make.stdout.txt
bc967aa5116b4c81c6abb192ac7f1d736e682f0bd21d8f83bf6300287482afc6,3035,2,mlk_poly_frombytes_cleanroom/PFB_02A_T2_SEMANTIC_BASELINE_20260729T044653Z/artifacts/Makefile.pfb_t2_block_locality | mlk_poly_frombytes_cleanroom/PFB_T2_FINAL_FREEZE_af4c5abd_20260729T050106Z/baseline_artifacts/Makefile.pfb_t2_block_locality
bdace72921fa4e19378c4776661808d7e385396df1b33707cbf8208876eec697,215,1,mlk_poly_frombytes_cleanroom/PFB_02A_T2_SEMANTIC_BASELINE_20260729T044653Z/results/block_locality_theorem.summary.txt
bdc26fa83298268d15c583b551d1876f83e807c0c85920cdfc180903eed2e187,460,2,mlk_poly_frombytes_cleanroom/PFB_00C_THEOREM_FREEZE_af4c5abd/PFB_00C_FREEZE_REPORT.txt | mlk_poly_frombytes_cleanroom/PFB_T1_FINAL_FREEZE_af4c5abd_20260729T043912Z/input_evidence/PFB_00C/PFB_00C_FREEZE_REPORT.txt
bef7340aa06e56f690d249c8ad5a5d78dc12f5c6dd11155b5e76a870e1010b78,464,2,mlk_poly_frombytes_cleanroom/PFB_03F_T3_FINAL_RUN_20260729T051133Z/baseline/all_properties.command.txt | mlk_poly_frombytes_cleanroom/PFB_T3_FINAL_FREEZE_af4c5abd_20260729T051133Z/baseline/all_properties.command.txt
c11cc9bc3b835ec54396adceaa068863299a1f051931d4b41d003ecbe06c359a,41765,2,mlk_poly_frombytes_cleanroom/PFB_01S_T1_SAT_SEMANTIC_RUN2_20260729T040920Z/results/all_properties.xml | mlk_poly_frombytes_cleanroom/PFB_T1_FINAL_FREEZE_af4c5abd_20260729T043912Z/input_evidence/PFB_01S/results/all_properties.xml
c19fbf17461ed306e67978c7ddba60bbec050e63124eb8429189349377e7260d,794,1,mlk_poly_frombytes_cleanroom/PFB_CAMPAIGN_FINAL_SEAL_af4c5abd_20260729T054222Z/environment/ENVIRONMENT.txt
c387517d64bbff9f3104a7e629a7bdf82751764602f34b5cdd83071267316a35,1218,2,mlk_poly_frombytes_cleanroom/PFB_02A_T2_SEMANTIC_BASELINE_20260729T044653Z/PFB_02R_CORRECTED_RESULT.txt | mlk_poly_frombytes_cleanroom/PFB_T2_FINAL_FREEZE_af4c5abd_20260729T050106Z/prior_evidence/PFB_02R_CORRECTED_RESULT.txt
c5956a78eed41f96e6f2068ab6ec13ae23d0e9b49c63e394628bf4a2a8b95879,15088,1,mlk_poly_frombytes_cleanroom/PFB_04F_T4_FINAL_RUN_20260729T052349Z/binding/p1_bytes_roundtrip.goto_functions.txt
c9151f5bb9d2b974186484277270012487b9c058ae2425801b9fa279c7353359,209,2,mlk_poly_frombytes_cleanroom/PFB_02M_T2_FINAL_MUTATION_RUN_20260729T050106Z/mutants/p2_low_nibble_route/summary.txt | mlk_poly_frombytes_cleanroom/PFB_T2_FINAL_FREEZE_af4c5abd_20260729T050106Z/mutants/p2_low_nibble_route/summary.txt
c94c24ddba8de7e25eb01309795b50550981a72f6dfd6f1741f455ad43c95477,210,1,mlk_poly_frombytes_cleanroom/PFB_01S_T1_SAT_SEMANTIC_RUN1_20260729T034940Z/results/theorem_only.summary.txt
c9b7ea03eeed0ff592e5a4838096f002263d33b8813bf4d33c18385e6eea8650,3023,2,mlk_poly_frombytes_cleanroom/PFB_01C_T1_CONTROL_SUITE_20260729T042046Z/artifacts/Control_Makefile | mlk_poly_frombytes_cleanroom/PFB_T1_FINAL_FREEZE_af4c5abd_20260729T043912Z/input_evidence/PFB_01C/artifacts/Control_Makefile
ccf1b8543c549684793d5b78937a15d50229be97416acfaedd8384f44cb63457,2687,2,mlk_poly_frombytes_cleanroom/PFB_03F_T3_FINAL_RUN_20260729T051133Z/baseline/pfb_t3_differential_20260729T051133Z_harness.c | mlk_poly_frombytes_cleanroom/PFB_T3_FINAL_FREEZE_af4c5abd_20260729T051133Z/baseline/pfb_t3_differential_20260729T051133Z_harness.c
cd83854184ac9a6d6155fb47ef751d455d92de2f456a61896bc438439c4e7946,173,2,mlk_poly_frombytes_cleanroom/PFB_03F_T3_FINAL_RUN_20260729T051133Z/mutants/p2_information_loss/summary.txt | mlk_poly_frombytes_cleanroom/PFB_T3_FINAL_FREEZE_af4c5abd_20260729T051133Z/mutants/p2_information_loss/summary.txt
cf24bc5be8467b58475b452558efa6953a102eeb2c8292623817df4ac57364b3,3061,2,mlk_poly_frombytes_cleanroom/PFB_04F_T4_FINAL_RUN_20260729T053316Z/control/Makefile | mlk_poly_frombytes_cleanroom/PFB_T4_FINAL_FREEZE_af4c5abd_20260729T053316Z/control/Makefile
d132c10fe5eafd40e6ac922f345b04b7b74afa31ae336bb3277d6232874da0ae,77689,1,mlk_poly_frombytes_cleanroom/PFB_T4_FINAL_FREEZE_af4c5abd_20260729T053316Z/p2_raw_poly_roundtrip/pfb_t4_raw_poly_roundtrip_20260729T053316Z_harness.goto
d13667f548b17bafd1fd9b1f98b1b15c2c7d9a171db5d9bcc8af37a5b88c415e,3903,2,mlk_poly_frombytes_cleanroom/PFB_02M_T2_FINAL_MUTATION_RUN_20260729T050106Z/control/make.stdout.txt | mlk_poly_frombytes_cleanroom/PFB_T2_FINAL_FREEZE_af4c5abd_20260729T050106Z/control/make.stdout.txt
d143955ab84e4e68c547ce2c0221ff19d13586ddeabfaf90fdb07f693a85c337,967,1,mlk_poly_frombytes_cleanroom/PFB_01S_T1_SAT_SEMANTIC_RUN1_20260729T034940Z/results/unwind_only.xml
d24bedf8f612a244cd27a514ea79e25d08de8c6c2f0311f932643155b1894951,522,2,mlk_poly_frombytes_cleanroom/PFB_02M_T2_FINAL_MUTATION_RUN_20260729T050106Z/mutants/p3_high_nibble_route/source.diff | mlk_poly_frombytes_cleanroom/PFB_T2_FINAL_FREEZE_af4c5abd_20260729T050106Z/mutants/p3_high_nibble_route/source.diff
d50c88703282e4def3d0e80972d778e36c3288e9a7c3583a2e69773391737b28,438,2,mlk_poly_frombytes_cleanroom/PFB_01S_T1_SAT_SEMANTIC_RUN2_20260729T040920Z/results/all_properties.command.txt | mlk_poly_frombytes_cleanroom/PFB_T1_FINAL_FREEZE_af4c5abd_20260729T043912Z/input_evidence/PFB_01S/results/all_properties.command.txt
d5baa731341130ccf0f85206d831868e412ac0aef1951001bb04dbb12627f85d,18404,1,mlk_poly_frombytes_cleanroom/PFB_01R_T1_EXACT_RAW_DECODING_RUN1_20260729T033348Z/build/make_dry_run.stdout.txt
d6460055cf8e5639fd97a75a840158df4495cf953d15f1fae92aa120674d011a,274,3,mlk_poly_frombytes_cleanroom/PFB_01M_T1_BOUNDARY_MUTATION_RUN_20260729T043912Z/mutants/even/summary.txt | mlk_poly_frombytes_cleanroom/PFB_T1_FINAL_FREEZE_af4c5abd_20260729T043912Z/input_evidence/PFB_01M/mutants/even/summary.txt | mlk_poly_frombytes_cleanroom/PFB_T1_FINAL_FREEZE_af4c5abd_20260729T043912Z/mutation_evidence/even_summary.txt
d884134f1d1328b029b6d92dbdebe9bc396daf6951ce1f07d8f8b3f30623f1a6,33717,1,mlk_poly_frombytes_cleanroom/PFB_T4_FINAL_FREEZE_af4c5abd_20260729T053316Z/PFB_04F_TERMINAL_OUTPUT.txt
d9ab6db13f456902cf2bd7ce25ea19009d7df33b32563c9b29862f92d0b4a85f,43234,2,mlk_poly_frombytes_cleanroom/PFB_03F_T3_FINAL_RUN_20260729T051133Z/control/result.xml | mlk_poly_frombytes_cleanroom/PFB_T3_FINAL_FREEZE_af4c5abd_20260729T051133Z/control/result.xml
da3ee14920e1e7a59e4a6fe22cbe135742295af83b21165078ea206fa50ebed3,4339,2,mlk_poly_frombytes_cleanroom/PFB_04F_T4_FINAL_RUN_20260729T053316Z/mutants/p2_odd_decode_shift/make.stdout.txt | mlk_poly_frombytes_cleanroom/PFB_T4_FINAL_FREEZE_af4c5abd_20260729T053316Z/mutants/p2_odd_decode_shift/make.stdout.txt
db2d297fe9e01f9221c5d502556893fb31b9d3eb944ee697d99e4eebbe465988,274,3,mlk_poly_frombytes_cleanroom/PFB_01M_T1_BOUNDARY_MUTATION_RUN_20260729T043912Z/mutants/odd/summary.txt | mlk_poly_frombytes_cleanroom/PFB_T1_FINAL_FREEZE_af4c5abd_20260729T043912Z/input_evidence/PFB_01M/mutants/odd/summary.txt | mlk_poly_frombytes_cleanroom/PFB_T1_FINAL_FREEZE_af4c5abd_20260729T043912Z/mutation_evidence/odd_summary.txt
dc55e7b443e491d3f9cc3677e3daa0a046b73418846f95a49f0cec42c3d6e6f8,10778740,2,mlk_poly_frombytes_cleanroom/PFB_02M_T2_FINAL_MUTATION_RUN_20260729T050106Z/mutants/p5_cross_block_dependency/result.xml | mlk_poly_frombytes_cleanroom/PFB_T2_FINAL_FREEZE_af4c5abd_20260729T050106Z/mutants/p5_cross_block_dependency/result.xml
df592fbba21fd5d4b517cb234caad7e8c7d2fa157f23fe36e7637dcfd242d4f9,4505,2,mlk_poly_frombytes_cleanroom/PFB_02A_T2_SEMANTIC_BASELINE_20260729T044653Z/SHA256SUMS.PFB_02R.txt | mlk_poly_frombytes_cleanroom/PFB_T2_FINAL_FREEZE_af4c5abd_20260729T050106Z/prior_evidence/SHA256SUMS.PFB_02R.txt
dfc3927245486af7a9bf32e875a6ddee490141807cfc33c57433b2d9518a8324,5471,2,mlk_poly_frombytes_cleanroom/PFB_CAMPAIGN_FINAL_SEAL_af4c5abd_20260729T054222Z/manifests/PFB_T3_SHA256SUMS.txt | mlk_poly_frombytes_cleanroom/PFB_T3_FINAL_FREEZE_af4c5abd_20260729T051133Z/SHA256SUMS.txt
e132a9e7e5ad133331dfb4693b2204148d9530ef790a1576def4d2418ee40731,864,1,mlk_poly_frombytes_cleanroom/PFB_T4_FINAL_FREEZE_af4c5abd_20260729T053316Z/source_binding/SOURCE_IDENTITY.txt
e1f1d1b461320d8e7f3e45af22ca1e16a4bafa9de3c12442d8d66c7536baa488,16393551,2,mlk_poly_frombytes_cleanroom/PFB_03F_T3_FINAL_RUN_20260729T051133Z/mutants/p2_information_loss/result.xml | mlk_poly_frombytes_cleanroom/PFB_T3_FINAL_FREEZE_af4c5abd_20260729T051133Z/mutants/p2_information_loss/result.xml
e2a900dc7d4792e12857e8554646d9e7a5d6697e5db4987d329bc0e77f9cc4bf,37384,2,mlk_poly_frombytes_cleanroom/PFB_01C_T1_CONTROL_SUITE_20260729T042046Z/results/control_all.xml | mlk_poly_frombytes_cleanroom/PFB_T1_FINAL_FREEZE_af4c5abd_20260729T043912Z/input_evidence/PFB_01C/results/control_all.xml
e3a41d16d10d3236dfb672c4d62b49c7876cba78074326228d5c3c82767e252f,494,3,mlk_poly_frombytes_cleanroom/PFB_01M_T1_BOUNDARY_MUTATION_RUN_20260729T043912Z/mutants/even/command.txt | mlk_poly_frombytes_cleanroom/PFB_T1_FINAL_FREEZE_af4c5abd_20260729T043912Z/input_evidence/PFB_01M/mutants/even/command.txt | mlk_poly_frombytes_cleanroom/PFB_T1_FINAL_FREEZE_af4c5abd_20260729T043912Z/mutation_evidence/even_command.txt
e3b0c44298fc1c149afbf4c8996fb92427ae41e4649b934ca495991b7852b855,0,125,mlk_poly_frombytes_cleanroom/PFB_01C_T1_CONTROL_SUITE_20260729T042046Z/binding/control_goto_functions.stderr.txt | mlk_poly_frombytes_cleanroom/PFB_01C_T1_CONTROL_SUITE_20260729T042046Z/results/control_all.stderr.txt | mlk_poly_frombytes_cleanroom/PFB_01M_T1_BOUNDARY_MUTATION_RUN_20260729T043912Z/baseline_replay/result.stderr.txt | mlk_poly_frombytes_cleanroom/PFB_01M_T1_BOUNDARY_MUTATION_RUN_20260729T043912Z/boundary/result.stderr.txt | mlk_poly_frombytes_cleanroom/PFB_01M_T1_BOUNDARY_MUTATION_RUN_20260729T043912Z/mutants/even/result.stderr.txt | mlk_poly_frombytes_cleanroom/PFB_01M_T1_BOUNDARY_MUTATION_RUN_20260729T043912Z/mutants/odd/result.stderr.txt | mlk_poly_frombytes_cleanroom/PFB_01S_T1_SAT_SEMANTIC_RUN1_20260729T034940Z/binding/goto_functions.stderr.txt | mlk_poly_frombytes_cleanroom/PFB_01S_T1_SAT_SEMANTIC_RUN1_20260729T034940Z/results/theorem_only.stderr.txt | mlk_poly_frombytes_cleanroom/PFB_01S_T1_SAT_SEMANTIC_RUN1_20260729T034940Z/results/unwind_only.stderr.txt | mlk_poly_frombytes_cleanroom/PFB_01S_T1_SAT_SEMANTIC_RUN2_20260729T040920Z/binding/goto_functions.stderr.txt | mlk_poly_frombytes_cleanroom/PFB_01S_T1_SAT_SEMANTIC_RUN2_20260729T040920Z/binding/show_properties.stderr.txt | mlk_poly_frombytes_cleanroom/PFB_01S_T1_SAT_SEMANTIC_RUN2_20260729T040920Z/results/all_properties.stderr.txt | mlk_poly_frombytes_cleanroom/PFB_01S_T1_SAT_SEMANTIC_RUN2_20260729T040920Z/results/theorem_only.stderr.txt | mlk_poly_frombytes_cleanroom/PFB_02A_T2_SEMANTIC_BASELINE_20260729T044653Z/binding/PFB_02R_bit_routes.goto_functions.stderr.txt | mlk_poly_frombytes_cleanroom/PFB_02A_T2_SEMANTIC_BASELINE_20260729T044653Z/binding/PFB_02R_block_locality.goto_functions.stderr.txt | mlk_poly_frombytes_cleanroom/PFB_02A_T2_SEMANTIC_BASELINE_20260729T044653Z/binding/bit_routes.goto_functions.stderr.txt | mlk_poly_frombytes_cleanroom/PFB_02A_T2_SEMANTIC_BASELINE_20260729T044653Z/binding/bit_routes.show_properties.stderr.txt | mlk_poly_frombytes_cleanroom/PFB_02A_T2_SEMANTIC_BASELINE_20260729T044653Z/binding/block_locality.goto_functions.stderr.txt | mlk_poly_frombytes_cleanroom/PFB_02A_T2_SEMANTIC_BASELINE_20260729T044653Z/binding/block_locality.show_properties.stderr.txt | mlk_poly_frombytes_cleanroom/PFB_02A_T2_SEMANTIC_BASELINE_20260729T044653Z/results/bit_routes_all.stderr.txt | mlk_poly_frombytes_cleanroom/PFB_02A_T2_SEMANTIC_BASELINE_20260729T044653Z/results/bit_routes_theorem.stderr.txt | mlk_poly_frombytes_cleanroom/PFB_02A_T2_SEMANTIC_BASELINE_20260729T044653Z/results/block_locality_all.stderr.txt | mlk_poly_frombytes_cleanroom/PFB_02A_T2_SEMANTIC_BASELINE_20260729T044653Z/results/block_locality_theorem.stderr.txt | mlk_poly_frombytes_cleanroom/PFB_02M_T2_FINAL_MUTATION_RUN_20260729T050106Z/control/goto_functions.stderr.txt | mlk_poly_frombytes_cleanroom/PFB_02M_T2_FINAL_MUTATION_RUN_20260729T050106Z/control/result.stderr.txt | mlk_poly_frombytes_cleanroom/PFB_02M_T2_FINAL_MUTATION_RUN_20260729T050106Z/mutants/p1_first_byte_route/result.stderr.txt | mlk_poly_frombytes_cleanroom/PFB_02M_T2_FINAL_MUTATION_RUN_20260729T050106Z/mutants/p1_first_byte_route/worktree_remove.stderr.txt | mlk_poly_frombytes_cleanroom/PFB_02M_T2_FINAL_MUTATION_RUN_20260729T050106Z/mutants/p1_first_byte_route/worktree_remove.stdout.txt | mlk_poly_frombytes_cleanroom/PFB_02M_T2_FINAL_MUTATION_RUN_20260729T050106Z/mutants/p2_low_nibble_route/result.stderr.txt | mlk_poly_frombytes_cleanroom/PFB_02M_T2_FINAL_MUTATION_RUN_20260729T050106Z/mutants/p2_low_nibble_route/worktree_remove.stderr.txt | mlk_poly_frombytes_cleanroom/PFB_02M_T2_FINAL_MUTATION_RUN_20260729T050106Z/mutants/p2_low_nibble_route/worktree_remove.stdout.txt | mlk_poly_frombytes_cleanroom/PFB_02M_T2_FINAL_MUTATION_RUN_20260729T050106Z/mutants/p3_high_nibble_route/result.stderr.txt | mlk_poly_frombytes_cleanroom/PFB_02M_T2_FINAL_MUTATION_RUN_20260729T050106Z/mutants/p3_high_nibble_route/worktree_remove.stderr.txt | mlk_poly_frombytes_cleanroom/PFB_02M_T2_FINAL_MUTATION_RUN_20260729T050106Z/mutants/p3_high_nibble_route/worktree_remove.stdout.txt | mlk_poly_frombytes_cleanroom/PFB_02M_T2_FINAL_MUTATION_RUN_20260729T050106Z/mutants/p4_third_byte_route/result.stderr.txt | mlk_poly_frombytes_cleanroom/PFB_02M_T2_FINAL_MUTATION_RUN_20260729T050106Z/mutants/p4_third_byte_route/worktree_remove.stderr.txt | mlk_poly_frombytes_cleanroom/PFB_02M_T2_FINAL_MUTATION_RUN_20260729T050106Z/mutants/p4_third_byte_route/worktree_remove.stdout.txt | mlk_poly_frombytes_cleanroom/PFB_02M_T2_FINAL_MUTATION_RUN_20260729T050106Z/mutants/p5_cross_block_dependency/result.stderr.txt | mlk_poly_frombytes_cleanroom/PFB_02M_T2_FINAL_MUTATION_RUN_20260729T050106Z/mutants/p5_cross_block_dependency/worktree_remove.stderr.txt | mlk_poly_frombytes_cleanroom/PFB_02M_T2_FINAL_MUTATION_RUN_20260729T050106Z/mutants/p5_cross_block_dependency/worktree_remove.stdout.txt | mlk_poly_frombytes_cleanroom/PFB_03F_T3_FINAL_RUN_20260729T051133Z/baseline/all_properties.stderr.txt | mlk_poly_frombytes_cleanroom/PFB_03F_T3_FINAL_RUN_20260729T051133Z/baseline/theorem_only.stderr.txt | mlk_poly_frombytes_cleanroom/PFB_03F_T3_FINAL_RUN_20260729T051133Z/binding/theorem.goto_functions.stderr.txt | mlk_poly_frombytes_cleanroom/PFB_03F_T3_FINAL_RUN_20260729T051133Z/binding/theorem.show_properties.stderr.txt | mlk_poly_frombytes_cleanroom/PFB_03F_T3_FINAL_RUN_20260729T051133Z/control/goto_functions.stderr.txt | mlk_poly_frombytes_cleanroom/PFB_03F_T3_FINAL_RUN_20260729T051133Z/control/result.stderr.txt | mlk_poly_frombytes_cleanroom/PFB_03F_T3_FINAL_RUN_20260729T051133Z/mutants/p1_bijective_permutation/result.stderr.txt | mlk_poly_frombytes_cleanroom/PFB_03F_T3_FINAL_RUN_20260729T051133Z/mutants/p1_bijective_permutation/worktree_remove.stderr.txt | mlk_poly_frombytes_cleanroom/PFB_03F_T3_FINAL_RUN_20260729T051133Z/mutants/p1_bijective_permutation/worktree_remove.stdout.txt | mlk_poly_frombytes_cleanroom/PFB_03F_T3_FINAL_RUN_20260729T051133Z/mutants/p2_information_loss/result.stderr.txt | mlk_poly_frombytes_cleanroom/PFB_03F_T3_FINAL_RUN_20260729T051133Z/mutants/p2_information_loss/worktree_remove.stderr.txt | mlk_poly_frombytes_cleanroom/PFB_03F_T3_FINAL_RUN_20260729T051133Z/mutants/p2_information_loss/worktree_remove.stdout.txt | mlk_poly_frombytes_cleanroom/PFB_04F_T4_FINAL_RUN_20260729T052349Z/binding/p1_bytes_roundtrip.goto_functions.stderr.txt | mlk_poly_frombytes_cleanroom/PFB_04F_T4_FINAL_RUN_20260729T052349Z/binding/p2_raw_poly_roundtrip.goto_functions.stderr.txt | mlk_poly_frombytes_cleanroom/PFB_04F_T4_FINAL_RUN_20260729T052349Z/control/goto_functions.stderr.txt | mlk_poly_frombytes_cleanroom/PFB_04F_T4_FINAL_RUN_20260729T052349Z/control/result.stderr.txt | mlk_poly_frombytes_cleanroom/PFB_04F_T4_FINAL_RUN_20260729T052349Z/control/result.unwind385.stderr.txt | mlk_poly_frombytes_cleanroom/PFB_04F_T4_FINAL_RUN_20260729T052349Z/control/show_properties.direct.stderr.txt | mlk_poly_frombytes_cleanroom/PFB_04F_T4_FINAL_RUN_20260729T052349Z/p1_bytes_roundtrip/all_properties.stderr.txt | mlk_poly_frombytes_cleanroom/PFB_04F_T4_FINAL_RUN_20260729T052349Z/p1_bytes_roundtrip/theorem.stderr.txt | mlk_poly_frombytes_cleanroom/PFB_04F_T4_FINAL_RUN_20260729T052349Z/p2_raw_poly_roundtrip/all_properties.stderr.txt | mlk_poly_frombytes_cleanroom/PFB_04F_T4_FINAL_RUN_20260729T052349Z/p2_raw_poly_roundtrip/theorem.stderr.txt | mlk_poly_frombytes_cleanroom/PFB_04F_T4_FINAL_RUN_20260729T053316Z/binding/p1_bytes_roundtrip.goto_functions.stderr.txt | mlk_poly_frombytes_cleanroom/PFB_04F_T4_FINAL_RUN_20260729T053316Z/binding/p2_raw_poly_roundtrip.goto_functions.stderr.txt | mlk_poly_frombytes_cleanroom/PFB_04F_T4_FINAL_RUN_20260729T053316Z/control/goto_functions.stderr.txt | mlk_poly_frombytes_cleanroom/PFB_04F_T4_FINAL_RUN_20260729T053316Z/control/result.stderr.txt | mlk_poly_frombytes_cleanroom/PFB_04F_T4_FINAL_RUN_20260729T053316Z/mutants/p1_even_decode_shift/result.stderr.txt | mlk_poly_frombytes_cleanroom/PFB_04F_T4_FINAL_RUN_20260729T053316Z/mutants/p1_even_decode_shift/worktree_remove.stderr.txt | mlk_poly_frombytes_cleanroom/PFB_04F_T4_FINAL_RUN_20260729T053316Z/mutants/p1_even_decode_shift/worktree_remove.stdout.txt | mlk_poly_frombytes_cleanroom/PFB_04F_T4_FINAL_RUN_20260729T053316Z/mutants/p2_odd_decode_shift/result.stderr.txt | mlk_poly_frombytes_cleanroom/PFB_04F_T4_FINAL_RUN_20260729T053316Z/mutants/p2_odd_decode_shift/worktree_remove.stderr.txt | mlk_poly_frombytes_cleanroom/PFB_04F_T4_FINAL_RUN_20260729T053316Z/mutants/p2_odd_decode_shift/worktree_remove.stdout.txt | mlk_poly_frombytes_cleanroom/PFB_04F_T4_FINAL_RUN_20260729T053316Z/p1_bytes_roundtrip/all_properties.stderr.txt | mlk_poly_frombytes_cleanroom/PFB_04F_T4_FINAL_RUN_20260729T053316Z/p1_bytes_roundtrip/theorem.stderr.txt | mlk_poly_frombytes_cleanroom/PFB_04F_T4_FINAL_RUN_20260729T053316Z/p2_raw_poly_roundtrip/all_properties.stderr.txt | mlk_poly_frombytes_cleanroom/PFB_04F_T4_FINAL_RUN_20260729T053316Z/p2_raw_poly_roundtrip/theorem.stderr.txt | mlk_poly_frombytes_cleanroom/PFB_T1_FINAL_FREEZE_af4c5abd_20260729T043912Z/input_evidence/PFB_01C/binding/control_goto_functions.stderr.txt | mlk_poly_frombytes_cleanroom/PFB_T1_FINAL_FREEZE_af4c5abd_20260729T043912Z/input_evidence/PFB_01C/results/control_all.stderr.txt | mlk_poly_frombytes_cleanroom/PFB_T1_FINAL_FREEZE_af4c5abd_20260729T043912Z/input_evidence/PFB_01M/baseline_replay/result.stderr.txt | mlk_poly_frombytes_cleanroom/PFB_T1_FINAL_FREEZE_af4c5abd_20260729T043912Z/input_evidence/PFB_01M/boundary/result.stderr.txt | mlk_poly_frombytes_cleanroom/PFB_T1_FINAL_FREEZE_af4c5abd_20260729T043912Z/input_evidence/PFB_01M/mutants/even/result.stderr.txt | mlk_poly_frombytes_cleanroom/PFB_T1_FINAL_FREEZE_af4c5abd_20260729T043912Z/input_evidence/PFB_01M/mutants/odd/result.stderr.txt | mlk_poly_frombytes_cleanroom/PFB_T1_FINAL_FREEZE_af4c5abd_20260729T043912Z/input_evidence/PFB_01S/binding/goto_functions.stderr.txt | mlk_poly_frombytes_cleanroom/PFB_T1_FINAL_FREEZE_af4c5abd_20260729T043912Z/input_evidence/PFB_01S/binding/show_properties.stderr.txt | mlk_poly_frombytes_cleanroom/PFB_T1_FINAL_FREEZE_af4c5abd_20260729T043912Z/input_evidence/PFB_01S/results/all_properties.stderr.txt | mlk_poly_frombytes_cleanroom/PFB_T1_FINAL_FREEZE_af4c5abd_20260729T043912Z/input_evidence/PFB_01S/results/theorem_only.stderr.txt | mlk_poly_frombytes_cleanroom/PFB_T2_FINAL_FREEZE_af4c5abd_20260729T050106Z/control/goto_functions.stderr.txt | mlk_poly_frombytes_cleanroom/PFB_T2_FINAL_FREEZE_af4c5abd_20260729T050106Z/control/result.stderr.txt | mlk_poly_frombytes_cleanroom/PFB_T2_FINAL_FREEZE_af4c5abd_20260729T050106Z/mutants/p1_first_byte_route/result.stderr.txt | mlk_poly_frombytes_cleanroom/PFB_T2_FINAL_FREEZE_af4c5abd_20260729T050106Z/mutants/p1_first_byte_route/worktree_remove.stderr.txt | mlk_poly_frombytes_cleanroom/PFB_T2_FINAL_FREEZE_af4c5abd_20260729T050106Z/mutants/p1_first_byte_route/worktree_remove.stdout.txt | mlk_poly_frombytes_cleanroom/PFB_T2_FINAL_FREEZE_af4c5abd_20260729T050106Z/mutants/p2_low_nibble_route/result.stderr.txt | mlk_poly_frombytes_cleanroom/PFB_T2_FINAL_FREEZE_af4c5abd_20260729T050106Z/mutants/p2_low_nibble_route/worktree_remove.stderr.txt | mlk_poly_frombytes_cleanroom/PFB_T2_FINAL_FREEZE_af4c5abd_20260729T050106Z/mutants/p2_low_nibble_route/worktree_remove.stdout.txt | mlk_poly_frombytes_cleanroom/PFB_T2_FINAL_FREEZE_af4c5abd_20260729T050106Z/mutants/p3_high_nibble_route/result.stderr.txt | mlk_poly_frombytes_cleanroom/PFB_T2_FINAL_FREEZE_af4c5abd_20260729T050106Z/mutants/p3_high_nibble_route/worktree_remove.stderr.txt | mlk_poly_frombytes_cleanroom/PFB_T2_FINAL_FREEZE_af4c5abd_20260729T050106Z/mutants/p3_high_nibble_route/worktree_remove.stdout.txt | mlk_poly_frombytes_cleanroom/PFB_T2_FINAL_FREEZE_af4c5abd_20260729T050106Z/mutants/p4_third_byte_route/result.stderr.txt | mlk_poly_frombytes_cleanroom/PFB_T2_FINAL_FREEZE_af4c5abd_20260729T050106Z/mutants/p4_third_byte_route/worktree_remove.stderr.txt | mlk_poly_frombytes_cleanroom/PFB_T2_FINAL_FREEZE_af4c5abd_20260729T050106Z/mutants/p4_third_byte_route/worktree_remove.stdout.txt | mlk_poly_frombytes_cleanroom/PFB_T2_FINAL_FREEZE_af4c5abd_20260729T050106Z/mutants/p5_cross_block_dependency/result.stderr.txt | mlk_poly_frombytes_cleanroom/PFB_T2_FINAL_FREEZE_af4c5abd_20260729T050106Z/mutants/p5_cross_block_dependency/worktree_remove.stderr.txt | mlk_poly_frombytes_cleanroom/PFB_T2_FINAL_FREEZE_af4c5abd_20260729T050106Z/mutants/p5_cross_block_dependency/worktree_remove.stdout.txt | mlk_poly_frombytes_cleanroom/PFB_T3_FINAL_FREEZE_af4c5abd_20260729T051133Z/baseline/all_properties.stderr.txt | mlk_poly_frombytes_cleanroom/PFB_T3_FINAL_FREEZE_af4c5abd_20260729T051133Z/baseline/theorem_only.stderr.txt | mlk_poly_frombytes_cleanroom/PFB_T3_FINAL_FREEZE_af4c5abd_20260729T051133Z/control/goto_functions.stderr.txt | mlk_poly_frombytes_cleanroom/PFB_T3_FINAL_FREEZE_af4c5abd_20260729T051133Z/control/result.stderr.txt | mlk_poly_frombytes_cleanroom/PFB_T3_FINAL_FREEZE_af4c5abd_20260729T051133Z/mutants/p1_bijective_permutation/result.stderr.txt | mlk_poly_frombytes_cleanroom/PFB_T3_FINAL_FREEZE_af4c5abd_20260729T051133Z/mutants/p1_bijective_permutation/worktree_remove.stderr.txt | mlk_poly_frombytes_cleanroom/PFB_T3_FINAL_FREEZE_af4c5abd_20260729T051133Z/mutants/p1_bijective_permutation/worktree_remove.stdout.txt | mlk_poly_frombytes_cleanroom/PFB_T3_FINAL_FREEZE_af4c5abd_20260729T051133Z/mutants/p2_information_loss/result.stderr.txt | mlk_poly_frombytes_cleanroom/PFB_T3_FINAL_FREEZE_af4c5abd_20260729T051133Z/mutants/p2_information_loss/worktree_remove.stderr.txt | mlk_poly_frombytes_cleanroom/PFB_T3_FINAL_FREEZE_af4c5abd_20260729T051133Z/mutants/p2_information_loss/worktree_remove.stdout.txt | mlk_poly_frombytes_cleanroom/PFB_T4_FINAL_FREEZE_af4c5abd_20260729T053316Z/control/goto_functions.stderr.txt | mlk_poly_frombytes_cleanroom/PFB_T4_FINAL_FREEZE_af4c5abd_20260729T053316Z/control/result.stderr.txt | mlk_poly_frombytes_cleanroom/PFB_T4_FINAL_FREEZE_af4c5abd_20260729T053316Z/mutants/p1_even_decode_shift/result.stderr.txt | mlk_poly_frombytes_cleanroom/PFB_T4_FINAL_FREEZE_af4c5abd_20260729T053316Z/mutants/p1_even_decode_shift/worktree_remove.stderr.txt | mlk_poly_frombytes_cleanroom/PFB_T4_FINAL_FREEZE_af4c5abd_20260729T053316Z/mutants/p1_even_decode_shift/worktree_remove.stdout.txt | mlk_poly_frombytes_cleanroom/PFB_T4_FINAL_FREEZE_af4c5abd_20260729T053316Z/mutants/p2_odd_decode_shift/result.stderr.txt | mlk_poly_frombytes_cleanroom/PFB_T4_FINAL_FREEZE_af4c5abd_20260729T053316Z/mutants/p2_odd_decode_shift/worktree_remove.stderr.txt | mlk_poly_frombytes_cleanroom/PFB_T4_FINAL_FREEZE_af4c5abd_20260729T053316Z/mutants/p2_odd_decode_shift/worktree_remove.stdout.txt | mlk_poly_frombytes_cleanroom/PFB_T4_FINAL_FREEZE_af4c5abd_20260729T053316Z/p1_bytes_roundtrip/all_properties.stderr.txt | mlk_poly_frombytes_cleanroom/PFB_T4_FINAL_FREEZE_af4c5abd_20260729T053316Z/p1_bytes_roundtrip/theorem.stderr.txt | mlk_poly_frombytes_cleanroom/PFB_T4_FINAL_FREEZE_af4c5abd_20260729T053316Z/p2_raw_poly_roundtrip/all_properties.stderr.txt | mlk_poly_frombytes_cleanroom/PFB_T4_FINAL_FREEZE_af4c5abd_20260729T053316Z/p2_raw_poly_roundtrip/theorem.stderr.txt
e472c7b212a58a3eea4d79d0d63a029bfedd090139f5b5fda0a78324e83a994b,4363,2,mlk_poly_frombytes_cleanroom/PFB_04F_T4_FINAL_RUN_20260729T053316Z/mutants/p1_even_decode_shift/make.stdout.txt | mlk_poly_frombytes_cleanroom/PFB_T4_FINAL_FREEZE_af4c5abd_20260729T053316Z/mutants/p1_even_decode_shift/make.stdout.txt
e4a882bd3684766d4eb5258b0a5909aad472b97c0dac904c504b36f5f69953ad,26474,1,mlk_poly_frombytes_cleanroom/PFB_T3_FINAL_FREEZE_af4c5abd_20260729T051133Z/PFB_03F_TERMINAL_OUTPUT.txt
e4b9bea9f0ca67b9047e0b85169679fb1df81a0b68db644b4eaa04a8bc4274da,280,2,mlk_poly_frombytes_cleanroom/PFB_01M_T1_BOUNDARY_MUTATION_RUN_20260729T043912Z/boundary/summary.txt | mlk_poly_frombytes_cleanroom/PFB_T1_FINAL_FREEZE_af4c5abd_20260729T043912Z/input_evidence/PFB_01M/boundary/summary.txt
e5c5231f947ba70dfd49a18d4b86d6a8838eb2882853774856954dc0e1cf3786,1850,1,mlk_poly_frombytes_cleanroom/PFB_04F_T4_FINAL_RUN_20260729T052349Z/p1_bytes_roundtrip/theorem.xml
e6aeeb62f373de347003e1560f582340a9540d380e710efbb4e83a183fad0038,20399584,2,mlk_poly_frombytes_cleanroom/PFB_02M_T2_FINAL_MUTATION_RUN_20260729T050106Z/mutants/p4_third_byte_route/result.xml | mlk_poly_frombytes_cleanroom/PFB_T2_FINAL_FREEZE_af4c5abd_20260729T050106Z/mutants/p4_third_byte_route/result.xml
e73234119ff5ad49dc51f2d886ba8cbcbcbfdd886041c2571d4bdc90868c3493,1454,6,mlk_poly_frombytes_cleanroom/PFB_00C_THEOREM_FREEZE_af4c5abd/registry/verification_intent.json | mlk_poly_frombytes_cleanroom/PFB_CAMPAIGN_FINAL_SEAL_af4c5abd_20260729T054222Z/frozen_registry/verification_intent.json | mlk_poly_frombytes_cleanroom/PFB_T1_FINAL_FREEZE_af4c5abd_20260729T043912Z/input_evidence/PFB_00C/registry/verification_intent.json | mlk_poly_frombytes_cleanroom/PFB_T2_FINAL_FREEZE_af4c5abd_20260729T050106Z/prior_evidence/verification_intent.json | mlk_poly_frombytes_cleanroom/PFB_T3_FINAL_FREEZE_af4c5abd_20260729T051133Z/prior_evidence/verification_intent.json | mlk_poly_frombytes_cleanroom/PFB_T4_FINAL_FREEZE_af4c5abd_20260729T053316Z/prior_evidence/verification_intent.json
e84aa0e7a1c37f3bdd476c11423516980448b4d420ea1e9454f15e8832e5b243,3061,2,mlk_poly_frombytes_cleanroom/PFB_02M_T2_FINAL_MUTATION_RUN_20260729T050106Z/control/Makefile | mlk_poly_frombytes_cleanroom/PFB_T2_FINAL_FREEZE_af4c5abd_20260729T050106Z/control/Makefile
e899cfdf692c905d9efd144aabbdbb0b3cc3ef236059f9145197517221eb0f95,3490517,3,mlk_poly_frombytes_cleanroom/PFB_01M_T1_BOUNDARY_MUTATION_RUN_20260729T043912Z/mutants/even/result.xml | mlk_poly_frombytes_cleanroom/PFB_T1_FINAL_FREEZE_af4c5abd_20260729T043912Z/input_evidence/PFB_01M/mutants/even/result.xml | mlk_poly_frombytes_cleanroom/PFB_T1_FINAL_FREEZE_af4c5abd_20260729T043912Z/mutation_evidence/even_result.xml
e8e237e2865bd207c35389c9c459e0c23f4e77afb582f3205de9ca8bb56bb0f4,8692313,2,mlk_poly_frombytes_cleanroom/PFB_03F_T3_FINAL_RUN_20260729T051133Z/mutants/p1_bijective_permutation/result.xml | mlk_poly_frombytes_cleanroom/PFB_T3_FINAL_FREEZE_af4c5abd_20260729T051133Z/mutants/p1_bijective_permutation/result.xml
efb47fbea8677d450a4d41e68cb0cc1f8dadddcbd1724fc92ab0bbce71e7e4c3,2488,6,mlk_poly_frombytes_cleanroom/PFB_00C_THEOREM_FREEZE_af4c5abd/registry/PFB_SCOPE_AND_NONCLAIMS_V1.md | mlk_poly_frombytes_cleanroom/PFB_CAMPAIGN_FINAL_SEAL_af4c5abd_20260729T054222Z/frozen_registry/PFB_SCOPE_AND_NONCLAIMS_V1.md | mlk_poly_frombytes_cleanroom/PFB_T1_FINAL_FREEZE_af4c5abd_20260729T043912Z/input_evidence/PFB_00C/registry/PFB_SCOPE_AND_NONCLAIMS_V1.md | mlk_poly_frombytes_cleanroom/PFB_T2_FINAL_FREEZE_af4c5abd_20260729T050106Z/prior_evidence/PFB_SCOPE_AND_NONCLAIMS_V1.md | mlk_poly_frombytes_cleanroom/PFB_T3_FINAL_FREEZE_af4c5abd_20260729T051133Z/prior_evidence/PFB_SCOPE_AND_NONCLAIMS_V1.md | mlk_poly_frombytes_cleanroom/PFB_T4_FINAL_FREEZE_af4c5abd_20260729T053316Z/prior_evidence/PFB_SCOPE_AND_NONCLAIMS_V1.md
f1754636d13a44dcdcd8131e3d34cf52b0efa997d8d5c35c8590eb17346a4bf4,22566,2,mlk_poly_frombytes_cleanroom/PFB_01S_T1_SAT_SEMANTIC_RUN2_20260729T040920Z/binding/show_properties.txt | mlk_poly_frombytes_cleanroom/PFB_T1_FINAL_FREEZE_af4c5abd_20260729T043912Z/input_evidence/PFB_01S/binding/show_properties.txt
f3191a50045c95f9d27e73572cd6de07b0090e5b745e0e35a07ca531a1a77256,157,1,mlk_poly_frombytes_cleanroom/PFB_02A_T2_SEMANTIC_BASELINE_20260729T044653Z/results/bit_routes_all.summary.txt
f456c26c6cd001b1e12de4ef115fed94bfa1c9be49b84c53dd3f7981382d0556,1236,3,mlk_poly_frombytes_cleanroom/PFB_00C_THEOREM_FREEZE_af4c5abd/registry/PFB_OVERLAP_DECISION_V1.md | mlk_poly_frombytes_cleanroom/PFB_CAMPAIGN_FINAL_SEAL_af4c5abd_20260729T054222Z/frozen_registry/PFB_OVERLAP_DECISION_V1.md | mlk_poly_frombytes_cleanroom/PFB_T1_FINAL_FREEZE_af4c5abd_20260729T043912Z/input_evidence/PFB_00C/registry/PFB_OVERLAP_DECISION_V1.md
f551c476109cbf4c06f161780f68a4b8c4e248c15a53b6300300d6e38759f560,984,1,mlk_poly_frombytes_cleanroom/PFB_CAMPAIGN_FINAL_SEAL_af4c5abd_20260729T054222Z/PFB_CAMPAIGN_ARCHIVE_INDEX.txt
f5806dc4aef35366e7919feffd40fb3a3b721563db01d954c2c3bf116d80555c,2953,2,mlk_poly_frombytes_cleanroom/PFB_03F_T3_FINAL_RUN_20260729T051133Z/control/pfb_t3_nonvacuity_20260729T051133Z_harness.c | mlk_poly_frombytes_cleanroom/PFB_T3_FINAL_FREEZE_af4c5abd_20260729T051133Z/control/pfb_t3_nonvacuity_20260729T051133Z_harness.c
f5abb690ae3059daf6c8eab7d6847b46d1166271f1b697c9715f586c477ab64f,2709,6,mlk_poly_frombytes_cleanroom/PFB_00C_THEOREM_FREEZE_af4c5abd/registry/PFB_THEOREM_REGISTRY_V1.md | mlk_poly_frombytes_cleanroom/PFB_CAMPAIGN_FINAL_SEAL_af4c5abd_20260729T054222Z/frozen_registry/PFB_THEOREM_REGISTRY_V1.md | mlk_poly_frombytes_cleanroom/PFB_T1_FINAL_FREEZE_af4c5abd_20260729T043912Z/input_evidence/PFB_00C/registry/PFB_THEOREM_REGISTRY_V1.md | mlk_poly_frombytes_cleanroom/PFB_T2_FINAL_FREEZE_af4c5abd_20260729T050106Z/prior_evidence/PFB_THEOREM_REGISTRY_V1.md | mlk_poly_frombytes_cleanroom/PFB_T3_FINAL_FREEZE_af4c5abd_20260729T051133Z/prior_evidence/PFB_THEOREM_REGISTRY_V1.md | mlk_poly_frombytes_cleanroom/PFB_T4_FINAL_FREEZE_af4c5abd_20260729T053316Z/prior_evidence/PFB_THEOREM_REGISTRY_V1.md
f5d11b702eedfc2651cd860815b916c063f39efc764a98e7d06d1295df3772c4,351179,1,mlk_poly_frombytes_cleanroom/PFB_T3_FINAL_FREEZE_af4c5abd_20260729T051133Z.tar.gz
f715e911e58f41b5861b5504d0791842a53c2af5345e8e2b750074558633075a,3165,2,mlk_poly_frombytes_cleanroom/PFB_01C_T1_CONTROL_SUITE_20260729T042046Z/build/make.stdout.txt | mlk_poly_frombytes_cleanroom/PFB_T1_FINAL_FREEZE_af4c5abd_20260729T043912Z/input_evidence/PFB_01C/build/make.stdout.txt
f71c0f1ab2cd922bc177c3aab8e0a931f6587d20caddde43ca652306950fc043,981,1,mlk_poly_frombytes_cleanroom/PFB_01M_T1_BOUNDARY_MUTATION_RUN_20260729T043912Z/PFB_01M_RESULT.txt
f85f266187c62ace9bff8ed8e9294ff0261a4cf7bd98e69bc2d1e849b7ea545e,323,1,mlk_poly_frombytes_cleanroom/PFB_02A_T2_SEMANTIC_BASELINE_20260729T044653Z/results/bit_routes_theorem.summary.txt
f9b0379182cb53b38afe7c128cd8222673d69481996c3b1a9dbae48195c0cf25,15088,1,mlk_poly_frombytes_cleanroom/PFB_04F_T4_FINAL_RUN_20260729T053316Z/binding/p1_bytes_roundtrip.goto_functions.txt
fc5a64d1d8e6ae9f1c81f8a0299497cf546168e7090af9ddafb057a4a1957c33,1954,2,mlk_poly_frombytes_cleanroom/PFB_01C_T1_CONTROL_SUITE_20260729T042046Z/artifacts/pfb_t1_controls_harness.c | mlk_poly_frombytes_cleanroom/PFB_T1_FINAL_FREEZE_af4c5abd_20260729T043912Z/input_evidence/PFB_01C/artifacts/pfb_t1_controls_harness.c
fd763e3f433a6eaf65dc2d9c2157040d0359ca8bed3ebe2c09bb817f0157cc1f,523,2,mlk_poly_frombytes_cleanroom/PFB_03F_T3_FINAL_RUN_20260729T051133Z/baseline/theorem_only.command.txt | mlk_poly_frombytes_cleanroom/PFB_T3_FINAL_FREEZE_af4c5abd_20260729T051133Z/baseline/theorem_only.command.txt
fdb2514c7e17913020a9b005b5fe14a674aaa5a0737ed2ed412eb87ce679abe5,19105,1,mlk_poly_frombytes_cleanroom/PFB_01_T1_BASELINE_RUN1/make_dry_run.txt
fdf5aa1bef66b8072598414879161e9a49e9b8ba0c34908ef08fb95ce4754a2e,28103,2,mlk_poly_frombytes_cleanroom/PFB_04F_T4_FINAL_RUN_20260729T053316Z/control/goto_functions.txt | mlk_poly_frombytes_cleanroom/PFB_T4_FINAL_FREEZE_af4c5abd_20260729T053316Z/control/goto_functions.txt
fe32f321ab838f6dafab7c1160ccdd39334f75531fba8d9db7cf4289a6a5547f,285,1,mlk_poly_frombytes_cleanroom/PFB_04F_T4_FINAL_RUN_20260729T052349Z/control/summary.txt
