property_id	status	description
harness.assertion.1	SUCCESS	
mlk_poly_tobytes_c.assertion.1	SUCCESS	
harness.array_bounds.1	SUCCESS	
harness.overflow.1	SUCCESS	
harness.overflow.2	SUCCESS	
harness.overflow.3	SUCCESS	
harness.overflow.4	SUCCESS	
harness.overflow.5	SUCCESS	
harness.overflow.6	SUCCESS	
harness.overflow.7	SUCCESS	
harness.overflow.8	SUCCESS	
harness.overflow.9	SUCCESS	
harness.overflow.10	SUCCESS	
harness.overflow.11	SUCCESS	
harness.overflow.12	SUCCESS	
harness.array_bounds.2	SUCCESS	
harness.overflow.13	SUCCESS	
harness.array_bounds.3	SUCCESS	
harness.overflow.14	SUCCESS	
harness.array_bounds.4	SUCCESS	
mlk_poly_tobytes_c.overflow.1	SUCCESS	
mlk_poly_tobytes_c.pointer_arithmetic.1	SUCCESS	
mlk_poly_tobytes_c.pointer_arithmetic.2	SUCCESS	
mlk_poly_tobytes_c.pointer_arithmetic.3	SUCCESS	
mlk_poly_tobytes_c.pointer_arithmetic.4	SUCCESS	
mlk_poly_tobytes_c.pointer_arithmetic.5	SUCCESS	
mlk_poly_tobytes_c.pointer_arithmetic.6	SUCCESS	
mlk_poly_tobytes_c.pointer_dereference.1	SUCCESS	
mlk_poly_tobytes_c.pointer_dereference.2	SUCCESS	
mlk_poly_tobytes_c.pointer_dereference.3	SUCCESS	
mlk_poly_tobytes_c.pointer_dereference.4	SUCCESS	
mlk_poly_tobytes_c.pointer_dereference.5	SUCCESS	
mlk_poly_tobytes_c.pointer_dereference.6	SUCCESS	
mlk_poly_tobytes_c.overflow.2	SUCCESS	
mlk_poly_tobytes_c.pointer_arithmetic.7	SUCCESS	
mlk_poly_tobytes_c.pointer_arithmetic.8	SUCCESS	
mlk_poly_tobytes_c.pointer_arithmetic.9	SUCCESS	
mlk_poly_tobytes_c.pointer_arithmetic.10	SUCCESS	
mlk_poly_tobytes_c.pointer_arithmetic.11	SUCCESS	
mlk_poly_tobytes_c.pointer_arithmetic.12	SUCCESS	
mlk_poly_tobytes_c.pointer_dereference.7	SUCCESS	
mlk_poly_tobytes_c.pointer_dereference.8	SUCCESS	
mlk_poly_tobytes_c.pointer_dereference.9	SUCCESS	
mlk_poly_tobytes_c.pointer_dereference.10	SUCCESS	
mlk_poly_tobytes_c.pointer_dereference.11	SUCCESS	
mlk_poly_tobytes_c.pointer_dereference.12	SUCCESS	
mlk_poly_tobytes_c.pointer_dereference.13	SUCCESS	
mlk_poly_tobytes_c.pointer_dereference.14	SUCCESS	
mlk_poly_tobytes_c.pointer_dereference.15	SUCCESS	
mlk_poly_tobytes_c.pointer_dereference.16	SUCCESS	
mlk_poly_tobytes_c.pointer_dereference.17	SUCCESS	
mlk_poly_tobytes_c.pointer_dereference.18	SUCCESS	
mlk_poly_tobytes_c.overflow.3	SUCCESS	
mlk_poly_tobytes_c.array_bounds.1	SUCCESS	
mlk_poly_tobytes_c.overflow.4	SUCCESS	
mlk_poly_tobytes_c.overflow.5	SUCCESS	
mlk_poly_tobytes_c.array_bounds.2	SUCCESS	
mlk_poly_tobytes_c.overflow.6	SUCCESS	
mlk_poly_tobytes_c.overflow.7	SUCCESS	
mlk_poly_tobytes_c.pointer_arithmetic.13	SUCCESS	
mlk_poly_tobytes_c.pointer_arithmetic.14	SUCCESS	
mlk_poly_tobytes_c.pointer_arithmetic.15	SUCCESS	
mlk_poly_tobytes_c.pointer_arithmetic.16	SUCCESS	
mlk_poly_tobytes_c.pointer_arithmetic.17	SUCCESS	
mlk_poly_tobytes_c.pointer_arithmetic.18	SUCCESS	
mlk_poly_tobytes_c.pointer_dereference.19	SUCCESS	
mlk_poly_tobytes_c.pointer_dereference.20	SUCCESS	
mlk_poly_tobytes_c.pointer_dereference.21	SUCCESS	
mlk_poly_tobytes_c.pointer_dereference.22	SUCCESS	
mlk_poly_tobytes_c.pointer_dereference.23	SUCCESS	
mlk_poly_tobytes_c.pointer_dereference.24	SUCCESS	
mlk_poly_tobytes_c.overflow.8	SUCCESS	
mlk_poly_tobytes_c.overflow.9	SUCCESS	
mlk_poly_tobytes_c.overflow.10	SUCCESS	
mlk_poly_tobytes_c.pointer_arithmetic.19	SUCCESS	
mlk_poly_tobytes_c.pointer_arithmetic.20	SUCCESS	
mlk_poly_tobytes_c.pointer_arithmetic.21	SUCCESS	
mlk_poly_tobytes_c.pointer_arithmetic.22	SUCCESS	
mlk_poly_tobytes_c.pointer_arithmetic.23	SUCCESS	
mlk_poly_tobytes_c.pointer_arithmetic.24	SUCCESS	
mlk_poly_tobytes_c.pointer_dereference.25	SUCCESS	
mlk_poly_tobytes_c.pointer_dereference.26	SUCCESS	
mlk_poly_tobytes_c.pointer_dereference.27	SUCCESS	
mlk_poly_tobytes_c.pointer_dereference.28	SUCCESS	
mlk_poly_tobytes_c.pointer_dereference.29	SUCCESS	
mlk_poly_tobytes_c.pointer_dereference.30	SUCCESS	
mlk_poly_tobytes_c.undefined-shift.1	SUCCESS	
mlk_poly_tobytes_c.overflow.11	SUCCESS	
mlk_poly_tobytes_c.overflow.12	SUCCESS	
mlk_poly_tobytes_c.overflow.13	SUCCESS	
mlk_poly_tobytes_c.overflow.14	SUCCESS	
mlk_poly_tobytes_c.pointer_arithmetic.25	SUCCESS	
mlk_poly_tobytes_c.pointer_arithmetic.26	SUCCESS	
mlk_poly_tobytes_c.pointer_arithmetic.27	SUCCESS	
mlk_poly_tobytes_c.pointer_arithmetic.28	SUCCESS	
mlk_poly_tobytes_c.pointer_arithmetic.29	SUCCESS	
mlk_poly_tobytes_c.pointer_arithmetic.30	SUCCESS	
mlk_poly_tobytes_c.pointer_dereference.31	SUCCESS	
mlk_poly_tobytes_c.pointer_dereference.32	SUCCESS	
mlk_poly_tobytes_c.pointer_dereference.33	SUCCESS	
mlk_poly_tobytes_c.pointer_dereference.34	SUCCESS	
mlk_poly_tobytes_c.pointer_dereference.35	SUCCESS	
mlk_poly_tobytes_c.pointer_dereference.36	SUCCESS	
mlk_poly_tobytes_c.overflow.15	SUCCESS	
mlk_poly_tobytes_c.overflow.16	SUCCESS	
