ID	Property	Domain	Result	Classification
T4.P14	Complete nonnegative numerator-safe multiplier domain	All int16 a and all int32 M under implication domain	PASS	Design-space safety theorem
T4.P15	Multiplier 20159 full-domain sufficiency and production binding	All 65536 int16 inputs	PASS	Implementation-specific parameter binding
T4.P16	Every safe multiplier below 20159 rejected by a=-31626	All M in 0..20158	PASS	Lower exclusion theorem
T4.P17	Every safe multiplier above 20159 rejected by a=-31625	All M in 20160..64513	PASS	Upper exclusion theorem
T4.P18	Passing both adjacent witnesses iff M=20159	All M in 0..64513	PASS	Unique-multiplier theorem
C4	Multiplier boundaries, witnesses and production endpoints	10 concrete assertions	PASS	Boundary and non-vacuity control
T4-M1	False unique multiplier 20158	All symbolic T4 domains	KILLED by P18	Uniqueness-claim mutation
T4-M2	Corrupted lower witness -31625	All symbolic T4 domains	KILLED by P16	Witness mutation
T4-M3	Corrupted upper witness -31626	All symbolic T4 domains	KILLED by P17	Witness mutation
