producer_stage,output_key,declared_path,resolved_path,exists,declared_sha256,sha256,checksum_matches_manifest,checksum_declared,size_bytes
01_master_orchestrator,resolved_config,../../run_config.resolved.json,/home/girish/thesis-agent-workflow-26-property-test/diagnostics/p19_orchestration_probe_20260711T080622Z/P19/runs/campaign_p19_mock/run_config.resolved.json,True,2931dedf8d5b90dee301f3929be6550534ddedbc11e260e2d41ffe45facd7289,2931dedf8d5b90dee301f3929be6550534ddedbc11e260e2d41ffe45facd7289,True,True,9361
01_master_orchestrator,workflow_plan,../../workflow_plan.json,/home/girish/thesis-agent-workflow-26-property-test/diagnostics/p19_orchestration_probe_20260711T080622Z/P19/runs/campaign_p19_mock/workflow_plan.json,True,a052df6550fcc7f00acf6758456606e92c915a18697abbc3360b0e120568c457,a052df6550fcc7f00acf6758456606e92c915a18697abbc3360b0e120568c457,True,True,6099
01_master_orchestrator,run_manifest,../../run_manifest.json,/home/girish/thesis-agent-workflow-26-property-test/diagnostics/p19_orchestration_probe_20260711T080622Z/P19/runs/campaign_p19_mock/run_manifest.json,True,aed8275b0a1f1f2505e6adce18737d310e3c515fee8ced86ef87047debc29f8c,aed8275b0a1f1f2505e6adce18737d310e3c515fee8ced86ef87047debc29f8c,True,True,3443
01_master_orchestrator,repository_provenance,control/repository_provenance.json,/home/girish/thesis-agent-workflow-26-property-test/diagnostics/p19_orchestration_probe_20260711T080622Z/P19/runs/campaign_p19_mock/stages/01_master_orchestrator/control/repository_provenance.json,True,4c0176f623ee52ab9dfb49ccce7ee56af46e9d46e0d753bff17dbeda02fe0974,4c0176f623ee52ab9dfb49ccce7ee56af46e9d46e0d753bff17dbeda02fe0974,True,True,928
02_spec_extraction,spec_summary,llm_authoritative/01_spec_summary.json,/home/girish/thesis-agent-workflow-26-property-test/diagnostics/p19_orchestration_probe_20260711T080622Z/P19/runs/campaign_p19_mock/stages/02_spec_extraction/llm_authoritative/01_spec_summary.json,True,0bf5cdde1dd718acefc563cab278d5d839655033d3417ac58d1414d11c0826c1,0bf5cdde1dd718acefc563cab278d5d839655033d3417ac58d1414d11c0826c1,True,True,1506
02_spec_extraction,spec_summary_validation,validation/llm_call_validation.json,/home/girish/thesis-agent-workflow-26-property-test/diagnostics/p19_orchestration_probe_20260711T080622Z/P19/runs/campaign_p19_mock/stages/02_spec_extraction/validation/llm_call_validation.json,True,1f8926b15aaa10851fb87fb0c461b63df2c7d62b622c2a38abdcb95f540c0d4d,1f8926b15aaa10851fb87fb0c461b63df2c7d62b622c2a38abdcb95f540c0d4d,True,True,566
02_spec_extraction,selected_spec_excerpt_advisory,deterministic_reference/selected_spec_excerpt.txt,/home/girish/thesis-agent-workflow-26-property-test/diagnostics/p19_orchestration_probe_20260711T080622Z/P19/runs/campaign_p19_mock/stages/02_spec_extraction/deterministic_reference/selected_spec_excerpt.txt,True,e2b3a81b6218086812e7060ef8c522d86a00ea7f371eef76ce733fc3263db0b3,e2b3a81b6218086812e7060ef8c522d86a00ea7f371eef76ce733fc3263db0b3,True,True,390
03_code_understanding,code_summary,llm_authoritative/02_code_summary.json,/home/girish/thesis-agent-workflow-26-property-test/diagnostics/p19_orchestration_probe_20260711T080622Z/P19/runs/campaign_p19_mock/stages/03_code_understanding/llm_authoritative/02_code_summary.json,True,2ce91dd2ad8012b8bf7699077f0da18a3532596913da6ab0b5a182a8fb2ed76b,2ce91dd2ad8012b8bf7699077f0da18a3532596913da6ab0b5a182a8fb2ed76b,True,True,1567
03_code_understanding,code_summary_validation,validation/llm_call_validation.json,/home/girish/thesis-agent-workflow-26-property-test/diagnostics/p19_orchestration_probe_20260711T080622Z/P19/runs/campaign_p19_mock/stages/03_code_understanding/validation/llm_call_validation.json,True,b3647076ea23eee72a053ee97a9434a385075e4d409d18bfc5389857b5e88840,b3647076ea23eee72a053ee97a9434a385075e4d409d18bfc5389857b5e88840,True,True,569
03_code_understanding,function_signature_analysis_advisory,deterministic_reference/02_function_signature_analysis.deterministic.json,/home/girish/thesis-agent-workflow-26-property-test/diagnostics/p19_orchestration_probe_20260711T080622Z/P19/runs/campaign_p19_mock/stages/03_code_understanding/deterministic_reference/02_function_signature_analysis.deterministic.json,True,9304396e57c0c8ed75ebc58a4ad814afdf97c7aff14495292c4d75e93f33d47f,9304396e57c0c8ed75ebc58a4ad814afdf97c7aff14495292c4d75e93f33d47f,True,True,1835
03_code_understanding,cbmc_harness_hints_advisory,deterministic_reference/02_cbmc_harness_hints.deterministic.json,/home/girish/thesis-agent-workflow-26-property-test/diagnostics/p19_orchestration_probe_20260711T080622Z/P19/runs/campaign_p19_mock/stages/03_code_understanding/deterministic_reference/02_cbmc_harness_hints.deterministic.json,True,1ea521b87de69eb6ce372b1ebc3b8a9dd70c1b1ef03e27ec18a3e4082b303680,1ea521b87de69eb6ce372b1ebc3b8a9dd70c1b1ef03e27ec18a3e4082b303680,True,True,1881
04_property_discovery,candidate_properties,llm_authoritative/03_candidate_properties.json,/home/girish/thesis-agent-workflow-26-property-test/diagnostics/p19_orchestration_probe_20260711T080622Z/P19/runs/campaign_p19_mock/stages/04_property_discovery/llm_authoritative/03_candidate_properties.json,True,72f4139308d7d912fb4ec67e481b61ddde9888cd52fa40338304b7b459d47866,72f4139308d7d912fb4ec67e481b61ddde9888cd52fa40338304b7b459d47866,True,True,1292
04_property_discovery,candidate_properties_validation,validation/llm_call_validation.json,/home/girish/thesis-agent-workflow-26-property-test/diagnostics/p19_orchestration_probe_20260711T080622Z/P19/runs/campaign_p19_mock/stages/04_property_discovery/validation/llm_call_validation.json,True,603f492b4f7dbff14b3f600266619b4d0c543b3137d0d0afd1e66cca024a2dda,603f492b4f7dbff14b3f600266619b4d0c543b3137d0d0afd1e66cca024a2dda,True,True,569
04_property_discovery,property_evidence_matrix_advisory,deterministic_reference/03_property_evidence_matrix.deterministic.json,/home/girish/thesis-agent-workflow-26-property-test/diagnostics/p19_orchestration_probe_20260711T080622Z/P19/runs/campaign_p19_mock/stages/04_property_discovery/deterministic_reference/03_property_evidence_matrix.deterministic.json,True,91e9d89b9ece2f67606689b613aeebcffb8c767874325691a00ba568590d2dc7,91e9d89b9ece2f67606689b613aeebcffb8c767874325691a00ba568590d2dc7,True,True,1139
04_property_discovery,spec_code_traceability_advisory,deterministic_reference/03_spec_code_traceability.deterministic.json,/home/girish/thesis-agent-workflow-26-property-test/diagnostics/p19_orchestration_probe_20260711T080622Z/P19/runs/campaign_p19_mock/stages/04_property_discovery/deterministic_reference/03_spec_code_traceability.deterministic.json,True,2b66f5192dc48c93d44fae059039836e5981140f78655f87f66d63260bcddc3a,2b66f5192dc48c93d44fae059039836e5981140f78655f87f66d63260bcddc3a,True,True,1351
04_property_discovery,property_risk_register_advisory,deterministic_reference/03_property_risk_register.deterministic.json,/home/girish/thesis-agent-workflow-26-property-test/diagnostics/p19_orchestration_probe_20260711T080622Z/P19/runs/campaign_p19_mock/stages/04_property_discovery/deterministic_reference/03_property_risk_register.deterministic.json,True,25276a8cbc1eb0bd6961a86c79fef632a925be09c7eb78a97a847749eab06eae,25276a8cbc1eb0bd6961a86c79fef632a925be09c7eb78a97a847749eab06eae,True,True,857
05_artifact_generation,artifact_plan,llm_authoritative/04_artifact_plan.json,/home/girish/thesis-agent-workflow-26-property-test/diagnostics/p19_orchestration_probe_20260711T080622Z/P19/runs/campaign_p19_mock/stages/05_artifact_generation/llm_authoritative/04_artifact_plan.json,True,3eca62ce94fc7f0958924cbc73c68579e0f3f1bb51021ca3abe638344c76f716,3eca62ce94fc7f0958924cbc73c68579e0f3f1bb51021ca3abe638344c76f716,True,True,4962
05_artifact_generation,generated_harness,rendered_outputs/04_generated_harness.c,/home/girish/thesis-agent-workflow-26-property-test/diagnostics/p19_orchestration_probe_20260711T080622Z/P19/runs/campaign_p19_mock/stages/05_artifact_generation/rendered_outputs/04_generated_harness.c,True,df26e57b7d91d2e3c24f0e0c27646469e33141024d9316d78f47bde5e8f62776,df26e57b7d91d2e3c24f0e0c27646469e33141024d9316d78f47bde5e8f62776,True,True,201
05_artifact_generation,artifact_manifest,rendered_outputs/04_artifact_manifest.json,/home/girish/thesis-agent-workflow-26-property-test/diagnostics/p19_orchestration_probe_20260711T080622Z/P19/runs/campaign_p19_mock/stages/05_artifact_generation/rendered_outputs/04_artifact_manifest.json,True,425ab1ed0eee8825db7ffb8897e4dd36b7b03a6cdbdda6db96e3d73e36abacf5,425ab1ed0eee8825db7ffb8897e4dd36b7b03a6cdbdda6db96e3d73e36abacf5,True,True,3403
05_artifact_generation,independence_audit,validation/04_independence_audit.json,/home/girish/thesis-agent-workflow-26-property-test/diagnostics/p19_orchestration_probe_20260711T080622Z/P19/runs/campaign_p19_mock/stages/05_artifact_generation/validation/04_independence_audit.json,True,e3ccaa57809aee7e771d75f4057dce32344d8007f013866f151639e54967353e,e3ccaa57809aee7e771d75f4057dce32344d8007f013866f151639e54967353e,True,True,1181
05_artifact_generation,artifact_plan_validation,validation/llm_call_validation.json,/home/girish/thesis-agent-workflow-26-property-test/diagnostics/p19_orchestration_probe_20260711T080622Z/P19/runs/campaign_p19_mock/stages/05_artifact_generation/validation/llm_call_validation.json,True,87b4b731a8bc46eceb61c2f33b953518f62abab10cae3c43fec3420e466f5b90,87b4b731a8bc46eceb61c2f33b953518f62abab10cae3c43fec3420e466f5b90,True,True,570
05_artifact_generation,similarity_audit_details,validation/04_similarity_audit_details.csv,/home/girish/thesis-agent-workflow-26-property-test/diagnostics/p19_orchestration_probe_20260711T080622Z/P19/runs/campaign_p19_mock/stages/05_artifact_generation/validation/04_similarity_audit_details.csv,True,46a81b684bac1f9e1a707cb49e6765e5e68171f28074c998fed274043e63f0d5,46a81b684bac1f9e1a707cb49e6765e5e68171f28074c998fed274043e63f0d5,True,True,312
05_artifact_generation,contract_plan_validation,validation/04_contract_plan_validation.json,/home/girish/thesis-agent-workflow-26-property-test/diagnostics/p19_orchestration_probe_20260711T080622Z/P19/runs/campaign_p19_mock/stages/05_artifact_generation/validation/04_contract_plan_validation.json,True,80c780a8c1bf968a81d596d644435301577f87500b295b6a46b05ac29b86949c,80c780a8c1bf968a81d596d644435301577f87500b295b6a46b05ac29b86949c,True,True,1300
05_artifact_generation,selected_property_advisory,deterministic_reference/04_selected_property.deterministic.json,/home/girish/thesis-agent-workflow-26-property-test/diagnostics/p19_orchestration_probe_20260711T080622Z/P19/runs/campaign_p19_mock/stages/05_artifact_generation/deterministic_reference/04_selected_property.deterministic.json,True,1da53e0533a81bd7ede2f6e1f11d66f62a2149c0a152ee14770367d5f9b8827d,1da53e0533a81bd7ede2f6e1f11d66f62a2149c0a152ee14770367d5f9b8827d,True,True,1768
05_artifact_generation,prohibited_copy_reference_index,prohibited_copy_reference/existing_harness_similarity_sources.json,/home/girish/thesis-agent-workflow-26-property-test/diagnostics/p19_orchestration_probe_20260711T080622Z/P19/runs/campaign_p19_mock/stages/05_artifact_generation/prohibited_copy_reference/existing_harness_similarity_sources.json,True,c2cd9746e6ba7393e9386ebbdeefcd1096c60736f80d1fd7b8eb203360731b3e,c2cd9746e6ba7393e9386ebbdeefcd1096c60736f80d1fd7b8eb203360731b3e,True,True,1208
06_review_critic,critic_review,iterations/iteration_00/llm_authoritative/05_critic_review.json,/home/girish/thesis-agent-workflow-26-property-test/diagnostics/p19_orchestration_probe_20260711T080622Z/P19/runs/campaign_p19_mock/stages/06_review_critic/iterations/iteration_00/llm_authoritative/05_critic_review.json,True,24ae9b85180dad7b8bd909e0efd6648651afdc12c1861365c64923f3a01385dc,24ae9b85180dad7b8bd909e0efd6648651afdc12c1861365c64923f3a01385dc,True,True,1908
06_review_critic,review_gate_decision,iterations/iteration_00/validation/05_review_gate_decision.json,/home/girish/thesis-agent-workflow-26-property-test/diagnostics/p19_orchestration_probe_20260711T080622Z/P19/runs/campaign_p19_mock/stages/06_review_critic/iterations/iteration_00/validation/05_review_gate_decision.json,True,b7c0456c98ce645b5f0c06dbb697c64e97fe6c5629f56d19b3ae1c7caceafe21,b7c0456c98ce645b5f0c06dbb697c64e97fe6c5629f56d19b3ae1c7caceafe21,True,True,2337
06_review_critic,formal_build_plan,iterations/iteration_00/validation/05_formal_build_plan.json,/home/girish/thesis-agent-workflow-26-property-test/diagnostics/p19_orchestration_probe_20260711T080622Z/P19/runs/campaign_p19_mock/stages/06_review_critic/iterations/iteration_00/validation/05_formal_build_plan.json,True,6c7e664fbbf0894c5eefa041420be35cf88acbd769196a4309dedc54cdaf2966,6c7e664fbbf0894c5eefa041420be35cf88acbd769196a4309dedc54cdaf2966,True,True,4161
06_review_critic,generated_harness_under_review,../05_artifact_generation/rendered_outputs/04_generated_harness.c,/home/girish/thesis-agent-workflow-26-property-test/diagnostics/p19_orchestration_probe_20260711T080622Z/P19/runs/campaign_p19_mock/stages/05_artifact_generation/rendered_outputs/04_generated_harness.c,True,df26e57b7d91d2e3c24f0e0c27646469e33141024d9316d78f47bde5e8f62776,df26e57b7d91d2e3c24f0e0c27646469e33141024d9316d78f47bde5e8f62776,True,True,201
06_review_critic,artifact_plan_under_review,../05_artifact_generation/llm_authoritative/04_artifact_plan.json,/home/girish/thesis-agent-workflow-26-property-test/diagnostics/p19_orchestration_probe_20260711T080622Z/P19/runs/campaign_p19_mock/stages/05_artifact_generation/llm_authoritative/04_artifact_plan.json,True,3eca62ce94fc7f0958924cbc73c68579e0f3f1bb51021ca3abe638344c76f716,3eca62ce94fc7f0958924cbc73c68579e0f3f1bb51021ca3abe638344c76f716,True,True,4962
06_review_critic,artifact_manifest_under_review,../05_artifact_generation/rendered_outputs/04_artifact_manifest.json,/home/girish/thesis-agent-workflow-26-property-test/diagnostics/p19_orchestration_probe_20260711T080622Z/P19/runs/campaign_p19_mock/stages/05_artifact_generation/rendered_outputs/04_artifact_manifest.json,True,425ab1ed0eee8825db7ffb8897e4dd36b7b03a6cdbdda6db96e3d73e36abacf5,425ab1ed0eee8825db7ffb8897e4dd36b7b03a6cdbdda6db96e3d73e36abacf5,True,True,3403
06_review_critic,independence_audit_under_review,../05_artifact_generation/validation/04_independence_audit.json,/home/girish/thesis-agent-workflow-26-property-test/diagnostics/p19_orchestration_probe_20260711T080622Z/P19/runs/campaign_p19_mock/stages/05_artifact_generation/validation/04_independence_audit.json,True,e3ccaa57809aee7e771d75f4057dce32344d8007f013866f151639e54967353e,e3ccaa57809aee7e771d75f4057dce32344d8007f013866f151639e54967353e,True,True,1181
06_review_critic,critic_review_validation,iterations/iteration_00/validation/llm_call_validation.json,/home/girish/thesis-agent-workflow-26-property-test/diagnostics/p19_orchestration_probe_20260711T080622Z/P19/runs/campaign_p19_mock/stages/06_review_critic/iterations/iteration_00/validation/llm_call_validation.json,True,acd0aebb0b4272f07ad70b4b0ea7e23dd95bdb49e056cbe61f127dc9ab07549c,acd0aebb0b4272f07ad70b4b0ea7e23dd95bdb49e056cbe61f127dc9ab07549c,True,True,564
06_review_critic,review_gate_decision_md,iterations/iteration_00/validation/05_review_gate_decision.md,/home/girish/thesis-agent-workflow-26-property-test/diagnostics/p19_orchestration_probe_20260711T080622Z/P19/runs/campaign_p19_mock/stages/06_review_critic/iterations/iteration_00/validation/05_review_gate_decision.md,True,06d704b2fec6f083ff8cb78554e18e956a49f9b3f34792157b60a4b64f8d6f53,06d704b2fec6f083ff8cb78554e18e956a49f9b3f34792157b60a4b64f8d6f53,True,True,356
06_review_critic,deterministic_review_diagnostics,iterations/iteration_00/deterministic_reference/05_critic_review.deterministic.json,/home/girish/thesis-agent-workflow-26-property-test/diagnostics/p19_orchestration_probe_20260711T080622Z/P19/runs/campaign_p19_mock/stages/06_review_critic/iterations/iteration_00/deterministic_reference/05_critic_review.deterministic.json,True,0217e4dd32eb192022ba097b45ba5cad99541c24fc34877ab6b16637dd4430e3,0217e4dd32eb192022ba097b45ba5cad99541c24fc34877ab6b16637dd4430e3,True,True,5713
