LOOP_ID	OWNER_FUNCTION
main.0	main
main.1	main
main.2	main
mlk_barrett_reduce.0	mlk_barrett_reduce
mlk_poly_reduce_c.0	mlk_poly_reduce_c
mlk_poly_reduce_c.1	mlk_poly_reduce_c
mlk_scalar_signed_to_unsigned_q.0	mlk_scalar_signed_to_unsigned_q
mlk_scalar_signed_to_unsigned_q.1	mlk_scalar_signed_to_unsigned_q
mlk_sub00r_b6_poly_sub.0	mlk_sub00r_b6_poly_sub
mlk_sub00r_b6_poly_tomsg.0	mlk_sub00r_b6_poly_tomsg
mlk_sub00r_b6_poly_tomsg.1	mlk_sub00r_b6_poly_tomsg
mlk_sub00r_b6_poly_tomsg.2	mlk_sub00r_b6_poly_tomsg
sub_t6_assume_callsite_inputs.0	sub_t6_assume_callsite_inputs
