property_record_id,detail_file,pre_github_formal_statement_sha256,github_safe_formal_statement_sha256,normalized_github_safe_statement_sha256,normalized_exact_match
PR-C01-001,CASE_01_POLYNOMIAL_ADDITION.md,7871f39c69cc88fcff21681740c2ab2a607efcae9d0fe315217262eed2b5e1f2,7871f39c69cc88fcff21681740c2ab2a607efcae9d0fe315217262eed2b5e1f2,7871f39c69cc88fcff21681740c2ab2a607efcae9d0fe315217262eed2b5e1f2,YES
PR-C01-002,CASE_01_POLYNOMIAL_ADDITION.md,fa744997ecbebd15205df692141eca0c27d4b438955fa6e8656e606a7fa1c2da,fa744997ecbebd15205df692141eca0c27d4b438955fa6e8656e606a7fa1c2da,fa744997ecbebd15205df692141eca0c27d4b438955fa6e8656e606a7fa1c2da,YES
PR-C01-003,CASE_01_POLYNOMIAL_ADDITION.md,95b5b7d2e6798ea2fcf5c1d2613d6c76b8a6d0579940f72c3bebb8d4ec0f6f98,1aaba481822d7afc5a38c90df42c1ce3885782fc71ed8edb74c736ee0510d6d3,95b5b7d2e6798ea2fcf5c1d2613d6c76b8a6d0579940f72c3bebb8d4ec0f6f98,YES
PR-C01-004,CASE_01_POLYNOMIAL_ADDITION.md,6c4435dd57232d93c62b4cdf629f93d9c7f174c1e8ac00019f930c7b06ce0608,6c4435dd57232d93c62b4cdf629f93d9c7f174c1e8ac00019f930c7b06ce0608,6c4435dd57232d93c62b4cdf629f93d9c7f174c1e8ac00019f930c7b06ce0608,YES
PR-C01-005,CASE_01_POLYNOMIAL_ADDITION.md,9314b9eb2e7669635147afe1102fd79ba42c96b067025b11ec559cc079e067ea,9314b9eb2e7669635147afe1102fd79ba42c96b067025b11ec559cc079e067ea,9314b9eb2e7669635147afe1102fd79ba42c96b067025b11ec559cc079e067ea,YES
PR-C01-006,CASE_01_POLYNOMIAL_ADDITION.md,e116fbe53f98c2e90d9634936cf472e7776b9365364463997dc95bd19236160e,e116fbe53f98c2e90d9634936cf472e7776b9365364463997dc95bd19236160e,e116fbe53f98c2e90d9634936cf472e7776b9365364463997dc95bd19236160e,YES
PR-C01-007,CASE_01_POLYNOMIAL_ADDITION.md,b39635681540d82e8d23a0f9a1a3a4741b285af2bb1df30f749c5fa476aba683,b39635681540d82e8d23a0f9a1a3a4741b285af2bb1df30f749c5fa476aba683,b39635681540d82e8d23a0f9a1a3a4741b285af2bb1df30f749c5fa476aba683,YES
PR-C01-008,CASE_01_POLYNOMIAL_ADDITION.md,97fde45fb087202bb6885418757574a77a10effa89a1023ce6a1cc61f0270474,97fde45fb087202bb6885418757574a77a10effa89a1023ce6a1cc61f0270474,97fde45fb087202bb6885418757574a77a10effa89a1023ce6a1cc61f0270474,YES
PR-C01-009,CASE_01_POLYNOMIAL_ADDITION.md,e5768f0f7d6377d7f96cf7b73f9b31390599f6162bab233fb24efae1372a10bd,e5768f0f7d6377d7f96cf7b73f9b31390599f6162bab233fb24efae1372a10bd,e5768f0f7d6377d7f96cf7b73f9b31390599f6162bab233fb24efae1372a10bd,YES
PR-C01-010,CASE_01_POLYNOMIAL_ADDITION.md,1aab81c886d5579776920a1e7d965981b5f24623335b32ec53d800efadaf191f,1aab81c886d5579776920a1e7d965981b5f24623335b32ec53d800efadaf191f,1aab81c886d5579776920a1e7d965981b5f24623335b32ec53d800efadaf191f,YES
PR-C01-011,CASE_01_POLYNOMIAL_ADDITION.md,dae2d3d194fdfcc9af0339648128b1c986f55f93cf2f4f2bc4c5522177455ea3,78992fe12f4bc253140e69a6d4eb152d2065e536a78a231de80c4ff3df5176cf,dae2d3d194fdfcc9af0339648128b1c986f55f93cf2f4f2bc4c5522177455ea3,YES
PR-C01-012,CASE_01_POLYNOMIAL_ADDITION.md,3cc6dac2ed0c45255766f1714071ec529eee55144031b0569c78ab475b949605,3cc6dac2ed0c45255766f1714071ec529eee55144031b0569c78ab475b949605,3cc6dac2ed0c45255766f1714071ec529eee55144031b0569c78ab475b949605,YES
PR-C01-013,CASE_01_POLYNOMIAL_ADDITION.md,e116fbe53f98c2e90d9634936cf472e7776b9365364463997dc95bd19236160e,e116fbe53f98c2e90d9634936cf472e7776b9365364463997dc95bd19236160e,e116fbe53f98c2e90d9634936cf472e7776b9365364463997dc95bd19236160e,YES
PR-C01-014,CASE_01_POLYNOMIAL_ADDITION.md,2060e4ffd3717e7269caf58b6e84dcea70a66610ba510a4643dcf32bca275527,2060e4ffd3717e7269caf58b6e84dcea70a66610ba510a4643dcf32bca275527,2060e4ffd3717e7269caf58b6e84dcea70a66610ba510a4643dcf32bca275527,YES
PR-C01-015,CASE_01_POLYNOMIAL_ADDITION.md,953a625520dd65154031128ec995fbedca6e10400d12bdbc708d53c8831e7371,953a625520dd65154031128ec995fbedca6e10400d12bdbc708d53c8831e7371,953a625520dd65154031128ec995fbedca6e10400d12bdbc708d53c8831e7371,YES
PR-C01-016,CASE_01_POLYNOMIAL_ADDITION.md,7f490721ae93895971c37edbe2f5af64c6d8951e9deece69e65b4ac0ce4ff8a7,7f490721ae93895971c37edbe2f5af64c6d8951e9deece69e65b4ac0ce4ff8a7,7f490721ae93895971c37edbe2f5af64c6d8951e9deece69e65b4ac0ce4ff8a7,YES
PR-C01-017,CASE_01_POLYNOMIAL_ADDITION.md,17534a5e39804e5e3932c6077ffbd4cefb868fb625db11d28c52b433f4a69a7d,239413eae958f7ff685ba7b43d22d9f4f718db79443b7dcf08f01445bd62bee2,17534a5e39804e5e3932c6077ffbd4cefb868fb625db11d28c52b433f4a69a7d,YES
PR-C01-018,CASE_01_POLYNOMIAL_ADDITION.md,d306ef0575db79ece83383606a2c82858d11a452417d0158694e3f9428905141,d306ef0575db79ece83383606a2c82858d11a452417d0158694e3f9428905141,d306ef0575db79ece83383606a2c82858d11a452417d0158694e3f9428905141,YES
PR-C01-019,CASE_01_POLYNOMIAL_ADDITION.md,b67b4609fd3ff86027efeaf90396d48bced2500a82e7cc9d80180b2a29b4a851,b67b4609fd3ff86027efeaf90396d48bced2500a82e7cc9d80180b2a29b4a851,b67b4609fd3ff86027efeaf90396d48bced2500a82e7cc9d80180b2a29b4a851,YES
PR-C01-020,CASE_01_POLYNOMIAL_ADDITION.md,4a829be86fbe23c0934bffc72438f53e280de39009e08caaa4fc4317d5fb1044,86338daa82976ea3269ba428d41e811dc2552186ca8ccb70d87d07a9555518a4,4a829be86fbe23c0934bffc72438f53e280de39009e08caaa4fc4317d5fb1044,YES
PR-C01-021,CASE_01_POLYNOMIAL_ADDITION.md,fe5994b1d28dd5b6c3d6d0c814aaae3f686cfb6db603e257e3d225d473ec3733,32d3a08d1baab764a1b7d574db38d02168afe7d5966b4c7f3a4f7c07e12c59af,fe5994b1d28dd5b6c3d6d0c814aaae3f686cfb6db603e257e3d225d473ec3733,YES
PR-C01-022,CASE_01_POLYNOMIAL_ADDITION.md,bd9c45fe703aa431e11d8f6228195a0a02d7af47680734dd957fcfedd14e583e,92c7f66cf56f8416c94e0c1cc08edf2091a1b66ab569e69fe7d0312cfdf16cca,bd9c45fe703aa431e11d8f6228195a0a02d7af47680734dd957fcfedd14e583e,YES
PR-C01-023,CASE_01_POLYNOMIAL_ADDITION.md,e75831b6c7694ed8d001f8a7e3c8619361d441830cdf342f11cb7df1bd34bd15,e75831b6c7694ed8d001f8a7e3c8619361d441830cdf342f11cb7df1bd34bd15,e75831b6c7694ed8d001f8a7e3c8619361d441830cdf342f11cb7df1bd34bd15,YES
PR-C01-024,CASE_01_POLYNOMIAL_ADDITION.md,5dc05fa8af0ed4ce9760f66d56bce98228961e6cfe02d6c89ea3f459998dc2f5,5dc05fa8af0ed4ce9760f66d56bce98228961e6cfe02d6c89ea3f459998dc2f5,5dc05fa8af0ed4ce9760f66d56bce98228961e6cfe02d6c89ea3f459998dc2f5,YES
PR-C01-025,CASE_01_POLYNOMIAL_ADDITION.md,3bf41eba3b3c40dbe044c62c7f55200e6e4b90323cb950877abbedc013736974,3bf41eba3b3c40dbe044c62c7f55200e6e4b90323cb950877abbedc013736974,3bf41eba3b3c40dbe044c62c7f55200e6e4b90323cb950877abbedc013736974,YES
PR-C01-026,CASE_01_POLYNOMIAL_ADDITION.md,24e2c154e806bb9aac4627ae4849d095a51432b3724c0080db4ccad7ce978dc0,24e2c154e806bb9aac4627ae4849d095a51432b3724c0080db4ccad7ce978dc0,24e2c154e806bb9aac4627ae4849d095a51432b3724c0080db4ccad7ce978dc0,YES
PR-C01-027,CASE_01_POLYNOMIAL_ADDITION.md,fff71ee9a1728605b76c30b1ccf4c64d2b56ef32087eff26adff45136dc5316e,fff71ee9a1728605b76c30b1ccf4c64d2b56ef32087eff26adff45136dc5316e,fff71ee9a1728605b76c30b1ccf4c64d2b56ef32087eff26adff45136dc5316e,YES
PR-C01-028,CASE_01_POLYNOMIAL_ADDITION.md,4bc10e3332d603148e4605fd943a49157b8ec5a3c764bbfdbf719b9ebb407d00,4bc10e3332d603148e4605fd943a49157b8ec5a3c764bbfdbf719b9ebb407d00,4bc10e3332d603148e4605fd943a49157b8ec5a3c764bbfdbf719b9ebb407d00,YES
PR-C01-029,CASE_01_POLYNOMIAL_ADDITION.md,c9be284da1954e94e3eb6f58f34c96b73947bd10368547d1c515c7419b277869,c9be284da1954e94e3eb6f58f34c96b73947bd10368547d1c515c7419b277869,c9be284da1954e94e3eb6f58f34c96b73947bd10368547d1c515c7419b277869,YES
PR-C01-030,CASE_01_POLYNOMIAL_ADDITION.md,434e777612f52d39a609a46f164424073176f55a57cfb28d25d64aba4db1c279,434e777612f52d39a609a46f164424073176f55a57cfb28d25d64aba4db1c279,434e777612f52d39a609a46f164424073176f55a57cfb28d25d64aba4db1c279,YES
PR-C01-031,CASE_01_POLYNOMIAL_ADDITION.md,de528fb80fddc4b2664f267a9adc1a70c30ad67c8b0a9149bf12ebe3020415de,de528fb80fddc4b2664f267a9adc1a70c30ad67c8b0a9149bf12ebe3020415de,de528fb80fddc4b2664f267a9adc1a70c30ad67c8b0a9149bf12ebe3020415de,YES
PR-C01-032,CASE_01_POLYNOMIAL_ADDITION.md,a78067a4462988c4c45a00b2d3e431820c1171f971279932b43ad536a23f288c,a78067a4462988c4c45a00b2d3e431820c1171f971279932b43ad536a23f288c,a78067a4462988c4c45a00b2d3e431820c1171f971279932b43ad536a23f288c,YES
PR-C01-033,CASE_01_POLYNOMIAL_ADDITION.md,ec62f8c6432d0b68813f9944319927a5b092fa978b7c766548237ce591064cad,ec62f8c6432d0b68813f9944319927a5b092fa978b7c766548237ce591064cad,ec62f8c6432d0b68813f9944319927a5b092fa978b7c766548237ce591064cad,YES
PR-C01-034,CASE_01_POLYNOMIAL_ADDITION.md,4acbbfb71ca35577b8d02c2b3edd37617c9e5119eeb943260c9d5dbbf326bcca,4acbbfb71ca35577b8d02c2b3edd37617c9e5119eeb943260c9d5dbbf326bcca,4acbbfb71ca35577b8d02c2b3edd37617c9e5119eeb943260c9d5dbbf326bcca,YES
PR-C01-035,CASE_01_POLYNOMIAL_ADDITION.md,99e8276cdea7353f94482493a7754ae5d4551483142779a75edf3359f90de7f5,99e8276cdea7353f94482493a7754ae5d4551483142779a75edf3359f90de7f5,99e8276cdea7353f94482493a7754ae5d4551483142779a75edf3359f90de7f5,YES
PR-C01-036,CASE_01_POLYNOMIAL_ADDITION.md,c08f8de904f30a4e6a40fa9dadce68f5cbcc5db1253974e42cadf096e48e72a0,c08f8de904f30a4e6a40fa9dadce68f5cbcc5db1253974e42cadf096e48e72a0,c08f8de904f30a4e6a40fa9dadce68f5cbcc5db1253974e42cadf096e48e72a0,YES
PR-C01-037,CASE_01_POLYNOMIAL_ADDITION.md,9ac65b5eec9f79473a36ead629a0129cf2616e11be99c77fa81c6d46d5e9eb1e,9ac65b5eec9f79473a36ead629a0129cf2616e11be99c77fa81c6d46d5e9eb1e,9ac65b5eec9f79473a36ead629a0129cf2616e11be99c77fa81c6d46d5e9eb1e,YES
PR-C01-038,CASE_01_POLYNOMIAL_ADDITION.md,996ee02e120f145882c760b8b327c6a3733b9639ea53118aeca533347e8df7f5,996ee02e120f145882c760b8b327c6a3733b9639ea53118aeca533347e8df7f5,996ee02e120f145882c760b8b327c6a3733b9639ea53118aeca533347e8df7f5,YES
PR-C01-039,CASE_01_POLYNOMIAL_ADDITION.md,a78067a4462988c4c45a00b2d3e431820c1171f971279932b43ad536a23f288c,a78067a4462988c4c45a00b2d3e431820c1171f971279932b43ad536a23f288c,a78067a4462988c4c45a00b2d3e431820c1171f971279932b43ad536a23f288c,YES
PR-C01-040,CASE_01_POLYNOMIAL_ADDITION.md,1cfb210264f9b44a1e07a40a3b01038af25b4e21001593a56d662de4f23ee947,1cfb210264f9b44a1e07a40a3b01038af25b4e21001593a56d662de4f23ee947,1cfb210264f9b44a1e07a40a3b01038af25b4e21001593a56d662de4f23ee947,YES
PR-C01-041,CASE_01_POLYNOMIAL_ADDITION.md,1c8df6f71131b50768a0c8364ce5e1ada2c2ed6188ca1f4d3cc6a53ab67cdc30,1c8df6f71131b50768a0c8364ce5e1ada2c2ed6188ca1f4d3cc6a53ab67cdc30,1c8df6f71131b50768a0c8364ce5e1ada2c2ed6188ca1f4d3cc6a53ab67cdc30,YES
PR-C01-042,CASE_01_POLYNOMIAL_ADDITION.md,3f2db7e69672eff86dbeca4c9a6a13004adbcaefb3b68c86da5a7341b78fe219,3f2db7e69672eff86dbeca4c9a6a13004adbcaefb3b68c86da5a7341b78fe219,3f2db7e69672eff86dbeca4c9a6a13004adbcaefb3b68c86da5a7341b78fe219,YES
PR-C01-043,CASE_01_POLYNOMIAL_ADDITION.md,a653f2bc6891922bc19532a603b81f6dd05c4ffbd3bb2921f7c394be19eb43f3,a653f2bc6891922bc19532a603b81f6dd05c4ffbd3bb2921f7c394be19eb43f3,a653f2bc6891922bc19532a603b81f6dd05c4ffbd3bb2921f7c394be19eb43f3,YES
PR-C01-044,CASE_01_POLYNOMIAL_ADDITION.md,e5b2ca2c9c12ac8fae28e82dd9cd48395d648b8011646d39074a5a44f7304694,e5b2ca2c9c12ac8fae28e82dd9cd48395d648b8011646d39074a5a44f7304694,e5b2ca2c9c12ac8fae28e82dd9cd48395d648b8011646d39074a5a44f7304694,YES
PR-C01-045,CASE_01_POLYNOMIAL_ADDITION.md,99e8276cdea7353f94482493a7754ae5d4551483142779a75edf3359f90de7f5,99e8276cdea7353f94482493a7754ae5d4551483142779a75edf3359f90de7f5,99e8276cdea7353f94482493a7754ae5d4551483142779a75edf3359f90de7f5,YES
PR-C01-046,CASE_01_POLYNOMIAL_ADDITION.md,ae4c55c2b9c628783dc0714b80fd47073ece9f7ce32bb70f2219f99171dd9563,ae4c55c2b9c628783dc0714b80fd47073ece9f7ce32bb70f2219f99171dd9563,ae4c55c2b9c628783dc0714b80fd47073ece9f7ce32bb70f2219f99171dd9563,YES
PR-C01-047,CASE_01_POLYNOMIAL_ADDITION.md,f7166bc31e6b73a5bcc575523fe31f7321474f11f1cf6c83b3343b2a9fdd0ac4,f7166bc31e6b73a5bcc575523fe31f7321474f11f1cf6c83b3343b2a9fdd0ac4,f7166bc31e6b73a5bcc575523fe31f7321474f11f1cf6c83b3343b2a9fdd0ac4,YES
PR-C01-048,CASE_01_POLYNOMIAL_ADDITION.md,262ebf64554cf589778a3cc75dd6be3cce163b3c56706a8c4a370e85688a73c8,262ebf64554cf589778a3cc75dd6be3cce163b3c56706a8c4a370e85688a73c8,262ebf64554cf589778a3cc75dd6be3cce163b3c56706a8c4a370e85688a73c8,YES
PR-C01-049,CASE_01_POLYNOMIAL_ADDITION.md,ef5f71b658dbacadc56dc58a2f163b1611251d3dd566c7485b33b6215f683449,ef5f71b658dbacadc56dc58a2f163b1611251d3dd566c7485b33b6215f683449,ef5f71b658dbacadc56dc58a2f163b1611251d3dd566c7485b33b6215f683449,YES
PR-C01-050,CASE_01_POLYNOMIAL_ADDITION.md,3358b1d363be1dc7a18bfc3cae1047ef953bdfee666b327d380375edd3a86b83,3358b1d363be1dc7a18bfc3cae1047ef953bdfee666b327d380375edd3a86b83,3358b1d363be1dc7a18bfc3cae1047ef953bdfee666b327d380375edd3a86b83,YES
PR-C01-051,CASE_01_POLYNOMIAL_ADDITION.md,83557e02f2ff5a4cca6bdc5e571816712585400df19350821705a3d7441c84e6,83557e02f2ff5a4cca6bdc5e571816712585400df19350821705a3d7441c84e6,83557e02f2ff5a4cca6bdc5e571816712585400df19350821705a3d7441c84e6,YES
PR-C02-001,CASE_02_POLYNOMIAL_SUBTRACTION.md,e6754d2e0e44d6ccc3d57670008eef3a25eb105dbc659709cc8d8470c8ce7873,e6754d2e0e44d6ccc3d57670008eef3a25eb105dbc659709cc8d8470c8ce7873,e6754d2e0e44d6ccc3d57670008eef3a25eb105dbc659709cc8d8470c8ce7873,YES
PR-C02-002,CASE_02_POLYNOMIAL_SUBTRACTION.md,f8c94536fb210d736ad9ef21e3cf21901a77a86b6c0a91d52c064fe75f1c55a2,f8c94536fb210d736ad9ef21e3cf21901a77a86b6c0a91d52c064fe75f1c55a2,f8c94536fb210d736ad9ef21e3cf21901a77a86b6c0a91d52c064fe75f1c55a2,YES
PR-C02-003,CASE_02_POLYNOMIAL_SUBTRACTION.md,0853da5a946723bdabe3b70f81d499b5dd2fe45afdf4394105ee4961974757e3,0853da5a946723bdabe3b70f81d499b5dd2fe45afdf4394105ee4961974757e3,0853da5a946723bdabe3b70f81d499b5dd2fe45afdf4394105ee4961974757e3,YES
PR-C02-004,CASE_02_POLYNOMIAL_SUBTRACTION.md,9855591f57fc0fe75d8d9c1f94c9ede3a9abae5f34cf1295e8ec03fed43faec3,9855591f57fc0fe75d8d9c1f94c9ede3a9abae5f34cf1295e8ec03fed43faec3,9855591f57fc0fe75d8d9c1f94c9ede3a9abae5f34cf1295e8ec03fed43faec3,YES
PR-C02-005,CASE_02_POLYNOMIAL_SUBTRACTION.md,4a25a474ab7a62a25e193110cb9243af9768e1b4a0758a7136c75bfdca964247,4a25a474ab7a62a25e193110cb9243af9768e1b4a0758a7136c75bfdca964247,4a25a474ab7a62a25e193110cb9243af9768e1b4a0758a7136c75bfdca964247,YES
PR-C02-006,CASE_02_POLYNOMIAL_SUBTRACTION.md,2704663f1404d401c13167466ea84355a9bfbf0c12a9d3ab3fd1de67edd2fc17,2704663f1404d401c13167466ea84355a9bfbf0c12a9d3ab3fd1de67edd2fc17,2704663f1404d401c13167466ea84355a9bfbf0c12a9d3ab3fd1de67edd2fc17,YES
PR-C02-007,CASE_02_POLYNOMIAL_SUBTRACTION.md,1aa5be842300d72868c46ad1cc2ec877ea8e82435e33a9db02a644aefee63803,1aa5be842300d72868c46ad1cc2ec877ea8e82435e33a9db02a644aefee63803,1aa5be842300d72868c46ad1cc2ec877ea8e82435e33a9db02a644aefee63803,YES
PR-C02-008,CASE_02_POLYNOMIAL_SUBTRACTION.md,960bb2c516f3f0f356d773e3b645abbd7685caf75c0b5268a53ecd76f95cfcb0,80a58a050bea40dbd775c77b39cbc36d442c3776a7bc6ead66a8c9e8502ba6ec,960bb2c516f3f0f356d773e3b645abbd7685caf75c0b5268a53ecd76f95cfcb0,YES
PR-C02-009,CASE_02_POLYNOMIAL_SUBTRACTION.md,ec83bccfd4f4a2621e59cffb34931e1043f000ae1074bc6cb42519b85ba31d82,ec83bccfd4f4a2621e59cffb34931e1043f000ae1074bc6cb42519b85ba31d82,ec83bccfd4f4a2621e59cffb34931e1043f000ae1074bc6cb42519b85ba31d82,YES
PR-C02-010,CASE_02_POLYNOMIAL_SUBTRACTION.md,aa62dbb72bdb1fd65af9f788cd235e99a1f5b9de77102eae27e91f83d268095a,aa62dbb72bdb1fd65af9f788cd235e99a1f5b9de77102eae27e91f83d268095a,aa62dbb72bdb1fd65af9f788cd235e99a1f5b9de77102eae27e91f83d268095a,YES
PR-C02-011,CASE_02_POLYNOMIAL_SUBTRACTION.md,de7ffde56cbe0594dcd560eebc8db0c88c5a15db95daa85ea676611a57405a7e,de7ffde56cbe0594dcd560eebc8db0c88c5a15db95daa85ea676611a57405a7e,de7ffde56cbe0594dcd560eebc8db0c88c5a15db95daa85ea676611a57405a7e,YES
PR-C02-012,CASE_02_POLYNOMIAL_SUBTRACTION.md,420aa8b9d2f15e2db7a09920ba383f0d0f1e133e2d11687f605d0470d7875709,420aa8b9d2f15e2db7a09920ba383f0d0f1e133e2d11687f605d0470d7875709,420aa8b9d2f15e2db7a09920ba383f0d0f1e133e2d11687f605d0470d7875709,YES
PR-C02-013,CASE_02_POLYNOMIAL_SUBTRACTION.md,865a658f8deba115182af3edea151aa6b773d3c583343edd44b7d8ac3305cc1f,865a658f8deba115182af3edea151aa6b773d3c583343edd44b7d8ac3305cc1f,865a658f8deba115182af3edea151aa6b773d3c583343edd44b7d8ac3305cc1f,YES
PR-C02-014,CASE_02_POLYNOMIAL_SUBTRACTION.md,66ce7ecafbf78ccffbf771a93ed75f1cae70d15a925da308d8551611260ca142,66ce7ecafbf78ccffbf771a93ed75f1cae70d15a925da308d8551611260ca142,66ce7ecafbf78ccffbf771a93ed75f1cae70d15a925da308d8551611260ca142,YES
PR-C02-015,CASE_02_POLYNOMIAL_SUBTRACTION.md,b8d9d54acc4a9cc4985c13d1bb9053f9b153552c828d14b2929a6ffafd077ef6,b8d9d54acc4a9cc4985c13d1bb9053f9b153552c828d14b2929a6ffafd077ef6,b8d9d54acc4a9cc4985c13d1bb9053f9b153552c828d14b2929a6ffafd077ef6,YES
PR-C02-016,CASE_02_POLYNOMIAL_SUBTRACTION.md,dce2a21b4db767524b366a02f4afe94c546c2e99477912ec25804a7894ffb8d0,dce2a21b4db767524b366a02f4afe94c546c2e99477912ec25804a7894ffb8d0,dce2a21b4db767524b366a02f4afe94c546c2e99477912ec25804a7894ffb8d0,YES
PR-C02-017,CASE_02_POLYNOMIAL_SUBTRACTION.md,25e2ba3126b7c959ebe444e34a998878278870b377a173b11cf1e68da7eb29dc,25e2ba3126b7c959ebe444e34a998878278870b377a173b11cf1e68da7eb29dc,25e2ba3126b7c959ebe444e34a998878278870b377a173b11cf1e68da7eb29dc,YES
PR-C02-018,CASE_02_POLYNOMIAL_SUBTRACTION.md,af0a28dda774fc5215fa7463e213659f22e708d1c1f7905752b2ff022d7bae06,af0a28dda774fc5215fa7463e213659f22e708d1c1f7905752b2ff022d7bae06,af0a28dda774fc5215fa7463e213659f22e708d1c1f7905752b2ff022d7bae06,YES
PR-C02-019,CASE_02_POLYNOMIAL_SUBTRACTION.md,5e0cc398fab99a119361d598607d77160cf7ab34d19a4b4a86c493a8d8954ed5,5e0cc398fab99a119361d598607d77160cf7ab34d19a4b4a86c493a8d8954ed5,5e0cc398fab99a119361d598607d77160cf7ab34d19a4b4a86c493a8d8954ed5,YES
PR-C02-020,CASE_02_POLYNOMIAL_SUBTRACTION.md,2468945cbf5f51aba46c4a4792001a41a0c6656da4c36a756b63a023187884f1,2468945cbf5f51aba46c4a4792001a41a0c6656da4c36a756b63a023187884f1,2468945cbf5f51aba46c4a4792001a41a0c6656da4c36a756b63a023187884f1,YES
PR-C02-021,CASE_02_POLYNOMIAL_SUBTRACTION.md,73c7ac0dd73ade6bf7b7c2092910a38a949a27f7d350709b83aa2ceea7bdef39,73c7ac0dd73ade6bf7b7c2092910a38a949a27f7d350709b83aa2ceea7bdef39,73c7ac0dd73ade6bf7b7c2092910a38a949a27f7d350709b83aa2ceea7bdef39,YES
PR-C02-022,CASE_02_POLYNOMIAL_SUBTRACTION.md,8bd91619d4d8facfa598c727a6f2d7ad96cc97e1bcae36baec5d87f44e739017,8bd91619d4d8facfa598c727a6f2d7ad96cc97e1bcae36baec5d87f44e739017,8bd91619d4d8facfa598c727a6f2d7ad96cc97e1bcae36baec5d87f44e739017,YES
PR-C02-023,CASE_02_POLYNOMIAL_SUBTRACTION.md,11db8148fc63c0711c07c17658f0cdfff7687a750cc1daabb177efd7ac9b16c9,11db8148fc63c0711c07c17658f0cdfff7687a750cc1daabb177efd7ac9b16c9,11db8148fc63c0711c07c17658f0cdfff7687a750cc1daabb177efd7ac9b16c9,YES
PR-C02-024,CASE_02_POLYNOMIAL_SUBTRACTION.md,8efa5dce4c4a8cc5885355bc297884a3e1d9dd81cc70b462efffbc2c46046eef,8efa5dce4c4a8cc5885355bc297884a3e1d9dd81cc70b462efffbc2c46046eef,8efa5dce4c4a8cc5885355bc297884a3e1d9dd81cc70b462efffbc2c46046eef,YES
PR-C03-001,CASE_03_SEQUENTIAL_SUBTRACTION_REDUCTION.md,2f7aacd30aa5948d9b42f4a37914c4429a703e27ff131d08afdea7724f959b99,aa71b22d90e46db9cefede03bd834250598613f76cf92ad05a6a2f744aee1f69,2f7aacd30aa5948d9b42f4a37914c4429a703e27ff131d08afdea7724f959b99,YES
PR-C03-002,CASE_03_SEQUENTIAL_SUBTRACTION_REDUCTION.md,9219ca694adcb0196e7a3f0a938adea814d7d440256e4342a5706522c0d40401,8ff89cff96f7beb08160304faf87ddfa48454d5c23380a3aa500acba8a286ed0,9219ca694adcb0196e7a3f0a938adea814d7d440256e4342a5706522c0d40401,YES
PR-C03-003,CASE_03_SEQUENTIAL_SUBTRACTION_REDUCTION.md,5b1b71da445386f597df8e3e1b18dbb1051d2fc09c47d9e6ac5f70fad205462f,5b1b71da445386f597df8e3e1b18dbb1051d2fc09c47d9e6ac5f70fad205462f,5b1b71da445386f597df8e3e1b18dbb1051d2fc09c47d9e6ac5f70fad205462f,YES
PR-C04-001,CASE_04_MESSAGE_EXTRACTION.md,6343e95dd15aa6159299bf6ab68850f6278cf7bfa1bfdaf6c5a20feea7b650e8,6343e95dd15aa6159299bf6ab68850f6278cf7bfa1bfdaf6c5a20feea7b650e8,6343e95dd15aa6159299bf6ab68850f6278cf7bfa1bfdaf6c5a20feea7b650e8,YES
PR-C04-002,CASE_04_MESSAGE_EXTRACTION.md,59ee42c10da5f99f5556eb39e20a0a5353ce7b849112d061000115b4cea35c4a,59ee42c10da5f99f5556eb39e20a0a5353ce7b849112d061000115b4cea35c4a,59ee42c10da5f99f5556eb39e20a0a5353ce7b849112d061000115b4cea35c4a,YES
PR-C04-003,CASE_04_MESSAGE_EXTRACTION.md,7ff98b773aa405e07788a5dc1323f05d36e4f4072b2bc701dee44321c783b82c,09949a6ab3eb177807a2179327c02e2adce3dbce2f7ee98da8e24fb2c12bffad,7ff98b773aa405e07788a5dc1323f05d36e4f4072b2bc701dee44321c783b82c,YES
PR-C04-004,CASE_04_MESSAGE_EXTRACTION.md,f08e880b33320f5712923d9a3af715a23b99ca05985068ee76850ae7db34dd34,f08e880b33320f5712923d9a3af715a23b99ca05985068ee76850ae7db34dd34,f08e880b33320f5712923d9a3af715a23b99ca05985068ee76850ae7db34dd34,YES
PR-C04-005,CASE_04_MESSAGE_EXTRACTION.md,58f745f18aaf0ad99260f04c200ec98393bc2cf769be1b780d9c261e41606398,081fef13965c029201a50085b0e2641a6fff0d4d75bee5549279b15c1e654c8a,58f745f18aaf0ad99260f04c200ec98393bc2cf769be1b780d9c261e41606398,YES
PR-C04-006,CASE_04_MESSAGE_EXTRACTION.md,7778b5807a35d3bfcd36f840fc2ebda64be04be7a3c34ae0d204a6a5d867ab8a,7778b5807a35d3bfcd36f840fc2ebda64be04be7a3c34ae0d204a6a5d867ab8a,7778b5807a35d3bfcd36f840fc2ebda64be04be7a3c34ae0d204a6a5d867ab8a,YES
PR-C04-007,CASE_04_MESSAGE_EXTRACTION.md,a1fbfd060ee936da882b2d15e771a7a7a5dc68fe5d62fc92fe8fb95b449b00aa,a1fbfd060ee936da882b2d15e771a7a7a5dc68fe5d62fc92fe8fb95b449b00aa,a1fbfd060ee936da882b2d15e771a7a7a5dc68fe5d62fc92fe8fb95b449b00aa,YES
PR-C04-008,CASE_04_MESSAGE_EXTRACTION.md,5a987179d5fd890c1bafb0087e835a501da7bf820f1e6cc0d44685958d7a882a,5a987179d5fd890c1bafb0087e835a501da7bf820f1e6cc0d44685958d7a882a,5a987179d5fd890c1bafb0087e835a501da7bf820f1e6cc0d44685958d7a882a,YES
PR-C04-009,CASE_04_MESSAGE_EXTRACTION.md,df8804e2139d3ee8a3c9b37a5b8fea8a1dbbe3f89117c58d7c8ff2b642a19103,df8804e2139d3ee8a3c9b37a5b8fea8a1dbbe3f89117c58d7c8ff2b642a19103,df8804e2139d3ee8a3c9b37a5b8fea8a1dbbe3f89117c58d7c8ff2b642a19103,YES
PR-C04-010,CASE_04_MESSAGE_EXTRACTION.md,e46b8d72653a7ae9c1fb5a45346c17dcdbd955d8c9dc6f3c2bb290224edec909,e46b8d72653a7ae9c1fb5a45346c17dcdbd955d8c9dc6f3c2bb290224edec909,e46b8d72653a7ae9c1fb5a45346c17dcdbd955d8c9dc6f3c2bb290224edec909,YES
PR-C04-011,CASE_04_MESSAGE_EXTRACTION.md,5dacc8752bab288628ec877bc0e21fdd0376af4aec0b07408a4aacf62ac7a8a9,5dacc8752bab288628ec877bc0e21fdd0376af4aec0b07408a4aacf62ac7a8a9,5dacc8752bab288628ec877bc0e21fdd0376af4aec0b07408a4aacf62ac7a8a9,YES
PR-C04-012,CASE_04_MESSAGE_EXTRACTION.md,341540c275c14e6ac50ecf961dd995b63db586710b2083b9c10ecad3b1c9a549,341540c275c14e6ac50ecf961dd995b63db586710b2083b9c10ecad3b1c9a549,341540c275c14e6ac50ecf961dd995b63db586710b2083b9c10ecad3b1c9a549,YES
PR-C04-013,CASE_04_MESSAGE_EXTRACTION.md,9099be0cb60a50540a70899f34da05a418c736634f3023cd3532d44b359d386f,9099be0cb60a50540a70899f34da05a418c736634f3023cd3532d44b359d386f,9099be0cb60a50540a70899f34da05a418c736634f3023cd3532d44b359d386f,YES
PR-C05-001,CASE_05_MESSAGE_EMBEDDING.md,eb565b25efd3f8f41f024f7f3d445239ad8ea4b68fcdce5480334b4abb11b26f,eb565b25efd3f8f41f024f7f3d445239ad8ea4b68fcdce5480334b4abb11b26f,eb565b25efd3f8f41f024f7f3d445239ad8ea4b68fcdce5480334b4abb11b26f,YES
PR-C05-002,CASE_05_MESSAGE_EMBEDDING.md,89fdc8ca3f5401922a90bf4c5710ed6d5bf0446143ebad0b3da47421dfbecdf7,89fdc8ca3f5401922a90bf4c5710ed6d5bf0446143ebad0b3da47421dfbecdf7,89fdc8ca3f5401922a90bf4c5710ed6d5bf0446143ebad0b3da47421dfbecdf7,YES
PR-C05-003,CASE_05_MESSAGE_EMBEDDING.md,b29ab530f37f8ca3a5877a022951930f9c7add134257d0cbfd8ae42d3a4ed0d1,b29ab530f37f8ca3a5877a022951930f9c7add134257d0cbfd8ae42d3a4ed0d1,b29ab530f37f8ca3a5877a022951930f9c7add134257d0cbfd8ae42d3a4ed0d1,YES
PR-C05-004,CASE_05_MESSAGE_EMBEDDING.md,39a7b2ec0d6aecc4f4d2c6acb858e77e6e1afff8af9b6a61502c56244da66e00,39a7b2ec0d6aecc4f4d2c6acb858e77e6e1afff8af9b6a61502c56244da66e00,39a7b2ec0d6aecc4f4d2c6acb858e77e6e1afff8af9b6a61502c56244da66e00,YES
PR-C05-005,CASE_05_MESSAGE_EMBEDDING.md,1c425d4c723c4f56b44abddee832dcf94a43a76fc3b53faa55caa6e7bc2ca463,e8854140b91e809e2b3b49b41a482480215ac7b626927f3e431d4013ee2a1d88,1c425d4c723c4f56b44abddee832dcf94a43a76fc3b53faa55caa6e7bc2ca463,YES
PR-C05-006,CASE_05_MESSAGE_EMBEDDING.md,8df34a8bc1c352bf9f13d00d41b37d85a138de1b167e57d5857d5969472bee48,8df34a8bc1c352bf9f13d00d41b37d85a138de1b167e57d5857d5969472bee48,8df34a8bc1c352bf9f13d00d41b37d85a138de1b167e57d5857d5969472bee48,YES
PR-C05-007,CASE_05_MESSAGE_EMBEDDING.md,e3bf53d639b0419437dc7f35e54ab4430faa036a739b12dffaeae15bc06405c8,e3bf53d639b0419437dc7f35e54ab4430faa036a739b12dffaeae15bc06405c8,e3bf53d639b0419437dc7f35e54ab4430faa036a739b12dffaeae15bc06405c8,YES
PR-C05-008,CASE_05_MESSAGE_EMBEDDING.md,7f244e3950cf08cbaae299cd7f02465bb0ee9783c34588824e19db63ba5fb5ce,7f244e3950cf08cbaae299cd7f02465bb0ee9783c34588824e19db63ba5fb5ce,7f244e3950cf08cbaae299cd7f02465bb0ee9783c34588824e19db63ba5fb5ce,YES
PR-C05-009,CASE_05_MESSAGE_EMBEDDING.md,007f410a2e1788b38a01d73f5aa827c237d56331874bf82e893fe738fa7fdbda,462c3eb65c6d85a62a3e6c4c30c35c3edc489e64dc3a4edc2a1ecd8e8f051e5e,007f410a2e1788b38a01d73f5aa827c237d56331874bf82e893fe738fa7fdbda,YES
PR-C05-010,CASE_05_MESSAGE_EMBEDDING.md,1a2d3c87bef17cf6bd63d1349a9aea7e7982f181cb2b102730abf72107b9130b,1a2d3c87bef17cf6bd63d1349a9aea7e7982f181cb2b102730abf72107b9130b,1a2d3c87bef17cf6bd63d1349a9aea7e7982f181cb2b102730abf72107b9130b,YES
PR-C05-011,CASE_05_MESSAGE_EMBEDDING.md,45fcf7836665baf9965f5859e641d577f4f413e99716ff192f159630c738108a,45fcf7836665baf9965f5859e641d577f4f413e99716ff192f159630c738108a,45fcf7836665baf9965f5859e641d577f4f413e99716ff192f159630c738108a,YES
PR-C05-012,CASE_05_MESSAGE_EMBEDDING.md,82538cc38284684bc5e85e69da2031e76608156c35dbaddf15e0f5425046f876,82538cc38284684bc5e85e69da2031e76608156c35dbaddf15e0f5425046f876,82538cc38284684bc5e85e69da2031e76608156c35dbaddf15e0f5425046f876,YES
PR-C05-013,CASE_05_MESSAGE_EMBEDDING.md,f4789ac7133ec340859eea93383c4cba2738fb67be6aedbe753206f2ee406bd1,f4789ac7133ec340859eea93383c4cba2738fb67be6aedbe753206f2ee406bd1,f4789ac7133ec340859eea93383c4cba2738fb67be6aedbe753206f2ee406bd1,YES
PR-C06-001,CASE_06_D4_COMPRESSION_DECOMPRESSION.md,5ffb421ce5c850ee499ccc7807eae471796b7079573e7aaf4cc19bea63b4a976,5ffb421ce5c850ee499ccc7807eae471796b7079573e7aaf4cc19bea63b4a976,5ffb421ce5c850ee499ccc7807eae471796b7079573e7aaf4cc19bea63b4a976,YES
PR-C06-002,CASE_06_D4_COMPRESSION_DECOMPRESSION.md,754324f2629dd64289492455f048469355a1abee6e6de3fe300c424234185b14,754324f2629dd64289492455f048469355a1abee6e6de3fe300c424234185b14,754324f2629dd64289492455f048469355a1abee6e6de3fe300c424234185b14,YES
PR-C06-003,CASE_06_D4_COMPRESSION_DECOMPRESSION.md,7a487c6c1d34d411d392a1df9215c0f3ab3d00d3597ba74caf74aba2f41e608f,7a487c6c1d34d411d392a1df9215c0f3ab3d00d3597ba74caf74aba2f41e608f,7a487c6c1d34d411d392a1df9215c0f3ab3d00d3597ba74caf74aba2f41e608f,YES
PR-C06-004,CASE_06_D4_COMPRESSION_DECOMPRESSION.md,c55a0fc28fc16d3c1caac0e71296a42f1fb86488fc9ce14baad03dc1a027184c,c55a0fc28fc16d3c1caac0e71296a42f1fb86488fc9ce14baad03dc1a027184c,c55a0fc28fc16d3c1caac0e71296a42f1fb86488fc9ce14baad03dc1a027184c,YES
PR-C06-005,CASE_06_D4_COMPRESSION_DECOMPRESSION.md,def86ac19f783eb6994cc6ab6d0c8018aef3de64e83c5c16eb6fee66676b5e32,def86ac19f783eb6994cc6ab6d0c8018aef3de64e83c5c16eb6fee66676b5e32,def86ac19f783eb6994cc6ab6d0c8018aef3de64e83c5c16eb6fee66676b5e32,YES
PR-C06-006,CASE_06_D4_COMPRESSION_DECOMPRESSION.md,a2365d459adb80503953569e0c50687f31234958047f17a2b008ba9d81744824,a2365d459adb80503953569e0c50687f31234958047f17a2b008ba9d81744824,a2365d459adb80503953569e0c50687f31234958047f17a2b008ba9d81744824,YES
PR-C06-007,CASE_06_D4_COMPRESSION_DECOMPRESSION.md,f06522915c6f14294195b5724fa0a363db927f175141a8ab1d455d5a2eb68d5a,f06522915c6f14294195b5724fa0a363db927f175141a8ab1d455d5a2eb68d5a,f06522915c6f14294195b5724fa0a363db927f175141a8ab1d455d5a2eb68d5a,YES
PR-C06-008,CASE_06_D4_COMPRESSION_DECOMPRESSION.md,3c36650e0fd558b5b03697ecc5470d406a13172dfacbf7d0f2d274a55c0e28ae,3c36650e0fd558b5b03697ecc5470d406a13172dfacbf7d0f2d274a55c0e28ae,3c36650e0fd558b5b03697ecc5470d406a13172dfacbf7d0f2d274a55c0e28ae,YES
PR-C06-009,CASE_06_D4_COMPRESSION_DECOMPRESSION.md,2d52f4e8dd67980d7fd4c54a559f0c55a0067a4cca5203a90b6b92d6aab3efa6,2d52f4e8dd67980d7fd4c54a559f0c55a0067a4cca5203a90b6b92d6aab3efa6,2d52f4e8dd67980d7fd4c54a559f0c55a0067a4cca5203a90b6b92d6aab3efa6,YES
PR-C06-010,CASE_06_D4_COMPRESSION_DECOMPRESSION.md,fe5f68c2930fd9e8f5805bdafc7b339e25b6a5d1b17d664b40608ea4299ac9c9,fe5f68c2930fd9e8f5805bdafc7b339e25b6a5d1b17d664b40608ea4299ac9c9,fe5f68c2930fd9e8f5805bdafc7b339e25b6a5d1b17d664b40608ea4299ac9c9,YES
PR-C06-011,CASE_06_D4_COMPRESSION_DECOMPRESSION.md,fe496196d59c953062d538cad0b5afb9ae6162efd73c80f75d3f133954aed389,fe496196d59c953062d538cad0b5afb9ae6162efd73c80f75d3f133954aed389,fe496196d59c953062d538cad0b5afb9ae6162efd73c80f75d3f133954aed389,YES
PR-C06-012,CASE_06_D4_COMPRESSION_DECOMPRESSION.md,821cca5f0d930a11e25265dc03d7b0e652ecb116f29d601726c3085102060793,821cca5f0d930a11e25265dc03d7b0e652ecb116f29d601726c3085102060793,821cca5f0d930a11e25265dc03d7b0e652ecb116f29d601726c3085102060793,YES
PR-C06-013,CASE_06_D4_COMPRESSION_DECOMPRESSION.md,0bc8102454bb563a080e74e1f5b7e3da1a2ab2eef34a51271720e2d539fd2797,0bc8102454bb563a080e74e1f5b7e3da1a2ab2eef34a51271720e2d539fd2797,0bc8102454bb563a080e74e1f5b7e3da1a2ab2eef34a51271720e2d539fd2797,YES
PR-C06-014,CASE_06_D4_COMPRESSION_DECOMPRESSION.md,6439979dee1c17a0ed30383cd0a615bdf834bfb020b3b6d6fbbd047b3ae3b426,6439979dee1c17a0ed30383cd0a615bdf834bfb020b3b6d6fbbd047b3ae3b426,6439979dee1c17a0ed30383cd0a615bdf834bfb020b3b6d6fbbd047b3ae3b426,YES
PR-C06-015,CASE_06_D4_COMPRESSION_DECOMPRESSION.md,7375cec37923f3058b147d664a34b3ce9ae88082752e6fed97ce9bf12db169d3,6b45f462d6cf957c02c8b70f06c78ab306601dc2e1219394dd75a165988261b4,7375cec37923f3058b147d664a34b3ce9ae88082752e6fed97ce9bf12db169d3,YES
PR-C06-016,CASE_06_D4_COMPRESSION_DECOMPRESSION.md,491724194a8a3aed23af54fbd52c743a5e341cacddeb7ee4dac3a3b8311201ec,491724194a8a3aed23af54fbd52c743a5e341cacddeb7ee4dac3a3b8311201ec,491724194a8a3aed23af54fbd52c743a5e341cacddeb7ee4dac3a3b8311201ec,YES
PR-C06-017,CASE_06_D4_COMPRESSION_DECOMPRESSION.md,5a1e6544426e91f26b26f47114fbe2a57f8c28e559aeec6aba7a547b7edc1986,5a1e6544426e91f26b26f47114fbe2a57f8c28e559aeec6aba7a547b7edc1986,5a1e6544426e91f26b26f47114fbe2a57f8c28e559aeec6aba7a547b7edc1986,YES
PR-C06-018,CASE_06_D4_COMPRESSION_DECOMPRESSION.md,7baae7b026f8d67bb1eeebf28d575e6596f826c07f9415f1213b14f2ee39d516,7baae7b026f8d67bb1eeebf28d575e6596f826c07f9415f1213b14f2ee39d516,7baae7b026f8d67bb1eeebf28d575e6596f826c07f9415f1213b14f2ee39d516,YES
PR-C07-001,CASE_07_SIGNED_TO_CANONICAL.md,44da2c8672099981c9a97c196df8a621d34aab2418716e12e7f09f97bd1b7174,44da2c8672099981c9a97c196df8a621d34aab2418716e12e7f09f97bd1b7174,44da2c8672099981c9a97c196df8a621d34aab2418716e12e7f09f97bd1b7174,YES
PR-C07-002,CASE_07_SIGNED_TO_CANONICAL.md,deed11379a50d04deb4963f2e085a3df644c858f9b7ef811cdfdb2bc771f83a2,deed11379a50d04deb4963f2e085a3df644c858f9b7ef811cdfdb2bc771f83a2,deed11379a50d04deb4963f2e085a3df644c858f9b7ef811cdfdb2bc771f83a2,YES
PR-C07-003,CASE_07_SIGNED_TO_CANONICAL.md,4268466be007a06e60ee869d1f41d472119392b11d7227ad13ad4eb53825b760,4268466be007a06e60ee869d1f41d472119392b11d7227ad13ad4eb53825b760,4268466be007a06e60ee869d1f41d472119392b11d7227ad13ad4eb53825b760,YES
PR-C07-004,CASE_07_SIGNED_TO_CANONICAL.md,2b4f728f244628f5c49413332b9a5b216c1018ed7ceb575f18e3ca0131e2cb59,2b4f728f244628f5c49413332b9a5b216c1018ed7ceb575f18e3ca0131e2cb59,2b4f728f244628f5c49413332b9a5b216c1018ed7ceb575f18e3ca0131e2cb59,YES
PR-C07-005,CASE_07_SIGNED_TO_CANONICAL.md,98dd4d726ee63bb11ea35320a000887e3d65cdb69ce138a70c0423a1c11c71c3,98dd4d726ee63bb11ea35320a000887e3d65cdb69ce138a70c0423a1c11c71c3,98dd4d726ee63bb11ea35320a000887e3d65cdb69ce138a70c0423a1c11c71c3,YES
PR-C07-006,CASE_07_SIGNED_TO_CANONICAL.md,c57d2ae83b92f7b1f9f029c5f5e37aa8a07355bfc8211cb5ed38a5a50aa34651,c57d2ae83b92f7b1f9f029c5f5e37aa8a07355bfc8211cb5ed38a5a50aa34651,c57d2ae83b92f7b1f9f029c5f5e37aa8a07355bfc8211cb5ed38a5a50aa34651,YES
PR-C07-007,CASE_07_SIGNED_TO_CANONICAL.md,a9aae7f00e78889cbd35cedbae91248ef0542a4c7d5613dad1d525e9a440410b,a9aae7f00e78889cbd35cedbae91248ef0542a4c7d5613dad1d525e9a440410b,a9aae7f00e78889cbd35cedbae91248ef0542a4c7d5613dad1d525e9a440410b,YES
PR-C07-008,CASE_07_SIGNED_TO_CANONICAL.md,ae8653acee9693fa8c7699c9c6c06a5204f912841d5853c668fe8a6ebf40ad35,ae8653acee9693fa8c7699c9c6c06a5204f912841d5853c668fe8a6ebf40ad35,ae8653acee9693fa8c7699c9c6c06a5204f912841d5853c668fe8a6ebf40ad35,YES
PR-C07-009,CASE_07_SIGNED_TO_CANONICAL.md,c487c3bb467cda10aea2d02d7758eec2521e1d3f0c4d4a7810c6c4c9adb41411,c487c3bb467cda10aea2d02d7758eec2521e1d3f0c4d4a7810c6c4c9adb41411,c487c3bb467cda10aea2d02d7758eec2521e1d3f0c4d4a7810c6c4c9adb41411,YES
PR-C07-010,CASE_07_SIGNED_TO_CANONICAL.md,3c667b0779696642fb2caad240ba76c355d1aa67e238c2edb962e9bab83eb983,3c667b0779696642fb2caad240ba76c355d1aa67e238c2edb962e9bab83eb983,3c667b0779696642fb2caad240ba76c355d1aa67e238c2edb962e9bab83eb983,YES
PR-C07-011,CASE_07_SIGNED_TO_CANONICAL.md,f745421e791e0fff257979b5fa3ae3fb0ace7e61453f9283a22f8508884fe046,f745421e791e0fff257979b5fa3ae3fb0ace7e61453f9283a22f8508884fe046,f745421e791e0fff257979b5fa3ae3fb0ace7e61453f9283a22f8508884fe046,YES
PR-C07-012,CASE_07_SIGNED_TO_CANONICAL.md,e0aea6187ae728eb9e687219efd4d3fc809321d16692a01603743ac46e9b3bdb,e0aea6187ae728eb9e687219efd4d3fc809321d16692a01603743ac46e9b3bdb,e0aea6187ae728eb9e687219efd4d3fc809321d16692a01603743ac46e9b3bdb,YES
PR-C07-013,CASE_07_SIGNED_TO_CANONICAL.md,4da57d0ee8451180a0c37fa53bc4a5e2846ac5af72acfb90408222a08e028334,4da57d0ee8451180a0c37fa53bc4a5e2846ac5af72acfb90408222a08e028334,4da57d0ee8451180a0c37fa53bc4a5e2846ac5af72acfb90408222a08e028334,YES
PR-C07-014,CASE_07_SIGNED_TO_CANONICAL.md,a0a6e1f1621cb1a331e1964027775a2e3706074aa18a30bef47ecbcd49a02d0f,a0a6e1f1621cb1a331e1964027775a2e3706074aa18a30bef47ecbcd49a02d0f,a0a6e1f1621cb1a331e1964027775a2e3706074aa18a30bef47ecbcd49a02d0f,YES
PR-C07-015,CASE_07_SIGNED_TO_CANONICAL.md,8b729152308c09bea1d66b96a2b98b0841d4effa6022a648763146e94ffe0375,8b729152308c09bea1d66b96a2b98b0841d4effa6022a648763146e94ffe0375,8b729152308c09bea1d66b96a2b98b0841d4effa6022a648763146e94ffe0375,YES
PR-C07-016,CASE_07_SIGNED_TO_CANONICAL.md,0be0e71c3d2a5859e117b1906fecbb47813d259294ab3d1dd14ee9e9554b2439,0be0e71c3d2a5859e117b1906fecbb47813d259294ab3d1dd14ee9e9554b2439,0be0e71c3d2a5859e117b1906fecbb47813d259294ab3d1dd14ee9e9554b2439,YES
PR-C07-017,CASE_07_SIGNED_TO_CANONICAL.md,bf31ae42486daf2577b834fc29838e6867dee4bf68b005ec834ae6c200031562,bf31ae42486daf2577b834fc29838e6867dee4bf68b005ec834ae6c200031562,bf31ae42486daf2577b834fc29838e6867dee4bf68b005ec834ae6c200031562,YES
PR-C08-001,CASE_08_BARRETT_REDUCTION.md,2ddbf4a8948a78c2523de58da279b850d553a2926e8f81d1ddb97a8233811e4a,2ddbf4a8948a78c2523de58da279b850d553a2926e8f81d1ddb97a8233811e4a,2ddbf4a8948a78c2523de58da279b850d553a2926e8f81d1ddb97a8233811e4a,YES
PR-C08-002,CASE_08_BARRETT_REDUCTION.md,d05a4f70f7776ff6394845b3c69246874ced98879d6d84cae165510c91664544,d05a4f70f7776ff6394845b3c69246874ced98879d6d84cae165510c91664544,d05a4f70f7776ff6394845b3c69246874ced98879d6d84cae165510c91664544,YES
PR-C08-003,CASE_08_BARRETT_REDUCTION.md,b3581d9147c616764822b02e38ef119543f21276589a65e84063b2ab5779f59f,b3581d9147c616764822b02e38ef119543f21276589a65e84063b2ab5779f59f,b3581d9147c616764822b02e38ef119543f21276589a65e84063b2ab5779f59f,YES
PR-C08-004,CASE_08_BARRETT_REDUCTION.md,3cc53614eab3a1cfc5ced4de7fa3a420a835fdc7e5512d1c4d7d19265222153b,3cc53614eab3a1cfc5ced4de7fa3a420a835fdc7e5512d1c4d7d19265222153b,3cc53614eab3a1cfc5ced4de7fa3a420a835fdc7e5512d1c4d7d19265222153b,YES
PR-C08-005,CASE_08_BARRETT_REDUCTION.md,e5c5ef7536e4428ece9fe10a08ba1296b9ce473351d0af830cc384d08ca6a920,e5c5ef7536e4428ece9fe10a08ba1296b9ce473351d0af830cc384d08ca6a920,e5c5ef7536e4428ece9fe10a08ba1296b9ce473351d0af830cc384d08ca6a920,YES
PR-C08-006,CASE_08_BARRETT_REDUCTION.md,3d3dd6f25320c9fc66da5effb0c4bd4c10e54de2c0d33884c3e7ca40558854ba,3d3dd6f25320c9fc66da5effb0c4bd4c10e54de2c0d33884c3e7ca40558854ba,3d3dd6f25320c9fc66da5effb0c4bd4c10e54de2c0d33884c3e7ca40558854ba,YES
PR-C08-007,CASE_08_BARRETT_REDUCTION.md,e06a794bedaac1080ff36ef091b3dc118921611a589a02460ff3400b52e2a8b0,e06a794bedaac1080ff36ef091b3dc118921611a589a02460ff3400b52e2a8b0,e06a794bedaac1080ff36ef091b3dc118921611a589a02460ff3400b52e2a8b0,YES
PR-C08-008,CASE_08_BARRETT_REDUCTION.md,3df4a70b47f0e196ccd2e5ae8edf5936bcb6be3817cdee6d9377d27c491ddcbc,3df4a70b47f0e196ccd2e5ae8edf5936bcb6be3817cdee6d9377d27c491ddcbc,3df4a70b47f0e196ccd2e5ae8edf5936bcb6be3817cdee6d9377d27c491ddcbc,YES
PR-C08-009,CASE_08_BARRETT_REDUCTION.md,063ff269499ccb51c9312b08ec773a806066bac8a9c769d1ce8a8cdfcb75e267,063ff269499ccb51c9312b08ec773a806066bac8a9c769d1ce8a8cdfcb75e267,063ff269499ccb51c9312b08ec773a806066bac8a9c769d1ce8a8cdfcb75e267,YES
PR-C08-010,CASE_08_BARRETT_REDUCTION.md,0207055c4b0dbf0ffe43976e21546cb0ffad79ae6113932095ae6cee0d350769,0207055c4b0dbf0ffe43976e21546cb0ffad79ae6113932095ae6cee0d350769,0207055c4b0dbf0ffe43976e21546cb0ffad79ae6113932095ae6cee0d350769,YES
PR-C08-011,CASE_08_BARRETT_REDUCTION.md,be3752e035c72047f66c5d7c5cfa40ae03292657a1442aa01ee53ab9e7c2c830,be3752e035c72047f66c5d7c5cfa40ae03292657a1442aa01ee53ab9e7c2c830,be3752e035c72047f66c5d7c5cfa40ae03292657a1442aa01ee53ab9e7c2c830,YES
PR-C08-012,CASE_08_BARRETT_REDUCTION.md,6cb507ea9675934f07823f3fced9001c2fe1d42c28c9b990baa0a766f1b44d7d,6cb507ea9675934f07823f3fced9001c2fe1d42c28c9b990baa0a766f1b44d7d,6cb507ea9675934f07823f3fced9001c2fe1d42c28c9b990baa0a766f1b44d7d,YES
PR-C08-013,CASE_08_BARRETT_REDUCTION.md,f05fd37be63330dd3a26eefd4c1045cdeebcca2be5dc1cec55f14214a11140a4,f05fd37be63330dd3a26eefd4c1045cdeebcca2be5dc1cec55f14214a11140a4,f05fd37be63330dd3a26eefd4c1045cdeebcca2be5dc1cec55f14214a11140a4,YES
PR-C08-014,CASE_08_BARRETT_REDUCTION.md,c65384aa806fe63c86d0fa017d6c5e7b7f8d0795093fc51087023a364cc5f1cd,c65384aa806fe63c86d0fa017d6c5e7b7f8d0795093fc51087023a364cc5f1cd,c65384aa806fe63c86d0fa017d6c5e7b7f8d0795093fc51087023a364cc5f1cd,YES
PR-C08-015,CASE_08_BARRETT_REDUCTION.md,d18c97c8b5adf3654db1fc58c1e7b6eaf9f5a145dee8f24d78cb438f0ecfefc9,d18c97c8b5adf3654db1fc58c1e7b6eaf9f5a145dee8f24d78cb438f0ecfefc9,d18c97c8b5adf3654db1fc58c1e7b6eaf9f5a145dee8f24d78cb438f0ecfefc9,YES
PR-C08-016,CASE_08_BARRETT_REDUCTION.md,4f81f9b3965448d406e8edd9ac6b73a735720509ad67377e1a1da0870ee90d3e,4f81f9b3965448d406e8edd9ac6b73a735720509ad67377e1a1da0870ee90d3e,4f81f9b3965448d406e8edd9ac6b73a735720509ad67377e1a1da0870ee90d3e,YES
PR-C08-017,CASE_08_BARRETT_REDUCTION.md,6305700fa616e72e0662ea90c03b5003ca9faa79f05341d4646788dc3afc7462,6305700fa616e72e0662ea90c03b5003ca9faa79f05341d4646788dc3afc7462,6305700fa616e72e0662ea90c03b5003ca9faa79f05341d4646788dc3afc7462,YES
PR-C08-018,CASE_08_BARRETT_REDUCTION.md,302b3ff9a5f165b3b2e05b14bb6e5e20d2f6aeea474a0eb804bb9f3ed10656d2,302b3ff9a5f165b3b2e05b14bb6e5e20d2f6aeea474a0eb804bb9f3ed10656d2,302b3ff9a5f165b3b2e05b14bb6e5e20d2f6aeea474a0eb804bb9f3ed10656d2,YES
PR-C08-019,CASE_08_BARRETT_REDUCTION.md,0ef4f305e37e7cdb34491b53546cc40994ab4f42d671e8f02259fe8a71120c9d,0ef4f305e37e7cdb34491b53546cc40994ab4f42d671e8f02259fe8a71120c9d,0ef4f305e37e7cdb34491b53546cc40994ab4f42d671e8f02259fe8a71120c9d,YES
PR-C08-020,CASE_08_BARRETT_REDUCTION.md,0f55885b080581401c55de3b263f94633ccd5fb62853ab77f3e4c51349055e51,0f55885b080581401c55de3b263f94633ccd5fb62853ab77f3e4c51349055e51,0f55885b080581401c55de3b263f94633ccd5fb62853ab77f3e4c51349055e51,YES
PR-C08-021,CASE_08_BARRETT_REDUCTION.md,efd365de20eecf79e33332f195dbdbcf7535dbeb4cf06602b8416459d52f5d31,efd365de20eecf79e33332f195dbdbcf7535dbeb4cf06602b8416459d52f5d31,efd365de20eecf79e33332f195dbdbcf7535dbeb4cf06602b8416459d52f5d31,YES
PR-C08-022,CASE_08_BARRETT_REDUCTION.md,2121ab1870f1489160ecddfca8071d214107dcfbea90ceff3c8f16a356596174,2121ab1870f1489160ecddfca8071d214107dcfbea90ceff3c8f16a356596174,2121ab1870f1489160ecddfca8071d214107dcfbea90ceff3c8f16a356596174,YES
PR-C08-023,CASE_08_BARRETT_REDUCTION.md,fc5781c3ec662c61c7d9651e16783e942d1f9190c3a20ba007df76888f51ab81,fc5781c3ec662c61c7d9651e16783e942d1f9190c3a20ba007df76888f51ab81,fc5781c3ec662c61c7d9651e16783e942d1f9190c3a20ba007df76888f51ab81,YES
PR-C09-001,CASE_09_ZEROISATION.md,df08f54f89d1185475fec816122af76f6aa80081b281b99d6af7ee854ef2ecab,df08f54f89d1185475fec816122af76f6aa80081b281b99d6af7ee854ef2ecab,df08f54f89d1185475fec816122af76f6aa80081b281b99d6af7ee854ef2ecab,YES
PR-C09-002,CASE_09_ZEROISATION.md,e00aafaa6aec814902d0616308d35c62e1bf86779603e13922353b032db318aa,e00aafaa6aec814902d0616308d35c62e1bf86779603e13922353b032db318aa,e00aafaa6aec814902d0616308d35c62e1bf86779603e13922353b032db318aa,YES
PR-C09-003,CASE_09_ZEROISATION.md,12ef0a826b0feab5b11002710ae480a417c512ae62436d136383691c6eef26ad,12ef0a826b0feab5b11002710ae480a417c512ae62436d136383691c6eef26ad,12ef0a826b0feab5b11002710ae480a417c512ae62436d136383691c6eef26ad,YES
PR-C09-004,CASE_09_ZEROISATION.md,14e3fd2fdbf32efe26b8d1b8210144f03582343065399d909a1039aa45cd2deb,14e3fd2fdbf32efe26b8d1b8210144f03582343065399d909a1039aa45cd2deb,14e3fd2fdbf32efe26b8d1b8210144f03582343065399d909a1039aa45cd2deb,YES
PR-C09-005,CASE_09_ZEROISATION.md,5e1f602d3b3fc4b40e9bcee3e91cf38c7539cf3267e2b4de7d379a94ea96a3be,5e1f602d3b3fc4b40e9bcee3e91cf38c7539cf3267e2b4de7d379a94ea96a3be,5e1f602d3b3fc4b40e9bcee3e91cf38c7539cf3267e2b4de7d379a94ea96a3be,YES
PR-C09-006,CASE_09_ZEROISATION.md,f3d6fa165dceb39c3cc48462a461e9216b47ddbb64c8f6ad00fc490164eca1aa,f3d6fa165dceb39c3cc48462a461e9216b47ddbb64c8f6ad00fc490164eca1aa,f3d6fa165dceb39c3cc48462a461e9216b47ddbb64c8f6ad00fc490164eca1aa,YES
PR-C09-007,CASE_09_ZEROISATION.md,a0932ca3690523ca59b33de07c9f63cbe5b1d76249a89fd9a97d870bfe4d3de7,a0932ca3690523ca59b33de07c9f63cbe5b1d76249a89fd9a97d870bfe4d3de7,a0932ca3690523ca59b33de07c9f63cbe5b1d76249a89fd9a97d870bfe4d3de7,YES
PR-C09-008,CASE_09_ZEROISATION.md,962fe1d8ca81458782c3125a3c5992834729619f8bdade1685652a240417be65,962fe1d8ca81458782c3125a3c5992834729619f8bdade1685652a240417be65,962fe1d8ca81458782c3125a3c5992834729619f8bdade1685652a240417be65,YES
PR-C09-009,CASE_09_ZEROISATION.md,803ce350104f06729b287fb1660101b3b142f1035c6cff0300ae1d236f539856,803ce350104f06729b287fb1660101b3b142f1035c6cff0300ae1d236f539856,803ce350104f06729b287fb1660101b3b142f1035c6cff0300ae1d236f539856,YES
PR-C09-010,CASE_09_ZEROISATION.md,fd4569f69ec4c9ed9ab26e05e2dbc917d9222d0ca8bf899bafa2e715878b22c1,fd4569f69ec4c9ed9ab26e05e2dbc917d9222d0ca8bf899bafa2e715878b22c1,fd4569f69ec4c9ed9ab26e05e2dbc917d9222d0ca8bf899bafa2e715878b22c1,YES
PR-C09-011,CASE_09_ZEROISATION.md,9984ba4ecaa6970f6d4203a6cb7df67cb0be5fba213785c1c629b78abd1e8d40,9984ba4ecaa6970f6d4203a6cb7df67cb0be5fba213785c1c629b78abd1e8d40,9984ba4ecaa6970f6d4203a6cb7df67cb0be5fba213785c1c629b78abd1e8d40,YES
PR-C09-012,CASE_09_ZEROISATION.md,f51782267b047cf648448904505194786e89400fa77dcde3e246975fa948e17e,f51782267b047cf648448904505194786e89400fa77dcde3e246975fa948e17e,f51782267b047cf648448904505194786e89400fa77dcde3e246975fa948e17e,YES
PR-C09-013,CASE_09_ZEROISATION.md,edc958ff56cb545de7af8bb8e99c0667b762299cba8bc34e9de24c2c17b48620,edc958ff56cb545de7af8bb8e99c0667b762299cba8bc34e9de24c2c17b48620,edc958ff56cb545de7af8bb8e99c0667b762299cba8bc34e9de24c2c17b48620,YES
PR-C09-014,CASE_09_ZEROISATION.md,c02865d262c7f561150b6639ae0e5b55008feb920c1a21c3139c4fd51e9fed1b,c02865d262c7f561150b6639ae0e5b55008feb920c1a21c3139c4fd51e9fed1b,c02865d262c7f561150b6639ae0e5b55008feb920c1a21c3139c4fd51e9fed1b,YES
PR-C09-015,CASE_09_ZEROISATION.md,f3637d6fabede6e008661a7f5185b0725ea0cd95ebdce71e5d6b263566f90387,f3637d6fabede6e008661a7f5185b0725ea0cd95ebdce71e5d6b263566f90387,f3637d6fabede6e008661a7f5185b0725ea0cd95ebdce71e5d6b263566f90387,YES
PR-C09-016,CASE_09_ZEROISATION.md,5e174b642074040668cc1205b3c0dbbc3e22b11720165fbb464e3c7f1a2b6e76,5e174b642074040668cc1205b3c0dbbc3e22b11720165fbb464e3c7f1a2b6e76,5e174b642074040668cc1205b3c0dbbc3e22b11720165fbb464e3c7f1a2b6e76,YES
PR-C10-001,CASE_10_POLYNOMIAL_SERIALISATION.md,b310d69d09830d043c783596a9774be05e80c61ced5177f7af9a28b1b86b5569,b310d69d09830d043c783596a9774be05e80c61ced5177f7af9a28b1b86b5569,b310d69d09830d043c783596a9774be05e80c61ced5177f7af9a28b1b86b5569,YES
PR-C10-002,CASE_10_POLYNOMIAL_SERIALISATION.md,e97f0e9762d001a265d97d3b9a10be43a0e0edf0dcdc04c131b7510146764911,e97f0e9762d001a265d97d3b9a10be43a0e0edf0dcdc04c131b7510146764911,e97f0e9762d001a265d97d3b9a10be43a0e0edf0dcdc04c131b7510146764911,YES
PR-C10-003,CASE_10_POLYNOMIAL_SERIALISATION.md,86c05ff2dbf48a3da4fbda8abd80a4d718163db612032b68f68789224f8ffbfe,86c05ff2dbf48a3da4fbda8abd80a4d718163db612032b68f68789224f8ffbfe,86c05ff2dbf48a3da4fbda8abd80a4d718163db612032b68f68789224f8ffbfe,YES
PR-C10-004,CASE_10_POLYNOMIAL_SERIALISATION.md,6dbfe191de6e0548549650e1e6eaca1a0b831ccbaa8138701776d2e9480c08a2,6dbfe191de6e0548549650e1e6eaca1a0b831ccbaa8138701776d2e9480c08a2,6dbfe191de6e0548549650e1e6eaca1a0b831ccbaa8138701776d2e9480c08a2,YES
PR-C10-005,CASE_10_POLYNOMIAL_SERIALISATION.md,478b137b1f70e5d2756e603e72952feda5c1722885a2db0e6969d4f611e7add8,478b137b1f70e5d2756e603e72952feda5c1722885a2db0e6969d4f611e7add8,478b137b1f70e5d2756e603e72952feda5c1722885a2db0e6969d4f611e7add8,YES
PR-C10-006,CASE_10_POLYNOMIAL_SERIALISATION.md,e31247efd2cbf0a4dba9499a8bfbe6341e2186213e916e205433d231a2160658,184a9cd1cfaf4f8c5171d8b87c4913eb303a169ea3fd0a6f4720af3a07069eec,e31247efd2cbf0a4dba9499a8bfbe6341e2186213e916e205433d231a2160658,YES
PR-C10-007,CASE_10_POLYNOMIAL_SERIALISATION.md,23a06fd144fe6be62e191dab9362a72d986b03cf70dd433aec5da7c22f727e09,23a06fd144fe6be62e191dab9362a72d986b03cf70dd433aec5da7c22f727e09,23a06fd144fe6be62e191dab9362a72d986b03cf70dd433aec5da7c22f727e09,YES
PR-C10-008,CASE_10_POLYNOMIAL_SERIALISATION.md,1b90d7c9073cedadb3ef23b2420d97262826cdbd2129bcf41b59a64cc1fd792a,1b90d7c9073cedadb3ef23b2420d97262826cdbd2129bcf41b59a64cc1fd792a,1b90d7c9073cedadb3ef23b2420d97262826cdbd2129bcf41b59a64cc1fd792a,YES
PR-C10-009,CASE_10_POLYNOMIAL_SERIALISATION.md,b8ee299fb9e4bd661177ae6976eb5db723976faa0cf193f6f55121cafeb2f2d1,b8ee299fb9e4bd661177ae6976eb5db723976faa0cf193f6f55121cafeb2f2d1,b8ee299fb9e4bd661177ae6976eb5db723976faa0cf193f6f55121cafeb2f2d1,YES
PR-C10-010,CASE_10_POLYNOMIAL_SERIALISATION.md,ea9c8dc35687574351407f6528f7b6ca4e9050ffd7e600c8642d0d2d099cc5eb,ea9c8dc35687574351407f6528f7b6ca4e9050ffd7e600c8642d0d2d099cc5eb,ea9c8dc35687574351407f6528f7b6ca4e9050ffd7e600c8642d0d2d099cc5eb,YES
PR-C10-011,CASE_10_POLYNOMIAL_SERIALISATION.md,fb627bd836dba0e1fb0af59408cd344b22dad771e74a9bfd39b0e54677311437,fb627bd836dba0e1fb0af59408cd344b22dad771e74a9bfd39b0e54677311437,fb627bd836dba0e1fb0af59408cd344b22dad771e74a9bfd39b0e54677311437,YES
PR-C10-012,CASE_10_POLYNOMIAL_SERIALISATION.md,d4aecc6699b49a76554660b53a3df1cee33d2592e5e92306b9a14759ddfb6e1d,d4aecc6699b49a76554660b53a3df1cee33d2592e5e92306b9a14759ddfb6e1d,d4aecc6699b49a76554660b53a3df1cee33d2592e5e92306b9a14759ddfb6e1d,YES
PR-C10-013,CASE_10_POLYNOMIAL_SERIALISATION.md,0b7282533f35dcdf98c8dff9150c65eec81fd8ea33891d6aed9832d2c7dce018,0516f61533155f16dc7918d9c36e806cfa7319087ac44ba330d14c0b26174f83,0b7282533f35dcdf98c8dff9150c65eec81fd8ea33891d6aed9832d2c7dce018,YES
PR-C10-014,CASE_10_POLYNOMIAL_SERIALISATION.md,4c56136aed5f988513aeaa4b733a8e76ce785bbe3623b8ce44c86906f3f1d379,623dd482aad23a6d4e89b999bf629c394ff1225b0c07b6950627615f18f89fda,4c56136aed5f988513aeaa4b733a8e76ce785bbe3623b8ce44c86906f3f1d379,YES
PR-C10-015,CASE_10_POLYNOMIAL_SERIALISATION.md,cc8a4cf41c12b35c5fef402993b980d2d63b11c604846cff6b93393b81d0a072,92eb3c4ecf8bdfe41008f4c5ffdd5aa1196aa1706d6e4bcbc787d984c070c168,cc8a4cf41c12b35c5fef402993b980d2d63b11c604846cff6b93393b81d0a072,YES
PR-C10-016,CASE_10_POLYNOMIAL_SERIALISATION.md,7d2b617cc2ea905fbfd6a572c0b8a87e06f4d693b8a6934cb6816c61c352fdd6,7d2b617cc2ea905fbfd6a572c0b8a87e06f4d693b8a6934cb6816c61c352fdd6,7d2b617cc2ea905fbfd6a572c0b8a87e06f4d693b8a6934cb6816c61c352fdd6,YES
PR-C10-017,CASE_10_POLYNOMIAL_SERIALISATION.md,fc0285ca63ad89c8b2c04d9ad5e70f8c85f77d409e5c3861f5cbb0e4c8848c7e,fc0285ca63ad89c8b2c04d9ad5e70f8c85f77d409e5c3861f5cbb0e4c8848c7e,fc0285ca63ad89c8b2c04d9ad5e70f8c85f77d409e5c3861f5cbb0e4c8848c7e,YES
PR-C10-018,CASE_10_POLYNOMIAL_SERIALISATION.md,b2598a82be3a0b5b21479309a8076aaed1c27fc90b58e66364932c1b67d328f7,b2598a82be3a0b5b21479309a8076aaed1c27fc90b58e66364932c1b67d328f7,b2598a82be3a0b5b21479309a8076aaed1c27fc90b58e66364932c1b67d328f7,YES
PR-C10-019,CASE_10_POLYNOMIAL_SERIALISATION.md,ebc97077c78c12723ccd2333145aab3fd1fbeee13e04b5fb63f4d02b2a9218c9,ebc97077c78c12723ccd2333145aab3fd1fbeee13e04b5fb63f4d02b2a9218c9,ebc97077c78c12723ccd2333145aab3fd1fbeee13e04b5fb63f4d02b2a9218c9,YES
PR-C11-001,CASE_11_POLYNOMIAL_DESERIALISATION.md,9573abe796d49c102adb4787279a4acf7f0ac19f992a89f02d6758c23bf1d2b2,9573abe796d49c102adb4787279a4acf7f0ac19f992a89f02d6758c23bf1d2b2,9573abe796d49c102adb4787279a4acf7f0ac19f992a89f02d6758c23bf1d2b2,YES
PR-C11-002,CASE_11_POLYNOMIAL_DESERIALISATION.md,879ac7bdd7fa7b354e3562b4e4281064e89dbd44c27dbeea0ff9a49429e93f1c,879ac7bdd7fa7b354e3562b4e4281064e89dbd44c27dbeea0ff9a49429e93f1c,879ac7bdd7fa7b354e3562b4e4281064e89dbd44c27dbeea0ff9a49429e93f1c,YES
PR-C11-003,CASE_11_POLYNOMIAL_DESERIALISATION.md,f699560b4dab1aa5869f3b3f52ad0a9d38404dd02151a5c72b1d3a7b51370901,f699560b4dab1aa5869f3b3f52ad0a9d38404dd02151a5c72b1d3a7b51370901,f699560b4dab1aa5869f3b3f52ad0a9d38404dd02151a5c72b1d3a7b51370901,YES
PR-C11-004,CASE_11_POLYNOMIAL_DESERIALISATION.md,964b950fc039fd8df1dcecb404c1eb2e8f980915d20bf9ab81da30ae1fd4db03,964b950fc039fd8df1dcecb404c1eb2e8f980915d20bf9ab81da30ae1fd4db03,964b950fc039fd8df1dcecb404c1eb2e8f980915d20bf9ab81da30ae1fd4db03,YES
PR-C11-005,CASE_11_POLYNOMIAL_DESERIALISATION.md,de3041e389eac032a5fe654fc5422f02e08313ee512dafebc0367d6334bb1be5,de3041e389eac032a5fe654fc5422f02e08313ee512dafebc0367d6334bb1be5,de3041e389eac032a5fe654fc5422f02e08313ee512dafebc0367d6334bb1be5,YES
PR-C11-006,CASE_11_POLYNOMIAL_DESERIALISATION.md,7e4decf3105bc93c16a1ca2fd520d3ecf779705a0924feec49d5cb09cbf1dfaa,7e4decf3105bc93c16a1ca2fd520d3ecf779705a0924feec49d5cb09cbf1dfaa,7e4decf3105bc93c16a1ca2fd520d3ecf779705a0924feec49d5cb09cbf1dfaa,YES
PR-C11-007,CASE_11_POLYNOMIAL_DESERIALISATION.md,b2ccaa30ced14b26ba4f93ab9c5ffbd9530c49e7a6a435b744363d5ee406856e,b2ccaa30ced14b26ba4f93ab9c5ffbd9530c49e7a6a435b744363d5ee406856e,b2ccaa30ced14b26ba4f93ab9c5ffbd9530c49e7a6a435b744363d5ee406856e,YES
PR-C11-008,CASE_11_POLYNOMIAL_DESERIALISATION.md,b66a2f4315a9418371c2c7da071bf191a2f4d3a03f5427f2d11e0b21480b76a3,68ab02bdb621c5c5b917b48fb0e75638962741cac9eb05156388e8f230f583a9,b66a2f4315a9418371c2c7da071bf191a2f4d3a03f5427f2d11e0b21480b76a3,YES
PR-C11-009,CASE_11_POLYNOMIAL_DESERIALISATION.md,f35acade13c5667dfb2fb9f57c2c65bdc9a0c33e2e28e9d21b491647882bd308,f35acade13c5667dfb2fb9f57c2c65bdc9a0c33e2e28e9d21b491647882bd308,f35acade13c5667dfb2fb9f57c2c65bdc9a0c33e2e28e9d21b491647882bd308,YES
PR-C11-010,CASE_11_POLYNOMIAL_DESERIALISATION.md,35194c83fe06af5f115984260cdeb5e2bf89a44144a8a8c93f642811c157ca89,35194c83fe06af5f115984260cdeb5e2bf89a44144a8a8c93f642811c157ca89,35194c83fe06af5f115984260cdeb5e2bf89a44144a8a8c93f642811c157ca89,YES
PR-C11-011,CASE_11_POLYNOMIAL_DESERIALISATION.md,36f85279162f7e0eb5e4704d7fa782cd226705abea72309d3c0b3c2bbaf7df9a,36f85279162f7e0eb5e4704d7fa782cd226705abea72309d3c0b3c2bbaf7df9a,36f85279162f7e0eb5e4704d7fa782cd226705abea72309d3c0b3c2bbaf7df9a,YES
PR-C12-001,CASE_12_DIRECT_CODEC_COMPOSITION.md,df50dc3e42dd99e60a99c38ce68728636c35594cfa6630c6590805fc199a6f61,df50dc3e42dd99e60a99c38ce68728636c35594cfa6630c6590805fc199a6f61,df50dc3e42dd99e60a99c38ce68728636c35594cfa6630c6590805fc199a6f61,YES
PR-C12-002,CASE_12_DIRECT_CODEC_COMPOSITION.md,85a8c0204d8241aa34283bb46ae114f14d689dbfd3e6514db20d25c87b6558e2,85a8c0204d8241aa34283bb46ae114f14d689dbfd3e6514db20d25c87b6558e2,85a8c0204d8241aa34283bb46ae114f14d689dbfd3e6514db20d25c87b6558e2,YES
PR-C13-001,CASE_13_PUBLIC_KEY_VALIDATION.md,49c5a4bd6aab1fb8b15fae041d63fad0743535ad263b82c4c9d13f750431bbdb,c468088a4f1f1d334faee751c3f11b6b4970db2ad02f8e771cc5e42fa3b0029c,49c5a4bd6aab1fb8b15fae041d63fad0743535ad263b82c4c9d13f750431bbdb,YES
PR-C13-002,CASE_13_PUBLIC_KEY_VALIDATION.md,3806081e6300d26bc60c9b72229813db49615ed45f87f7b87eb7960e0f890003,3806081e6300d26bc60c9b72229813db49615ed45f87f7b87eb7960e0f890003,3806081e6300d26bc60c9b72229813db49615ed45f87f7b87eb7960e0f890003,YES
PR-C13-003,CASE_13_PUBLIC_KEY_VALIDATION.md,1519da7ad641a33662808f82b551c49b3dde8d07730f95986ec4db01e12235b9,1519da7ad641a33662808f82b551c49b3dde8d07730f95986ec4db01e12235b9,1519da7ad641a33662808f82b551c49b3dde8d07730f95986ec4db01e12235b9,YES
PR-C13-004,CASE_13_PUBLIC_KEY_VALIDATION.md,92199f8e785a451951a6cd0676bd4194ce17e89f1ea47058c141a1e73706393f,fcf935b2942f807966c961198cb1bde59729ec40b8c37ac5690bde1090300b7f,92199f8e785a451951a6cd0676bd4194ce17e89f1ea47058c141a1e73706393f,YES
PR-C13-005,CASE_13_PUBLIC_KEY_VALIDATION.md,90338429b314951d0d06c885841eaea1a38f3e724a3723f5759751dc1fd243de,71e47c4a3e851fe9df8e9c8379c5e326f1b081893d4b0980c001277ce0818f37,90338429b314951d0d06c885841eaea1a38f3e724a3723f5759751dc1fd243de,YES
PR-C13-006,CASE_13_PUBLIC_KEY_VALIDATION.md,5dbcf298e55f1c27d4196a2f90d9b31ac19ab5f2e5cc6e8763a9fd1110b41096,5dbcf298e55f1c27d4196a2f90d9b31ac19ab5f2e5cc6e8763a9fd1110b41096,5dbcf298e55f1c27d4196a2f90d9b31ac19ab5f2e5cc6e8763a9fd1110b41096,YES
PR-C13-007,CASE_13_PUBLIC_KEY_VALIDATION.md,1485de94df69a1093fc04bcd0ef7e3db026138079bb5c7a55f340a8a7dfe179d,1485de94df69a1093fc04bcd0ef7e3db026138079bb5c7a55f340a8a7dfe179d,1485de94df69a1093fc04bcd0ef7e3db026138079bb5c7a55f340a8a7dfe179d,YES
PR-C13-008,CASE_13_PUBLIC_KEY_VALIDATION.md,4d8def400e4ff673455f2e8f78ecb3903d4f3d25e19c25670ba92cb59319ad3e,4d8def400e4ff673455f2e8f78ecb3903d4f3d25e19c25670ba92cb59319ad3e,4d8def400e4ff673455f2e8f78ecb3903d4f3d25e19c25670ba92cb59319ad3e,YES
PR-C13-009,CASE_13_PUBLIC_KEY_VALIDATION.md,148c62a3fddd0811a841862cf2596f0728fda53fc9f0a01a09fa7b27bad87abf,148c62a3fddd0811a841862cf2596f0728fda53fc9f0a01a09fa7b27bad87abf,148c62a3fddd0811a841862cf2596f0728fda53fc9f0a01a09fa7b27bad87abf,YES
PR-C13-010,CASE_13_PUBLIC_KEY_VALIDATION.md,2b5979c17f83aa8e578311a94fb8742ce28a2deb2b153afdb6860cf2edc3c7ac,e6bd69b8fba9e02222bd9b307b44729d57f01dbe60f72247f41b88edeed6e908,2b5979c17f83aa8e578311a94fb8742ce28a2deb2b153afdb6860cf2edc3c7ac,YES
PR-C13-011,CASE_13_PUBLIC_KEY_VALIDATION.md,f1a8afe55f87d24d75efb3617b714922f5dcbe9b96204811a3c1ee456ebe4c41,152980c7018d713d728d0f0cd1f7153eccfb4b213ec85b6b45929d0c48e86206,f1a8afe55f87d24d75efb3617b714922f5dcbe9b96204811a3c1ee456ebe4c41,YES
PR-C13-012,CASE_13_PUBLIC_KEY_VALIDATION.md,f13d692a4f71892d1840cab84c5daaa34612205a1d8002234b70a32ef73a97ae,7cb32ea94d993300a40dbafa6023b6231abf1644c5b3f533c760a371c841a37c,f13d692a4f71892d1840cab84c5daaa34612205a1d8002234b70a32ef73a97ae,YES
PR-C13-013,CASE_13_PUBLIC_KEY_VALIDATION.md,643d091b40f936a9f7a5875bed61606ccbce392735081db0968c0e40609d7744,643d091b40f936a9f7a5875bed61606ccbce392735081db0968c0e40609d7744,643d091b40f936a9f7a5875bed61606ccbce392735081db0968c0e40609d7744,YES
PR-C13-014,CASE_13_PUBLIC_KEY_VALIDATION.md,0da491e5c2b82a8695720223fe2a9a2bf68b57296b699e123b0bfd6bd478fc95,0da491e5c2b82a8695720223fe2a9a2bf68b57296b699e123b0bfd6bd478fc95,0da491e5c2b82a8695720223fe2a9a2bf68b57296b699e123b0bfd6bd478fc95,YES
PR-C13-015,CASE_13_PUBLIC_KEY_VALIDATION.md,06fe18f784feb428ad78844426373798c892b28b8a19a861307690ae819dfe95,06fe18f784feb428ad78844426373798c892b28b8a19a861307690ae819dfe95,06fe18f784feb428ad78844426373798c892b28b8a19a861307690ae819dfe95,YES
PR-C13-016,CASE_13_PUBLIC_KEY_VALIDATION.md,6877480a1fbe0b9add2644a66730f3ef92fe8025a0b30d6f897b8398da8ff0e1,6877480a1fbe0b9add2644a66730f3ef92fe8025a0b30d6f897b8398da8ff0e1,6877480a1fbe0b9add2644a66730f3ef92fe8025a0b30d6f897b8398da8ff0e1,YES
PR-C14-001,CASE_14_MONTGOMERY_REDUCTION.md,f034191a867618fe7fd223c667304e3208ac5f26cfee18465ce9d0e024337bf9,f034191a867618fe7fd223c667304e3208ac5f26cfee18465ce9d0e024337bf9,f034191a867618fe7fd223c667304e3208ac5f26cfee18465ce9d0e024337bf9,YES
PR-C14-002,CASE_14_MONTGOMERY_REDUCTION.md,cbfc7150aece6b941a2db8eee5d5d9f267067c3a562ed1303010412e6ec316dd,cbfc7150aece6b941a2db8eee5d5d9f267067c3a562ed1303010412e6ec316dd,cbfc7150aece6b941a2db8eee5d5d9f267067c3a562ed1303010412e6ec316dd,YES
PR-C14-003,CASE_14_MONTGOMERY_REDUCTION.md,8930a0f3bfa8e772a9a0b518abb271778ae3198a844aa32e12126a90a6568bf7,8930a0f3bfa8e772a9a0b518abb271778ae3198a844aa32e12126a90a6568bf7,8930a0f3bfa8e772a9a0b518abb271778ae3198a844aa32e12126a90a6568bf7,YES
PR-C14-004,CASE_14_MONTGOMERY_REDUCTION.md,118dcfe86a65f77afa1e211ef85f7f0b215065162277a33cf01605487dddf647,118dcfe86a65f77afa1e211ef85f7f0b215065162277a33cf01605487dddf647,118dcfe86a65f77afa1e211ef85f7f0b215065162277a33cf01605487dddf647,YES
PR-C14-005,CASE_14_MONTGOMERY_REDUCTION.md,9249245dd50d2d1bd2e3c5f796d5420d0c979c29b7902fc50701ddc9217eab04,9249245dd50d2d1bd2e3c5f796d5420d0c979c29b7902fc50701ddc9217eab04,9249245dd50d2d1bd2e3c5f796d5420d0c979c29b7902fc50701ddc9217eab04,YES
PR-C14-006,CASE_14_MONTGOMERY_REDUCTION.md,c7273b2e26b13411950aaaa44d439166af9878209e85c268ad27d84b1059e228,f58ab30eb6a55da0e8e85ac811d8e42170764b4623f0a4932353c9e026093d28,c7273b2e26b13411950aaaa44d439166af9878209e85c268ad27d84b1059e228,YES
PR-C14-007,CASE_14_MONTGOMERY_REDUCTION.md,521a734110c478455f2a6dc7c420966e5ead8d731669da7d0e3d1c41dcf96220,521a734110c478455f2a6dc7c420966e5ead8d731669da7d0e3d1c41dcf96220,521a734110c478455f2a6dc7c420966e5ead8d731669da7d0e3d1c41dcf96220,YES
PR-C14-008,CASE_14_MONTGOMERY_REDUCTION.md,b449b625d5b252e5cbce3cec7870efedb2af45a3a360998420623a3bcfa094f0,b6acbf18bb6d8d760add7a9fdea6585ee7ecb4bce0c3b695e5abd1afdc23013b,b449b625d5b252e5cbce3cec7870efedb2af45a3a360998420623a3bcfa094f0,YES
PR-C14-009,CASE_14_MONTGOMERY_REDUCTION.md,afdf0799c4fcee6703a13c621d35f874e809da7c4167f16309a6ee4f8c1ba52a,d4608d2a9990c723be26334fbfbf08b0cc5be6a5ad14bddf1bc6e66c8b4a14f5,afdf0799c4fcee6703a13c621d35f874e809da7c4167f16309a6ee4f8c1ba52a,YES
PR-C14-010,CASE_14_MONTGOMERY_REDUCTION.md,0722d2d45831088cad43b92983088bed8dcec3462afa6f1d6171757259b3f9cb,0722d2d45831088cad43b92983088bed8dcec3462afa6f1d6171757259b3f9cb,0722d2d45831088cad43b92983088bed8dcec3462afa6f1d6171757259b3f9cb,YES
PR-C14-011,CASE_14_MONTGOMERY_REDUCTION.md,35c24b5d367554896ccbec6182f2c46a65db167b8a9fe68ffaedd743ae57165e,cf2f05fecbad9b4a99a65b08b9bb89cf0d97acd27ca37a69303d17cab6c35948,35c24b5d367554896ccbec6182f2c46a65db167b8a9fe68ffaedd743ae57165e,YES
PR-C14-012,CASE_14_MONTGOMERY_REDUCTION.md,8c7c0cf162976afba5d2334155230ec0b17bd5adebc6d522b0587c6ee384f603,df6ab6216cc51a0f9d4cbe2483544db401caa231d119cd5b26f31c9f8e9f8413,8c7c0cf162976afba5d2334155230ec0b17bd5adebc6d522b0587c6ee384f603,YES
PR-C14-013,CASE_14_MONTGOMERY_REDUCTION.md,fb48d9d1d62cce0513fe1fd8ecd45f8fc863204e270677c5273fbf8b220ba26d,fb48d9d1d62cce0513fe1fd8ecd45f8fc863204e270677c5273fbf8b220ba26d,fb48d9d1d62cce0513fe1fd8ecd45f8fc863204e270677c5273fbf8b220ba26d,YES
PR-C14-014,CASE_14_MONTGOMERY_REDUCTION.md,d40b57971b9a3112b3edede8d88046763b45987bda9852e15f0bc74b4a6c57d6,7c579bbc60513f56ce1b6cfdb45595af136eb455e4be2370260d2f988b413da3,d40b57971b9a3112b3edede8d88046763b45987bda9852e15f0bc74b4a6c57d6,YES
PR-C14-015,CASE_14_MONTGOMERY_REDUCTION.md,3a7f79ea7116538ae1d3331369e0752a320d8ccbb22dce2f25e743d3845833c2,766f8a710f9c25c8eef9f4059ff3acff1edc4653b578a340c4d2c6d65127c564,3a7f79ea7116538ae1d3331369e0752a320d8ccbb22dce2f25e743d3845833c2,YES
PR-C14-016,CASE_14_MONTGOMERY_REDUCTION.md,9fbe45dfd7cd204b94e02b4ba19f2eb049973ec1965f318475a1977bd87fe0bd,9213ec9dcc076625820c3f789c2b9320b734e67908444d34ff53f1200f33eacf,9fbe45dfd7cd204b94e02b4ba19f2eb049973ec1965f318475a1977bd87fe0bd,YES
PR-C14-017,CASE_14_MONTGOMERY_REDUCTION.md,1d55a46a603dd11736108a375b6ce766d29e244d9d1998f8cc856c8945fc3280,1d55a46a603dd11736108a375b6ce766d29e244d9d1998f8cc856c8945fc3280,1d55a46a603dd11736108a375b6ce766d29e244d9d1998f8cc856c8945fc3280,YES
PR-C14-018,CASE_14_MONTGOMERY_REDUCTION.md,ad3619ed0da4a405c008f2e048981b7e3cd750e22a1c5a057c679333c615d5e6,ad3619ed0da4a405c008f2e048981b7e3cd750e22a1c5a057c679333c615d5e6,ad3619ed0da4a405c008f2e048981b7e3cd750e22a1c5a057c679333c615d5e6,YES
PR-C14-019,CASE_14_MONTGOMERY_REDUCTION.md,40b402fe783e1f08af3a79f57fc26df3d2340479b0a69d9a675ea64a047bc564,40b402fe783e1f08af3a79f57fc26df3d2340479b0a69d9a675ea64a047bc564,40b402fe783e1f08af3a79f57fc26df3d2340479b0a69d9a675ea64a047bc564,YES
PR-C14-020,CASE_14_MONTGOMERY_REDUCTION.md,eb2dc1aebf3888dc61b4d8fee2398b2e0d31d422016dc6f24a0fb45c5f01c59f,eb2dc1aebf3888dc61b4d8fee2398b2e0d31d422016dc6f24a0fb45c5f01c59f,eb2dc1aebf3888dc61b4d8fee2398b2e0d31d422016dc6f24a0fb45c5f01c59f,YES
PR-C14-021,CASE_14_MONTGOMERY_REDUCTION.md,58313d0d50304c2bf40e6dddaa242e4d6aa8bcc0417c7dd7edba900664ab7724,58313d0d50304c2bf40e6dddaa242e4d6aa8bcc0417c7dd7edba900664ab7724,58313d0d50304c2bf40e6dddaa242e4d6aa8bcc0417c7dd7edba900664ab7724,YES
PR-SA-ADD-001,SKILL_AVAILABLE_ADDITION.md,820c2c98c350031bd9bd25d43d2afec811afe90664aa2eaeba9ef44639f228bf,820c2c98c350031bd9bd25d43d2afec811afe90664aa2eaeba9ef44639f228bf,820c2c98c350031bd9bd25d43d2afec811afe90664aa2eaeba9ef44639f228bf,YES
PR-SA-ADD-002,SKILL_AVAILABLE_ADDITION.md,2d9f59ce193fed1b535b52e32e2e5394251530b04da9dd8dca0c3065016ab42a,dbc3189a3a4589230c4fe9dd407e3f5062a785fe4507ba1028cd3fd4275f975a,2d9f59ce193fed1b535b52e32e2e5394251530b04da9dd8dca0c3065016ab42a,YES
PR-SA-ADD-003,SKILL_AVAILABLE_ADDITION.md,a038069b0f25689d85f59e5b32636ca43da7874f2433701b259ddd40babd872b,a038069b0f25689d85f59e5b32636ca43da7874f2433701b259ddd40babd872b,a038069b0f25689d85f59e5b32636ca43da7874f2433701b259ddd40babd872b,YES
PR-SA-BR-001,SKILL_AVAILABLE_BARRETT.md,275d786c20f4b96ef454b56e1d1321410071ec45ba485defd2cdf35de9d3d187,275d786c20f4b96ef454b56e1d1321410071ec45ba485defd2cdf35de9d3d187,275d786c20f4b96ef454b56e1d1321410071ec45ba485defd2cdf35de9d3d187,YES
PR-SA-BR-002,SKILL_AVAILABLE_BARRETT.md,cd118b8e66b29d6888539d63f2ce0da16cd504057b929afa22eef8297acda719,cd118b8e66b29d6888539d63f2ce0da16cd504057b929afa22eef8297acda719,cd118b8e66b29d6888539d63f2ce0da16cd504057b929afa22eef8297acda719,YES
PR-SA-BR-003,SKILL_AVAILABLE_BARRETT.md,bcc0b03d6f381cd27238674892120eefbaad0854732478f92656769e38b6ca63,bcc0b03d6f381cd27238674892120eefbaad0854732478f92656769e38b6ca63,bcc0b03d6f381cd27238674892120eefbaad0854732478f92656769e38b6ca63,YES
PR-SA-SUB-001,SKILL_AVAILABLE_SUBTRACTION.md,c2150e4558d2258fa94bf3eb2578d4cd926c68eb917a2eeed9552bc20e5833f9,c2150e4558d2258fa94bf3eb2578d4cd926c68eb917a2eeed9552bc20e5833f9,c2150e4558d2258fa94bf3eb2578d4cd926c68eb917a2eeed9552bc20e5833f9,YES
PR-SA-SUB-002,SKILL_AVAILABLE_SUBTRACTION.md,9518a055c639ea3e91246e26c22d944afdf93b1d496106127a6feae4b3fa8aeb,9518a055c639ea3e91246e26c22d944afdf93b1d496106127a6feae4b3fa8aeb,9518a055c639ea3e91246e26c22d944afdf93b1d496106127a6feae4b3fa8aeb,YES
PR-SA-ZERO-001,SKILL_AVAILABLE_ZEROISATION.md,5eb377e1e90f0fc3af2acb90108f7cf410ace8fd1446650d2704befc637ab43c,5eb377e1e90f0fc3af2acb90108f7cf410ace8fd1446650d2704befc637ab43c,5eb377e1e90f0fc3af2acb90108f7cf410ace8fd1446650d2704befc637ab43c,YES
PR-SA-ZERO-002,SKILL_AVAILABLE_ZEROISATION.md,10f75157cdc78ae7498e49a35928a725bc874f7fb1631d89614eec22d0074682,5b9c6b59412b8cac8753abd2fd7b2e1c7e70aa977b66bab7df9885f6d33b9c00,10f75157cdc78ae7498e49a35928a725bc874f7fb1631d89614eec22d0074682,YES
