property_id,type,priority,source_basis,confidence,has_legacy_spec_evidence,has_agent2v2_algorithm_evidence,has_agent2v2_parameter_evidence,has_agent2v2_equation_evidence,has_agent2v2_prepost_evidence,has_agent2v2_hint_evidence,has_code_evidence,human_review_required,description
P4,array_bounds,high,code,high,False,False,False,False,False,False,True,True,All detected array accesses in `mlk_poly_add` should stay within valid bounds.
P1,input_pointer_validity,high,code,high,False,False,False,False,False,False,True,True,Input pointer `b` must be valid and readable when `mlk_poly_add` is called.
P5,loop_bound,high,code,high,False,False,False,False,False,False,True,True,Loop `i < MLKEM_N` in `mlk_poly_add` should be unwound sufficiently and should not drive array indices outside valid bounds.
P3,memory_safety,high,code,high,False,False,False,False,False,False,True,True,All pointer field/dereference accesses inside `mlk_poly_add` should be memory-safe under documented harness assumptions.
P2,output_pointer_validity,high,code,high,False,False,False,False,False,False,True,True,Output/in-out pointer `r` must be valid and writable when `mlk_poly_add` writes through it.
P21,parameter_consistency,high,agent2v2_parameters_plus_code,high,False,False,True,False,False,False,True,True,Parsed specification parameters/constants should match implementation macros/constants before using them in CBMC assumptions. Tracked parameters: human_review_required=True.
P58,spec_code_alignment,high,agent2v2_spec_to_code_hint,medium,False,False,False,False,False,True,True,True,Agent 2 v2 spec-to-code hint should be checked: mlk_poly_add.
P59,spec_code_alignment,high,agent2v2_spec_to_code_hint,medium,False,False,False,False,False,True,True,True,"Agent 2 v2 spec-to-code hint should be checked: {""candidate_meanings"": [""Error/noise vector or polynomial in ML-KEM/K-PKE descriptions.""], ""group"": ""candidate_field_mappings"", ""possible_code_fields"": [""coeffs"", ""vec"", ""polyvec"", ""bytes""], ""spec_symbol"": ""e""}."
P60,spec_code_alignment,high,agent2v2_spec_to_code_hint,medium,False,False,False,False,False,True,True,True,Agent 2 v2 spec-to-code hint should be checked: true.
P61,spec_code_alignment,high,agent2v2_spec_to_code_hint,medium,False,False,False,False,False,True,True,True,Agent 2 v2 spec-to-code hint should be checked: These hints are not proof obligations by themselves..
P62,spec_code_alignment,high,agent2v2_spec_to_code_hint,medium,False,False,False,False,False,True,True,True,Agent 2 v2 spec-to-code hint should be checked: They are bridge material for the Property Discovery and Artifact Generation agents..
P9,aliasing,medium,code_plus_human_review,medium,False,False,False,False,False,False,True,True,Pointer aliasing behavior for `mlk_poly_add` should be documented before adding non-aliasing assumptions.
P23,equation_conformance,medium,agent2v2_equation_constraint_plus_code,medium,False,False,False,True,False,False,True,True,"Parsed FIPS equation/constraint `comments submitted on the draft ML-KEM, domain separation was added to K-PKE.KeyGen to` may define a candidate check for `mlk_poly_add` if involved symbols map to code variables."
P24,equation_conformance,medium,agent2v2_equation_constraint_plus_code,medium,False,False,False,True,False,False,True,True,"Parsed FIPS equation/constraint `Additionally, FIPS 203 ipd had inadvertently swapped the indices of matrix 𝐀̂ in K-PKE.KeyGen and` may define a candidate check for `mlk_poly_add` if involved symbols map to code variables."
P16,functional_correctness,medium,spec,low,True,False,False,False,False,False,True,True,"For `mlk_poly_add`, candidate spec-derived property: {""confidence"": 0.66, ""evidence"": [{""confidence"": 0.66, ""end_line"": 102, ""extraction_method"": ""prepost_keyword_regex"", ""section_title"": ""Input checking. The algorithms ML-KEM.Encaps and ML-KEM.Decaps require input checking."", ""source_file"": ""/home/girish/thesis-agent-workflow/inputs/specs/fips203_clean.txt"", ""start_line"": 102, ""text"": ""Implementers shall ensure that ML-KEM.Encaps and ML-KEM.Decaps are only executed on""}], ""guarantee"": ""Implementers shall ensure that ML-KEM.Encaps and ML-KEM.Decaps are only executed on"", ""human_review_required"": true, ""source"": ""postcondition_keyword_extraction""}"
P17,functional_correctness,medium,spec,low,True,False,False,False,False,False,True,True,"For `mlk_poly_add`, candidate spec-derived property: {""confidence"": 0.66, ""evidence"": [{""confidence"": 0.66, ""end_line"": 106, ""extraction_method"": ""prepost_keyword_regex"", ""section_title"": ""inputs that have been checked, as described in Section 7."", ""source_file"": ""/home/girish/thesis-agent-workflow/inputs/specs/fips203_clean.txt"", ""start_line"": 106, ""text"": ""shall ensure that intermediate data is destroyed as soon as it is no longer needed. In particular,""}], ""guarantee"": ""shall ensure that intermediate data is destroyed as soon as it is no longer needed. In particular,"", ""human_review_required"": true, ""source"": ""postcondition_keyword_extraction""}"
P18,functional_correctness,medium,spec,low,True,False,False,False,False,False,True,True,"For `mlk_poly_add`, candidate spec-derived property: {""confidence"": 0.66, ""evidence"": [{""confidence"": 0.66, ""end_line"": 107, ""extraction_method"": ""prepost_keyword_regex"", ""section_title"": ""inputs that have been checked, as described in Section 7."", ""source_file"": ""/home/girish/thesis-agent-workflow/inputs/specs/fips203_clean.txt"", ""start_line"": 107, ""text"": ""for ML-KEM.KeyGen, ML-KEM.Encaps, and ML-KEM.Decaps, only the designated output can be""}], ""guarantee"": ""for ML-KEM.KeyGen, ML-KEM.Encaps, and ML-KEM.Decaps, only the designated output can be"", ""human_review_required"": true, ""source"": ""postcondition_keyword_extraction""}"
P19,functional_correctness,medium,spec,low,True,False,False,False,False,False,True,True,"For `mlk_poly_add`, candidate spec-derived property: {""confidence"": 0.66, ""evidence"": [{""confidence"": 0.66, ""end_line"": 120, ""extraction_method"": ""prepost_keyword_regex"", ""section_title"": ""Appendix C - Differences From the CRYSTALS-Kyber Submission"", ""source_file"": ""/home/girish/thesis-agent-workflow/inputs/specs/fips203_clean.txt"", ""start_line"": 120, ""text"": ""scheme (specified in this document) that result in differing input-output behavior of the main""}], ""guarantee"": ""scheme (specified in this document) that result in differing input-output behavior of the main"", ""human_review_required"": true, ""source"": ""postcondition_keyword_extraction""}"
P20,functional_correctness,medium,spec,low,True,False,False,False,False,False,True,True,"For `mlk_poly_add`, candidate spec-derived property: {""confidence"": 0.66, ""evidence"": [{""confidence"": 0.66, ""end_line"": 122, ""extraction_method"": ""prepost_keyword_regex"", ""section_title"": ""Appendix C - Differences From the CRYSTALS-Kyber Submission"", ""source_file"": ""/home/girish/thesis-agent-workflow/inputs/specs/fips203_clean.txt"", ""start_line"": 122, ""text"": ""the input-output behavior of these three algorithms (see “Implementations” and Section 3.3""}], ""guarantee"": ""the input-output behavior of these three algorithms (see “Implementations” and Section 3.3"", ""human_review_required"": true, ""source"": ""postcondition_keyword_extraction""}"
P63,functional_correctness,medium,matched_spec_algorithm_plus_code,medium,False,False,False,False,False,False,True,True,"For `mlk_poly_add`, each output update should match selected addition/sum behavior under documented preconditions."
P7,functional_update_shape,medium,code_plus_spec,medium,False,False,False,False,False,False,True,True,The writes performed by `mlk_poly_add` should match the intended function-level update shape under documented assumptions.
P8,helper_contract,medium,code,medium,False,False,False,False,False,False,True,True,"Helper calls/macros used by `mlk_poly_add` must be included, stubbed, or given documented contracts before CBMC results are trusted."
P6,integer_overflow,medium,code_plus_spec_needed,medium,False,False,False,False,False,False,True,True,Arithmetic/bit operations in `mlk_poly_add` should not trigger undefined or unintended overflow under documented assumptions.
P10,modular_arithmetic,medium,spec_plus_code,medium,True,False,False,False,False,False,True,True,"For `mlk_poly_add`, candidate spec-derived property: {""confidence"": 0.55, ""evidence"": [{""confidence"": 0.62, ""end_line"": 23, ""extraction_method"": ""math_constraint_regex"", ""section_title"": ""MODULE-LATTICE-BASED KEY-ENCAPSULATION MECHANISM"", ""source_file"": ""/home/girish/thesis-agent-workflow/inputs/specs/fips203_clean.txt"", ""start_line"": 23, ""text"": ""of corruption or interference, the process in Figure 1 will result in 𝐾 ′ = 𝐾 with overwhelming""}], ""formal_tool_hint"": ""CBMC"", ""human_review_required"": true, ""priority"": ""medium"", ""property"": ""Candidate equation/constraint from specification: of corruption or interference, the process in Figure 1 will result in 𝐾 ′ = 𝐾 with overwhelming"", ""type"": ""assignment_or_equation""}"
P11,modular_arithmetic,medium,spec_plus_code,medium,True,False,False,False,False,False,True,True,"For `mlk_poly_add`, candidate spec-derived property: {""confidence"": 0.55, ""evidence"": [{""confidence"": 0.62, ""end_line"": 41, ""extraction_method"": ""math_constraint_regex"", ""section_title"": ""MODULE-LATTICE-BASED KEY-ENCAPSULATION MECHANISM"", ""source_file"": ""/home/girish/thesis-agent-workflow/inputs/specs/fips203_clean.txt"", ""start_line"": 41, ""text"": ""two constants: 𝑛 = 256 and 𝑞 = 3329.""}], ""formal_tool_hint"": ""CBMC"", ""human_review_required"": true, ""priority"": ""medium"", ""property"": ""Candidate equation/constraint from specification: two constants: 𝑛 = 256 and 𝑞 = 3329."", ""type"": ""assignment_or_equation""}"
P12,modular_arithmetic,medium,spec_plus_code,medium,True,False,False,False,False,False,True,True,"For `mlk_poly_add`, candidate spec-derived property: {""confidence"": 0.66, ""evidence"": [{""confidence"": 0.66, ""end_line"": 3, ""extraction_method"": ""prepost_keyword_regex"", ""section_title"": """", ""source_file"": ""/home/girish/thesis-agent-workflow/inputs/specs/fips203_clean.txt"", ""start_line"": 3, ""text"": ""attack model than the PKE scheme. As a result, ML-KEM is believed to satisfy so-called IND-CCA2""}], ""guarantee"": ""attack model than the PKE scheme. As a result, ML-KEM is believed to satisfy so-called IND-CCA2"", ""human_review_required"": true, ""source"": ""postcondition_keyword_extraction""}"
P13,modular_arithmetic,medium,spec_plus_code,medium,True,False,False,False,False,False,True,True,"For `mlk_poly_add`, candidate spec-derived property: {""confidence"": 0.66, ""evidence"": [{""confidence"": 0.66, ""end_line"": 23, ""extraction_method"": ""prepost_keyword_regex"", ""section_title"": ""MODULE-LATTICE-BASED KEY-ENCAPSULATION MECHANISM"", ""source_file"": ""/home/girish/thesis-agent-workflow/inputs/specs/fips203_clean.txt"", ""start_line"": 23, ""text"": ""of corruption or interference, the process in Figure 1 will result in 𝐾 ′ = 𝐾 with overwhelming""}], ""guarantee"": ""of corruption or interference, the process in Figure 1 will result in 𝐾 ′ = 𝐾 with overwhelming"", ""human_review_required"": true, ""source"": ""postcondition_keyword_extraction""}"
P14,modular_arithmetic,medium,spec_plus_code,medium,True,False,False,False,False,False,True,True,"For `mlk_poly_add`, candidate spec-derived property: {""confidence"": 0.66, ""evidence"": [{""confidence"": 0.66, ""end_line"": 44, ""extraction_method"": ""prepost_keyword_regex"", ""section_title"": ""MODULE-LATTICE-BASED KEY-ENCAPSULATION MECHANISM"", ""source_file"": ""/home/girish/thesis-agent-workflow/inputs/specs/fips203_clean.txt"", ""start_line"": 44, ""text"": ""both ML-KEM.Encaps and ML-KEM.Decaps will each output a 256-bit value. Moreover, if no""}], ""guarantee"": ""both ML-KEM.Encaps and ML-KEM.Decaps will each output a 256-bit value. Moreover, if no"", ""human_review_required"": true, ""source"": ""postcondition_keyword_extraction""}"
P15,modular_arithmetic,medium,spec_plus_code,medium,True,False,False,False,False,False,True,True,"For `mlk_poly_add`, candidate spec-derived property: {""confidence"": 0.66, ""evidence"": [{""confidence"": 0.66, ""end_line"": 80, ""extraction_method"": ""prepost_keyword_regex"", ""section_title"": ""MODULE-LATTICE-BASED KEY-ENCAPSULATION MECHANISM"", ""source_file"": ""/home/girish/thesis-agent-workflow/inputs/specs/fips203_clean.txt"", ""start_line"": 80, ""text"": ""produces the correct output for every input (where “input” includes the specified input as well""}], ""guarantee"": ""produces the correct output for every input (where “input” includes the specified input as well"", ""human_review_required"": true, ""source"": ""postcondition_keyword_extraction""}"
P40,postcondition_validity,medium,agent2v2_prepost_plus_code,medium,False,False,False,False,True,False,True,True,"Parsed specification postcondition `attack model than the PKE scheme. As a result, ML-KEM is believed to satisfy so-called IND-CCA2` should be treated as a candidate assertion for `mlk_poly_add` only after evidence review."
P41,postcondition_validity,medium,agent2v2_prepost_plus_code,medium,False,False,False,False,True,False,True,True,"Parsed specification postcondition `of corruption or interference, the process in Figure 1 will result in 𝐾 ′ = 𝐾 with overwhelming` should be treated as a candidate assertion for `mlk_poly_add` only after evidence review."
P42,postcondition_validity,medium,agent2v2_prepost_plus_code,medium,False,False,False,False,True,False,True,True,"Parsed specification postcondition `both ML-KEM.Encaps and ML-KEM.Decaps will each output a 256-bit value. Moreover, if no` should be treated as a candidate assertion for `mlk_poly_add` only after evidence review."
P43,postcondition_validity,medium,agent2v2_prepost_plus_code,medium,False,False,False,False,True,False,True,True,Parsed specification postcondition `produces the correct output for every input (where “input” includes the specified input as well` should be treated as a candidate assertion for `mlk_poly_add` only after evidence review.
P44,postcondition_validity,medium,agent2v2_prepost_plus_code,medium,False,False,False,False,True,False,True,True,Parsed specification postcondition `Implementers shall ensure that ML-KEM.Encaps and ML-KEM.Decaps are only executed on` should be treated as a candidate assertion for `mlk_poly_add` only after evidence review.
P45,postcondition_validity,medium,agent2v2_prepost_plus_code,medium,False,False,False,False,True,False,True,True,"Parsed specification postcondition `shall ensure that intermediate data is destroyed as soon as it is no longer needed. In particular,` should be treated as a candidate assertion for `mlk_poly_add` only after evidence review."
P46,postcondition_validity,medium,agent2v2_prepost_plus_code,medium,False,False,False,False,True,False,True,True,"Parsed specification postcondition `for ML-KEM.KeyGen, ML-KEM.Encaps, and ML-KEM.Decaps, only the designated output can be` should be treated as a candidate assertion for `mlk_poly_add` only after evidence review."
P47,postcondition_validity,medium,agent2v2_prepost_plus_code,medium,False,False,False,False,True,False,True,True,Parsed specification postcondition `scheme (specified in this document) that result in differing input-output behavior of the main` should be treated as a candidate assertion for `mlk_poly_add` only after evidence review.
P48,postcondition_validity,medium,agent2v2_prepost_plus_code,medium,False,False,False,False,True,False,True,True,Parsed specification postcondition `the input-output behavior of these three algorithms (see “Implementations” and Section 3.3` should be treated as a candidate assertion for `mlk_poly_add` only after evidence review.
P49,postcondition_validity,medium,agent2v2_prepost_plus_code,medium,False,False,False,False,True,False,True,True,Parsed specification postcondition `achieving IND-CCA2 security. The scheme K-PKE is not IND-CCA2-secure and shall not be used as` should be treated as a candidate assertion for `mlk_poly_add` only after evidence review.
P50,postcondition_validity,medium,agent2v2_prepost_plus_code,medium,False,False,False,False,True,False,True,True,Parsed specification postcondition `random values required for key generation (as specified in ML-KEM.KeyGen) and encapsulation` should be treated as a candidate assertion for `mlk_poly_add` only after evidence review.
P51,postcondition_validity,medium,agent2v2_prepost_plus_code,medium,False,False,False,False,True,False,True,True,Parsed specification postcondition `(as specified in ML-KEM.Encaps) shall be performed by the cryptographic module.` should be treated as a candidate assertion for `mlk_poly_add` only after evidence review.
P52,postcondition_validity,medium,agent2v2_prepost_plus_code,medium,False,False,False,False,True,False,True,True,"Parsed specification postcondition `If further key derivation is needed, the final symmetric keys shall be derived from this 256-bit` should be treated as a candidate assertion for `mlk_poly_add` only after evidence review."
P53,postcondition_validity,medium,agent2v2_prepost_plus_code,medium,False,False,False,False,True,False,True,True,Parsed specification postcondition `must be generated for every such invocation. These random bytes shall be generated using an` should be treated as a candidate assertion for `mlk_poly_add` only after evidence review.
P54,postcondition_validity,medium,agent2v2_prepost_plus_code,medium,False,False,False,False,True,False,True,True,"Parsed specification postcondition `this RBG shall have a security strength of at least 128 bits for ML-KEM-512, at least 192 bits for` should be treated as a candidate assertion for `mlk_poly_add` only after evidence review."
P57,postcondition_validity,medium,agent2v2_prepost_plus_code,medium,False,False,False,False,True,False,True,True,Parsed specification postcondition `retained in memory after the algorithm terminates. All other data shall be destroyed prior to` should be treated as a candidate assertion for `mlk_poly_add` only after evidence review.
P25,precondition_validity,medium,agent2v2_prepost_plus_code,medium,False,False,False,False,True,False,True,True,"Parsed specification precondition `set are given in Table 2 of Section 8. In addition to these five variable parameters, there are also` should be treated as a candidate assumption for `mlk_poly_add` only after evidence review."
P26,precondition_validity,medium,agent2v2_prepost_plus_code,medium,False,False,False,False,True,False,True,True,Parsed specification precondition `(as specified in ML-KEM.Encaps) shall be performed by the cryptographic module.` should be treated as a candidate assumption for `mlk_poly_add` only after evidence review.
P27,precondition_validity,medium,agent2v2_prepost_plus_code,medium,False,False,False,False,True,False,True,True,Parsed specification precondition `implementation may replace the given set of steps with any mathematically equivalent set of` should be treated as a candidate assumption for `mlk_poly_add` only after evidence review.
P28,precondition_validity,medium,agent2v2_prepost_plus_code,medium,False,False,False,False,True,False,True,True,Parsed specification precondition `produces the correct output for every input (where “input” includes the specified input as well` should be treated as a candidate assumption for `mlk_poly_add` only after evidence review.
P29,precondition_validity,medium,agent2v2_prepost_plus_code,medium,False,False,False,False,True,False,True,True,"Parsed specification precondition `If further key derivation is needed, the final symmetric keys shall be derived from this 256-bit` should be treated as a candidate assumption for `mlk_poly_add` only after evidence review."
P30,precondition_validity,medium,agent2v2_prepost_plus_code,medium,False,False,False,False,True,False,True,True,Parsed specification precondition `regarding combined KEMs is given in SP 800-227 [1].` should be treated as a candidate assumption for `mlk_poly_add` only after evidence review.
P31,precondition_validity,medium,agent2v2_prepost_plus_code,medium,False,False,False,False,True,False,True,True,Parsed specification precondition `Randomness generation. Two algorithms in this standard require the generation of randomness` should be treated as a candidate assumption for `mlk_poly_add` only after evidence review.
P32,precondition_validity,medium,agent2v2_prepost_plus_code,medium,False,False,False,False,True,False,True,True,Parsed specification precondition `must be generated for every such invocation. These random bytes shall be generated using an` should be treated as a candidate assumption for `mlk_poly_add` only after evidence review.
P33,precondition_validity,medium,agent2v2_prepost_plus_code,medium,False,False,False,False,True,False,True,True,Parsed specification precondition `Input checking. The algorithms ML-KEM.Encaps and ML-KEM.Decaps require input checking.` should be treated as a candidate assumption for `mlk_poly_add` only after evidence review.
P34,precondition_validity,medium,agent2v2_prepost_plus_code,medium,False,False,False,False,True,False,True,True,Parsed specification precondition `retained in memory after the algorithm terminates. All other data shall be destroyed prior to` should be treated as a candidate assumption for `mlk_poly_add` only after evidence review.
P35,precondition_validity,medium,agent2v2_prepost_plus_code,medium,False,False,False,False,True,False,True,True,Parsed specification precondition `scheme (specified in this document) that result in differing input-output behavior of the main` should be treated as a candidate assumption for `mlk_poly_add` only after evidence review.
P36,precondition_validity,medium,agent2v2_prepost_plus_code,medium,False,False,False,False,True,False,True,True,Parsed specification precondition `the input-output behavior of these three algorithms (see “Implementations” and Section 3.3` should be treated as a candidate assumption for `mlk_poly_add` only after evidence review.
P37,precondition_validity,medium,agent2v2_prepost_plus_code,medium,False,False,False,False,True,False,True,True,"Parsed specification precondition `As this standard requires the use of NIST-approved randomness generation, this step is` should be treated as a candidate assumption for `mlk_poly_add` only after evidence review."
P38,precondition_validity,medium,agent2v2_prepost_plus_code,medium,False,False,False,False,True,False,True,True,Parsed specification precondition `- This specification includes explicit input checking steps that were not part of the third-round` should be treated as a candidate assumption for `mlk_poly_add` only after evidence review.
P39,precondition_validity,medium,agent2v2_prepost_plus_code,medium,False,False,False,False,True,False,True,True,"Parsed specification precondition `specification [4]. For example, ML-KEM.Encaps requires that the byte array containing the` should be treated as a candidate assumption for `mlk_poly_add` only after evidence review."
P22,range_safety,medium,agent2v2_equation_constraint_plus_code,medium,False,False,False,True,False,False,True,True,"Parsed FIPS equation/constraint `20, there was an additional step that performed the operation 𝑚 <- 𝐻(𝑚). The purpose` may define a candidate check for `mlk_poly_add` if involved symbols map to code variables."
P64,range_safety,medium,matched_spec_algorithm_plus_code,medium,False,False,False,True,False,False,True,True,"For `mlk_poly_add`, output coefficient range should match selected reduction/modulus rule if explicitly supported by parsed spec and code."
P65,tool_compatibility,medium,code_plus_tool,medium,False,False,False,False,False,False,True,True,"The CBMC harness for `mlk_poly_add` should include all required headers, helper sources, or safe stubs so verification results are meaningful."
