original_path	retained_destination	size_bytes	sha256
00_verification_intent/PBCODEC_CV1_VERIFICATION_INTENT.md	experiments/poly-bytes-codec/00-campaign-setup/verification-intent/PBCODEC_CV1_VERIFICATION_INTENT.md	1729	befca621610706c9e9e59fae1a5cfb612f6e39868743905eeee6e51099ad9be6
01_harness_candidates/NV/Makefile	experiments/poly-bytes-codec/NV01-composition-endpoint-reachability/harness/Makefile	972	bf06cd69768410d23d9daccd84e313fd15083772bbc6cc9d61bdd35ecb5e9ab3
01_harness_candidates/NV/pbcodec_cv1_nonvacuity_harness.c	experiments/poly-bytes-codec/NV01-composition-endpoint-reachability/harness/pbcodec_cv1_nonvacuity_harness.c	938	0ba7b2763cd3a0d7c30746f026cf22b27f1e7130f238409245ce8763f90c33f8
01_harness_candidates/P1/Makefile	experiments/poly-bytes-codec/T01-canonical-polynomial-encode-decode/harness/Makefile	982	f0b87f4ea58487fa8828169d90a2ea16aa03852dfbd492bbe4eb6f8736ffbb96
01_harness_candidates/P1/pbcodec_cv1_p1_left_inverse_harness.c	experiments/poly-bytes-codec/T01-canonical-polynomial-encode-decode/harness/pbcodec_cv1_p1_left_inverse_harness.c	928	04b6a7b4287d75f2badb9612b1738a4c7ac5d5d2ce316464145ccada183c25a6
01_harness_candidates/P2/Makefile	experiments/poly-bytes-codec/T02-canonical-bytes-decode-encode/harness/Makefile	986	4647f2300984bfcb84ae26197b0b5ca2547b6edf4131238d1e5501f48ad6ce82
01_harness_candidates/P2/pbcodec_cv1_p2_right_inverse_harness.c	experiments/poly-bytes-codec/T02-canonical-bytes-decode-encode/harness/pbcodec_cv1_p2_right_inverse_harness.c	1406	5d1d3146ab061fdfdbbd55dd9f967acaa211a109d578b11fe59ffb9e7bcb896e
02_build_results/NV/cprover_statuses.txt	experiments/poly-bytes-codec/00-campaign-setup/initial-build-attempt/build-results/NV/cprover_statuses.txt	0	e3b0c44298fc1c149afbf4c8996fb92427ae41e4649b934ca495991b7852b855
02_build_results/NV/make.exit_code.txt	experiments/poly-bytes-codec/00-campaign-setup/initial-build-attempt/build-results/NV/make.exit_code.txt	2	53c234e5e8472b6ac51c1ae1cab3fe06fad053beb8ebfd8977b010655bfdd3c3
02_build_results/NV/make.stderr.txt	experiments/poly-bytes-codec/00-campaign-setup/initial-build-attempt/build-results/NV/make.stderr.txt	61	112624bfe7e4300e3fc89f7d2cc27198a67bbd3edca9d6bca3f98de63664b4ec
02_build_results/NV/make.stdout.txt	experiments/poly-bytes-codec/00-campaign-setup/initial-build-attempt/build-results/NV/make.stdout.txt	279	276e143f38d274879ee81b0346a7be8ce9e737f487fadbec9d3e6299b5e7b4e0
02_build_results/P1/cprover_statuses.txt	experiments/poly-bytes-codec/00-campaign-setup/initial-build-attempt/build-results/P1/cprover_statuses.txt	0	e3b0c44298fc1c149afbf4c8996fb92427ae41e4649b934ca495991b7852b855
02_build_results/P1/make.exit_code.txt	experiments/poly-bytes-codec/00-campaign-setup/initial-build-attempt/build-results/P1/make.exit_code.txt	2	53c234e5e8472b6ac51c1ae1cab3fe06fad053beb8ebfd8977b010655bfdd3c3
02_build_results/P1/make.stderr.txt	experiments/poly-bytes-codec/00-campaign-setup/initial-build-attempt/build-results/P1/make.stderr.txt	61	112624bfe7e4300e3fc89f7d2cc27198a67bbd3edca9d6bca3f98de63664b4ec
02_build_results/P1/make.stdout.txt	experiments/poly-bytes-codec/00-campaign-setup/initial-build-attempt/build-results/P1/make.stdout.txt	289	c6fa4f434ced5a611b03acebd8a4f4ab1ca06648b730f25cc78ac708dde597eb
02_build_results/P2/cprover_statuses.txt	experiments/poly-bytes-codec/00-campaign-setup/initial-build-attempt/build-results/P2/cprover_statuses.txt	0	e3b0c44298fc1c149afbf4c8996fb92427ae41e4649b934ca495991b7852b855
02_build_results/P2/make.exit_code.txt	experiments/poly-bytes-codec/00-campaign-setup/initial-build-attempt/build-results/P2/make.exit_code.txt	2	53c234e5e8472b6ac51c1ae1cab3fe06fad053beb8ebfd8977b010655bfdd3c3
02_build_results/P2/make.stderr.txt	experiments/poly-bytes-codec/00-campaign-setup/initial-build-attempt/build-results/P2/make.stderr.txt	61	112624bfe7e4300e3fc89f7d2cc27198a67bbd3edca9d6bca3f98de63664b4ec
02_build_results/P2/make.stdout.txt	experiments/poly-bytes-codec/00-campaign-setup/initial-build-attempt/build-results/P2/make.stdout.txt	291	1399a2018b78c56bd5edcd2479992a1921977f0c4137000cbfc9a12880ab099f
02_build_results_repaired/NV/make_default.stderr.txt	experiments/poly-bytes-codec/00-campaign-setup/repaired-build-and-binding/build-results/NV/make_default.stderr.txt	144	18e0bcc1470578d7cda60f9207f7e41a24e30caf2ca3c5d0df72b72ed227b6e0
02_build_results_repaired/NV/make_default.stdout.txt	experiments/poly-bytes-codec/00-campaign-setup/repaired-build-and-binding/build-results/NV/make_default.stdout.txt	3960	80a22b0e2c8714af87a1b4b5929e285829b6abfbbc6d045a2ec3db7d5460eb15
02_build_results_repaired/NV/make_goto.stderr.txt	experiments/poly-bytes-codec/00-campaign-setup/repaired-build-and-binding/build-results/NV/make_goto.stderr.txt	157	c8651a5cb36d9a3f466ba5a6aabe53913c3b90ca434a28924579d48a610c104f
02_build_results_repaired/NV/make_goto.stdout.txt	experiments/poly-bytes-codec/00-campaign-setup/repaired-build-and-binding/build-results/NV/make_goto.stdout.txt	279	276e143f38d274879ee81b0346a7be8ce9e737f487fadbec9d3e6299b5e7b4e0
02_build_results_repaired/P1/make_default.stderr.txt	experiments/poly-bytes-codec/00-campaign-setup/repaired-build-and-binding/build-results/P1/make_default.stderr.txt	144	18e0bcc1470578d7cda60f9207f7e41a24e30caf2ca3c5d0df72b72ed227b6e0
02_build_results_repaired/P1/make_default.stdout.txt	experiments/poly-bytes-codec/00-campaign-setup/repaired-build-and-binding/build-results/P1/make_default.stdout.txt	4030	b2cc42f2f80b411e66246fd893ae90319036b7688bd35d9bf724c0e1efdb265d
02_build_results_repaired/P1/make_goto.stderr.txt	experiments/poly-bytes-codec/00-campaign-setup/repaired-build-and-binding/build-results/P1/make_goto.stderr.txt	162	e26fff5e748b401b1e9e3109c6bb324e5d77161b0ff543268130f32d1954a25c
02_build_results_repaired/P1/make_goto.stdout.txt	experiments/poly-bytes-codec/00-campaign-setup/repaired-build-and-binding/build-results/P1/make_goto.stdout.txt	289	c6fa4f434ced5a611b03acebd8a4f4ab1ca06648b730f25cc78ac708dde597eb
02_build_results_repaired/P2/make_default.stderr.txt	experiments/poly-bytes-codec/00-campaign-setup/repaired-build-and-binding/build-results/P2/make_default.stderr.txt	144	18e0bcc1470578d7cda60f9207f7e41a24e30caf2ca3c5d0df72b72ed227b6e0
02_build_results_repaired/P2/make_default.stdout.txt	experiments/poly-bytes-codec/00-campaign-setup/repaired-build-and-binding/build-results/P2/make_default.stdout.txt	4044	0ba66efe41b633fb9126258f41d35b27a16efa59bae9104eb572a0edf9f9294a
02_build_results_repaired/P2/make_goto.stderr.txt	experiments/poly-bytes-codec/00-campaign-setup/repaired-build-and-binding/build-results/P2/make_goto.stderr.txt	163	64a6462c6674ab3f651d1dac24f7b377c248bf61137ea409ddec73075df9d062
02_build_results_repaired/P2/make_goto.stdout.txt	experiments/poly-bytes-codec/00-campaign-setup/repaired-build-and-binding/build-results/P2/make_goto.stdout.txt	291	1399a2018b78c56bd5edcd2479992a1921977f0c4137000cbfc9a12880ab099f
03_goto_binding/NV/model_identity.txt	experiments/poly-bytes-codec/00-campaign-setup/initial-build-attempt/goto-binding/NV/model_identity.txt	172	10e44ffb9a7f1a4d737d75db77e6ab752d4ea0d4d7bbacbe2a47ead9f5a97635
03_goto_binding/P1/model_identity.txt	experiments/poly-bytes-codec/00-campaign-setup/initial-build-attempt/goto-binding/P1/model_identity.txt	177	9dcc64f41a905e628b229917b3813833eb38cafb1e8612838deea7a6f5c3feea
03_goto_binding/P2/model_identity.txt	experiments/poly-bytes-codec/00-campaign-setup/initial-build-attempt/goto-binding/P2/model_identity.txt	178	fdb5edf62e693ee7b91a01d03188f588741f9daf95dc5c5531958daa57542b65
03_goto_binding_repaired/NV/goto_binary.sha256	experiments/poly-bytes-codec/NV01-composition-endpoint-reachability/goto-binding/goto_binary.sha256	221	db8f6877dbf2e9ec36489ab6007026cf985d3d8692b9376754c4365dee222c56
03_goto_binding_repaired/NV/harness_goto_body.txt	experiments/poly-bytes-codec/NV01-composition-endpoint-reachability/goto-binding/harness_goto_body.txt	61737	00b006437134ce876bd19f5d64041d70b2cedf5103da25422e95c746b6b7e24f
03_goto_binding_repaired/NV/harness_public_call_order.txt	experiments/poly-bytes-codec/NV01-composition-endpoint-reachability/goto-binding/harness_public_call_order.txt	308	f4fb7acba556e99c7bf1bd76cca0ef427c05b0be43515befc88f8c21e11279d7
03_goto_binding_repaired/NV/model_identity.txt	experiments/poly-bytes-codec/NV01-composition-endpoint-reachability/goto-binding/model_identity.txt	523	f3d3a8f4e12230c238be72e4618f2054b80ad544778118a2c8f966dccc293ff7
03_goto_binding_repaired/NV/relevant_loops.txt	experiments/poly-bytes-codec/NV01-composition-endpoint-reachability/goto-binding/relevant_loops.txt	541	e6db1cc682fbc4052a2ee620ac34daeda1c1060f54d2bff8d6d3853be35ef11a
03_goto_binding_repaired/NV/show_goto_functions.txt	experiments/poly-bytes-codec/NV01-composition-endpoint-reachability/goto-binding/show_goto_functions.txt	61715	9022ae199353af4044dba5482cc5d6eef69120a2d7c72dd3bd17f9fa3593872b
03_goto_binding_repaired/NV/show_loops.txt	experiments/poly-bytes-codec/NV01-composition-endpoint-reachability/goto-binding/show_loops.txt	919	0d9405143c1b8954fc43265d13ef5928fc4e79b3cdd00b1e7acdca4310afa5e6
03_goto_binding_repaired/NV/show_properties.txt	experiments/poly-bytes-codec/NV01-composition-endpoint-reachability/goto-binding/show_properties.txt	39195	238f6b97ed7f335c7eae7f70d6a639631efbd3721f807e7bdeb0a30caf20e6cc
03_goto_binding_repaired/NV/target_properties.txt	experiments/poly-bytes-codec/NV01-composition-endpoint-reachability/goto-binding/target_properties.txt	114	56e077bd2815a935c25eed60cddadc5b574ee35c64cd6a0c948547fc428c9c44
03_goto_binding_repaired/P1/goto_binary.sha256	experiments/poly-bytes-codec/T01-canonical-polynomial-encode-decode/goto-binding/goto_binary.sha256	231	261bb8a536a110cc541ed4d77b490fc5a4f654fd562b1438b9efc72cdb5d3153
03_goto_binding_repaired/P1/harness_goto_body.txt	experiments/poly-bytes-codec/T01-canonical-polynomial-encode-decode/goto-binding/harness_goto_body.txt	60599	84dff6169375e73d4b5672abde770610c69cda3484b4b1be764d25c366aeef85
03_goto_binding_repaired/P1/harness_public_call_order.txt	experiments/poly-bytes-codec/T01-canonical-polynomial-encode-decode/goto-binding/harness_public_call_order.txt	206	6458aa797f96566a029799dd30cc0e7999fc7aefb77c9c20c93e52cdd56360c2
03_goto_binding_repaired/P1/model_identity.txt	experiments/poly-bytes-codec/T01-canonical-polynomial-encode-decode/goto-binding/model_identity.txt	538	cbfd4543bfa1cc1a889c3a6d96296e17dd17ef538da4268684a0ee5402f4a2d0
03_goto_binding_repaired/P1/relevant_loops.txt	experiments/poly-bytes-codec/T01-canonical-polynomial-encode-decode/goto-binding/relevant_loops.txt	551	fb3386360b2ce9cf3cf32388aa340a62e68542bc4c16c613feb0d4d7172636f6
03_goto_binding_repaired/P1/show_goto_functions.txt	experiments/poly-bytes-codec/T01-canonical-polynomial-encode-decode/goto-binding/show_goto_functions.txt	60577	9902dfce76da217f9c9f8ca1c4e638ccb6afc2387caf4651e6a583361672df4f
03_goto_binding_repaired/P1/show_loops.txt	experiments/poly-bytes-codec/T01-canonical-polynomial-encode-decode/goto-binding/show_loops.txt	939	400b2f77b4de754ba30db0301c23d81e1dffa2337bd84e53654efdc1a8495600
03_goto_binding_repaired/P1/show_properties.txt	experiments/poly-bytes-codec/T01-canonical-polynomial-encode-decode/goto-binding/show_properties.txt	39785	b123b0f8402dad442b37cf82a4512fb0ba6832426c211c6869cd8a6039a2eaf0
03_goto_binding_repaired/P1/target_properties.txt	experiments/poly-bytes-codec/T01-canonical-polynomial-encode-decode/goto-binding/target_properties.txt	69	6bafdc9f2301804e91a9ed425b9e498025310b17e2b3b99f7efaf22272453817
03_goto_binding_repaired/P2/goto_binary.sha256	experiments/poly-bytes-codec/T02-canonical-bytes-decode-encode/goto-binding/goto_binary.sha256	233	862285023efe207886a88e40b3f8ad3bf1dbc2fe56578e0ac9c79cee00cfb307
03_goto_binding_repaired/P2/harness_goto_body.txt	experiments/poly-bytes-codec/T02-canonical-bytes-decode-encode/goto-binding/harness_goto_body.txt	63837	edf631d64cc10f089892aeae794e84a89b291cde24b621889e81f63ba3f14bf9
03_goto_binding_repaired/P2/harness_public_call_order.txt	experiments/poly-bytes-codec/T02-canonical-bytes-decode-encode/goto-binding/harness_public_call_order.txt	206	3b99a14ec758a7511dfd2e669e0caa29403487c01e57ce658a9f264c68b5436b
03_goto_binding_repaired/P2/model_identity.txt	experiments/poly-bytes-codec/T02-canonical-bytes-decode-encode/goto-binding/model_identity.txt	541	15c20e9ccad10866b65a1cf78e63c0b057e4398d333bab3dd459bf1812452c69
03_goto_binding_repaired/P2/relevant_loops.txt	experiments/poly-bytes-codec/T02-canonical-bytes-decode-encode/goto-binding/relevant_loops.txt	553	e38ce99fce5d0b2129cae31101ea151502216362854837b00575501ed40ca782
03_goto_binding_repaired/P2/show_goto_functions.txt	experiments/poly-bytes-codec/T02-canonical-bytes-decode-encode/goto-binding/show_goto_functions.txt	63815	9c8362fff464dd0d7f0c797f2673daae094f958895c3fc07da3d7120938df724
03_goto_binding_repaired/P2/show_loops.txt	experiments/poly-bytes-codec/T02-canonical-bytes-decode-encode/goto-binding/show_loops.txt	943	0f07bd1f9b88c2a287904d56ae3bc351b0ce58bc0a8820a98be7a4808e822979
03_goto_binding_repaired/P2/show_properties.txt	experiments/poly-bytes-codec/T02-canonical-bytes-decode-encode/goto-binding/show_properties.txt	40439	9a35eadd75d89194d90f8b5a489fe31a704d1bb4a8b5d6b5160633bfd49ed133
03_goto_binding_repaired/P2/target_properties.txt	experiments/poly-bytes-codec/T02-canonical-bytes-decode-encode/goto-binding/target_properties.txt	63	efc26048d3436f5f338d74e2060a0ee10ab73c3616d9a08f852475a4e983d22a
04_identity/authoritative_source.sha256	experiments/poly-bytes-codec/00-campaign-setup/repaired-build-and-binding/source-and-artifact-identity/authoritative_source.sha256	530	13d325a740db811ab02d0a0cd1f3bd379598fdb214714638915f189119cdfbaf
04_identity/candidate_artifacts.sha256	experiments/poly-bytes-codec/00-campaign-setup/repaired-build-and-binding/source-and-artifact-identity/candidate_artifacts.sha256	903	0dad8cb9e256ba717250231811b0e78a27e96d47f685fd78da1f707c4ac83a39
04_identity/candidate_artifacts_repaired.sha256	experiments/poly-bytes-codec/00-campaign-setup/repaired-build-and-binding/source-and-artifact-identity/candidate_artifacts_repaired.sha256	1500	ca2624fecd43c066427b91a73bb25559d81bb58eec9271c9e943228fc3b23b45
04_identity/production_source_after_build.diff	experiments/poly-bytes-codec/00-campaign-setup/repaired-build-and-binding/source-and-artifact-identity/production_source_after_build.diff	0	e3b0c44298fc1c149afbf4c8996fb92427ae41e4649b934ca495991b7852b855
04_identity/production_source_after_repaired_execution.diff	experiments/poly-bytes-codec/00-campaign-setup/repaired-build-and-binding/source-and-artifact-identity/production_source_after_repaired_execution.diff	0	e3b0c44298fc1c149afbf4c8996fb92427ae41e4649b934ca495991b7852b855
04_identity/production_source_before_build.diff	experiments/poly-bytes-codec/00-campaign-setup/repaired-build-and-binding/source-and-artifact-identity/production_source_before_build.diff	0	e3b0c44298fc1c149afbf4c8996fb92427ae41e4649b934ca495991b7852b855
04_identity/production_source_before_repaired_build.diff	experiments/poly-bytes-codec/00-campaign-setup/repaired-build-and-binding/source-and-artifact-identity/production_source_before_repaired_build.diff	0	e3b0c44298fc1c149afbf4c8996fb92427ae41e4649b934ca495991b7852b855
04_identity/worktree_status.txt	experiments/poly-bytes-codec/00-campaign-setup/repaired-build-and-binding/source-and-artifact-identity/worktree_status.txt	128	c5964a69fbe33bcf6e12162f9027ac7aaff5ab68566a0ac92658f12a7520adeb
04_identity/worktree_status_after_repair.txt	experiments/poly-bytes-codec/00-campaign-setup/repaired-build-and-binding/source-and-artifact-identity/worktree_status_after_repair.txt	128	c5964a69fbe33bcf6e12162f9027ac7aaff5ab68566a0ac92658f12a7520adeb
05_direct_cbmc_results/NV/cbmc_command.shellescaped.txt	experiments/poly-bytes-codec/NV01-composition-endpoint-reachability/cbmc-result/cbmc_command.shellescaped.txt	561	b630e1771b3c1b9f99f802011d2f8ff7ca33282658dff00cdb8adf555b900fd0
05_direct_cbmc_results/NV/cbmc_exit_code.txt	experiments/poly-bytes-codec/NV01-composition-endpoint-reachability/cbmc-result/cbmc_exit_code.txt	3	917df3320d778ddbaa5c5c7742bc4046bf803c36ed2b050f30844ed206783469
05_direct_cbmc_results/NV/cbmc_result.xml	experiments/poly-bytes-codec/NV01-composition-endpoint-reachability/cbmc-result/cbmc_result.xml	3204149	bd14d093ba03dbdce675e523974140712e66819bf1c532edfa895628c59b4467
05_direct_cbmc_results/NV/cbmc_stderr.txt	experiments/poly-bytes-codec/NV01-composition-endpoint-reachability/cbmc-result/cbmc_stderr.txt	0	e3b0c44298fc1c149afbf4c8996fb92427ae41e4649b934ca495991b7852b855
05_direct_cbmc_results/NV/execution_status.txt	experiments/poly-bytes-codec/NV01-composition-endpoint-reachability/cbmc-result/execution_status.txt	95	3d631f37ad5e5f889f2bca4eaee494947975c1d0dbf843aaa94991bc872548b6
05_direct_cbmc_results/NV/target_result_extract.txt	experiments/poly-bytes-codec/NV01-composition-endpoint-reachability/cbmc-result/target_result_extract.txt	15395	e1b7d74fe615996b6e27f50c797ca0aa2d49ba888918f99d1c02f14605a91027
05_direct_cbmc_results/P1/cbmc_command.shellescaped.txt	experiments/poly-bytes-codec/T01-canonical-polynomial-encode-decode/cbmc-result/cbmc_command.shellescaped.txt	571	4179ce8a1222abbd1b6cd96224503feeeabc5ff378b4c9191ada85f1f6ad45d8
05_direct_cbmc_results/P1/cbmc_exit_code.txt	experiments/poly-bytes-codec/T01-canonical-polynomial-encode-decode/cbmc-result/cbmc_exit_code.txt	2	9a271f2a916b0b6ee6cecb2426f0b3206ef074578be55d9bc94f6f3fe3ab86aa
05_direct_cbmc_results/P1/cbmc_result.xml	experiments/poly-bytes-codec/T01-canonical-polynomial-encode-decode/cbmc-result/cbmc_result.xml	72227	4db167df872e139471c6e25a51e054f9e89f6198335fae48627beb59a5d119e0
05_direct_cbmc_results/P1/cbmc_stderr.txt	experiments/poly-bytes-codec/T01-canonical-polynomial-encode-decode/cbmc-result/cbmc_stderr.txt	0	e3b0c44298fc1c149afbf4c8996fb92427ae41e4649b934ca495991b7852b855
05_direct_cbmc_results/P1/execution_status.txt	experiments/poly-bytes-codec/T01-canonical-polynomial-encode-decode/cbmc-result/execution_status.txt	85	0eca7398c81f6be0cca4cce5f88f9d3307b94f054075b6d0e93e933b5f8321d5
05_direct_cbmc_results/P1/target_result_extract.txt	experiments/poly-bytes-codec/T01-canonical-polynomial-encode-decode/cbmc-result/target_result_extract.txt	14691	f71a7e33bc7003b9c28217beff33b06498c22563058166bd9391722985e6bef8
05_direct_cbmc_results/P2/cbmc_command.shellescaped.txt	experiments/poly-bytes-codec/T02-canonical-bytes-decode-encode/cbmc-result/cbmc_command.shellescaped.txt	573	a939b73cbfbf14cf13ebf290e5ceec19a95c615800a5ba0c5ffc57fc12501d8c
05_direct_cbmc_results/P2/cbmc_exit_code.txt	experiments/poly-bytes-codec/T02-canonical-bytes-decode-encode/cbmc-result/cbmc_exit_code.txt	2	9a271f2a916b0b6ee6cecb2426f0b3206ef074578be55d9bc94f6f3fe3ab86aa
05_direct_cbmc_results/P2/cbmc_result.xml	experiments/poly-bytes-codec/T02-canonical-bytes-decode-encode/cbmc-result/cbmc_result.xml	76157	4ff977fd8098c587862f6a33cba40f58cd644d5cecdd69625c7e840003fa2aec
05_direct_cbmc_results/P2/cbmc_stderr.txt	experiments/poly-bytes-codec/T02-canonical-bytes-decode-encode/cbmc-result/cbmc_stderr.txt	0	e3b0c44298fc1c149afbf4c8996fb92427ae41e4649b934ca495991b7852b855
05_direct_cbmc_results/P2/execution_status.txt	experiments/poly-bytes-codec/T02-canonical-bytes-decode-encode/cbmc-result/execution_status.txt	85	efb5e3e342a403c3dcb71299dd5dbd2b1187c08a7ca6bdeadf6d5ecd4ecdf1d3
05_direct_cbmc_results/P2/target_result_extract.txt	experiments/poly-bytes-codec/T02-canonical-bytes-decode-encode/cbmc-result/target_result_extract.txt	15239	53560011723819b47496eb26aea55b62ca14b8fc339dde4e8378dfee7f13f6dd
06_HARNESS_FREEZE_CANDIDATE/PBCODEC_CV1_FREEZE_GATE_SUMMARY.txt	experiments/poly-bytes-codec/campaign-closure/harness-freeze/PBCODEC_CV1_FREEZE_GATE_SUMMARY.txt	751	c38321229750daa8b38c713b6dcbb1e366b10409ee7dcb453b144dec65d446e0
06_HARNESS_FREEZE_CANDIDATE/PBCODEC_CV1_PROPERTY_MAPPING_DIAGNOSTIC.txt	experiments/poly-bytes-codec/campaign-closure/harness-freeze/PBCODEC_CV1_PROPERTY_MAPPING_DIAGNOSTIC.txt	1979	1fd1f2a7f8c7232b79f2effad12039d0678c8a87cd447a7c81803b92b45e77b6
06_HARNESS_FREEZE_CANDIDATE/PBCODEC_CV1_TARGET_PROPERTY_STATUS.tsv	experiments/poly-bytes-codec/campaign-closure/harness-freeze/PBCODEC_CV1_TARGET_PROPERTY_STATUS.tsv	223	cf36984605a6696c5221577a7bee6aa3d907577d7d29edd3307d20c80a145ede
06_HARNESS_FREEZE_CANDIDATE/SHA256_MANIFEST.txt	experiments/poly-bytes-codec/campaign-closure/harness-freeze/SHA256_MANIFEST.txt	4057	2086c8560d46aabadd22fdfdb9b376affc893e0620e7633a3e1e15871d70ca45
06_HARNESS_FREEZE_CANDIDATE/SHA256_MANIFEST.txt.self.sha256	experiments/poly-bytes-codec/campaign-closure/harness-freeze/SHA256_MANIFEST.txt.self.sha256	86	de449d127d93edbbfe8df877f2933dd2df8213c6f7205a8170f99a4709c90ca8
06_HARNESS_FREEZE_CANDIDATE/results/FULL_XML_RESULTS.sha256	experiments/poly-bytes-codec/campaign-closure/harness-freeze/results/FULL_XML_RESULTS.sha256	621	2518ccea173f4f624393d2dacff32402fa7aa0e5187d186ee842aca8d44d112c
07_INTEGRATION_MUTATION_HARDENING/PBCODEC_CV1_MUTATION_HARDENING_SUMMARY.txt	experiments/poly-bytes-codec/V01-bridge-mutation-sensitivity/PBCODEC_CV1_MUTATION_HARDENING_SUMMARY.txt	788	55a08df4f1132aaa8d3a243743cb2b1c0ce2a36a29b746e74069d36e192f9a45
07_INTEGRATION_MUTATION_HARDENING/SHA256_MANIFEST.txt	experiments/poly-bytes-codec/V01-bridge-mutation-sensitivity/SHA256_MANIFEST.txt	4488	2f87099aae95f410dd30180e48fc6c2cf536bd22ac1704e891cd5938a03dc24b
07_INTEGRATION_MUTATION_HARDENING/SHA256_MANIFEST.txt.self.sha256	experiments/poly-bytes-codec/V01-bridge-mutation-sensitivity/SHA256_MANIFEST.txt.self.sha256	86	a65e19ca74f4fe430c46f1c283a81845bfc46a0116c4ff172e0f2803a50860dc
07_INTEGRATION_MUTATION_HARDENING/binding/M1/goto_binary.sha256	experiments/poly-bytes-codec/V01-bridge-mutation-sensitivity/binding/M1/goto_binary.sha256	251	2e4b55ee64a0b650a950a61c577879a8e27e0b1b00d4f5e1d12d6947ee3aaf77
07_INTEGRATION_MUTATION_HARDENING/binding/M1/harness_goto_body.txt	experiments/poly-bytes-codec/V01-bridge-mutation-sensitivity/binding/M1/harness_goto_body.txt	61552	65940cbdaf075eb623489a3ef8529bbdee634d42d6abb17f19ef36634fa6d840
07_INTEGRATION_MUTATION_HARDENING/binding/M1/model_identity.txt	experiments/poly-bytes-codec/V01-bridge-mutation-sensitivity/binding/M1/model_identity.txt	430	c35a4a05debf5c048d0833d55b563b3d852cedbc1527d0d21f6b4ef0261a7a36
07_INTEGRATION_MUTATION_HARDENING/binding/M1/public_call_order.txt	experiments/poly-bytes-codec/V01-bridge-mutation-sensitivity/binding/M1/public_call_order.txt	206	89f4a6e0ea339471128e6728b6fe5bc932e74e3c9d5002a974f64aa5553e6830
07_INTEGRATION_MUTATION_HARDENING/binding/M1/relevant_loops.txt	experiments/poly-bytes-codec/V01-bridge-mutation-sensitivity/binding/M1/relevant_loops.txt	571	c6148093d7ff4817f8fb470cc85a5892dabbc026eba41943896f27dfda435fb3
07_INTEGRATION_MUTATION_HARDENING/binding/M1/show_goto_functions.txt	experiments/poly-bytes-codec/V01-bridge-mutation-sensitivity/binding/M1/show_goto_functions.txt	61530	75131ac78b476e4825c86caea5fe0fa38297fa82d9530ba8e33e430859b5a1a5
07_INTEGRATION_MUTATION_HARDENING/binding/M1/show_loops.txt	experiments/poly-bytes-codec/V01-bridge-mutation-sensitivity/binding/M1/show_loops.txt	979	2dc2b8539e2210752130edc7da15e88cf015b20164785c36239f5302858ae965
07_INTEGRATION_MUTATION_HARDENING/binding/M1/show_properties.txt	experiments/poly-bytes-codec/V01-bridge-mutation-sensitivity/binding/M1/show_properties.txt	39879	35c8669644d676a47dd55bc01579444f2941bef5f5227d55ef5da4729f612dcb
07_INTEGRATION_MUTATION_HARDENING/binding/M1/target_property.txt	experiments/poly-bytes-codec/V01-bridge-mutation-sensitivity/binding/M1/target_property.txt	63	7a1f7cd3f0e51a7795d47bd1e159e2d6ca111ae959800dfc7e856aa6e6338797
07_INTEGRATION_MUTATION_HARDENING/binding/M2/goto_binary.sha256	experiments/poly-bytes-codec/V01-bridge-mutation-sensitivity/binding/M2/goto_binary.sha256	251	040461f2e2e64f5a321b21e902a3bed9f5a9a95ac1a6036d09326df061032dc6
07_INTEGRATION_MUTATION_HARDENING/binding/M2/harness_goto_body.txt	experiments/poly-bytes-codec/V01-bridge-mutation-sensitivity/binding/M2/harness_goto_body.txt	66203	5466e49fd4cff0a8f96263fbee57a4d1595d9920c77af29f718b100f3228c7ca
07_INTEGRATION_MUTATION_HARDENING/binding/M2/model_identity.txt	experiments/poly-bytes-codec/V01-bridge-mutation-sensitivity/binding/M2/model_identity.txt	430	a810be35b48fe5a8378885d342fb66948c343bd24f06f391b1bbe32d1406901c
07_INTEGRATION_MUTATION_HARDENING/binding/M2/public_call_order.txt	experiments/poly-bytes-codec/V01-bridge-mutation-sensitivity/binding/M2/public_call_order.txt	206	fed4ae4d976e5f91c1ef9b3b09d8ba43bb13f21c08c00a4f426af539af037727
07_INTEGRATION_MUTATION_HARDENING/binding/M2/relevant_loops.txt	experiments/poly-bytes-codec/V01-bridge-mutation-sensitivity/binding/M2/relevant_loops.txt	571	e22e8998a8a494045de58875c0cca2721ee96cd5fb424a024bc1220e81e9b4d4
07_INTEGRATION_MUTATION_HARDENING/binding/M2/show_goto_functions.txt	experiments/poly-bytes-codec/V01-bridge-mutation-sensitivity/binding/M2/show_goto_functions.txt	66181	4d3f3c0f3d55dc5b6611a74108b9900f040c7ced139e687dede7a4b1d114ec81
07_INTEGRATION_MUTATION_HARDENING/binding/M2/show_loops.txt	experiments/poly-bytes-codec/V01-bridge-mutation-sensitivity/binding/M2/show_loops.txt	979	650a244fd8ed62862b08508b30c13b03755dd8f7950acb5980a058500a482e22
07_INTEGRATION_MUTATION_HARDENING/binding/M2/show_properties.txt	experiments/poly-bytes-codec/V01-bridge-mutation-sensitivity/binding/M2/show_properties.txt	40955	6c9873203c02194f79e76b6e43e3dd9a745e3fd58ff40b8e523f4340195fef85
07_INTEGRATION_MUTATION_HARDENING/binding/M2/target_property.txt	experiments/poly-bytes-codec/V01-bridge-mutation-sensitivity/binding/M2/target_property.txt	63	1eeb7d26cfdf55e45f9859e34a1295c7c08ed30183eb0f288a7d1d402b31a7cc
07_INTEGRATION_MUTATION_HARDENING/build/M1/make.exit_code.txt	experiments/poly-bytes-codec/V01-bridge-mutation-sensitivity/build/M1/make.exit_code.txt	2	9a271f2a916b0b6ee6cecb2426f0b3206ef074578be55d9bc94f6f3fe3ab86aa
07_INTEGRATION_MUTATION_HARDENING/build/M1/make.stderr.txt	experiments/poly-bytes-codec/V01-bridge-mutation-sensitivity/build/M1/make.stderr.txt	144	18e0bcc1470578d7cda60f9207f7e41a24e30caf2ca3c5d0df72b72ed227b6e0
07_INTEGRATION_MUTATION_HARDENING/build/M1/make.stdout.txt	experiments/poly-bytes-codec/V01-bridge-mutation-sensitivity/build/M1/make.stdout.txt	4170	37241e24b846e92c28c838dbd1ca60f414c71ff28e54a5f9a1add8ccb0e55970
07_INTEGRATION_MUTATION_HARDENING/build/M2/make.exit_code.txt	experiments/poly-bytes-codec/V01-bridge-mutation-sensitivity/build/M2/make.exit_code.txt	2	9a271f2a916b0b6ee6cecb2426f0b3206ef074578be55d9bc94f6f3fe3ab86aa
07_INTEGRATION_MUTATION_HARDENING/build/M2/make.stderr.txt	experiments/poly-bytes-codec/V01-bridge-mutation-sensitivity/build/M2/make.stderr.txt	144	18e0bcc1470578d7cda60f9207f7e41a24e30caf2ca3c5d0df72b72ed227b6e0
07_INTEGRATION_MUTATION_HARDENING/build/M2/make.stdout.txt	experiments/poly-bytes-codec/V01-bridge-mutation-sensitivity/build/M2/make.stdout.txt	4170	eabd77cfdfd888a75b99a0860fa0a543d47c2f7448430d67f8f561f3ed3f49cf
07_INTEGRATION_MUTATION_HARDENING/candidates/M1/Makefile	experiments/poly-bytes-codec/V01-bridge-mutation-sensitivity/candidates/M1/Makefile	990	3b755b7625451c922595ea94795b665e69cfcd9ffa573c88fb171e5c0aa6f555
07_INTEGRATION_MUTATION_HARDENING/candidates/M1/pbcodec_cv1_m1_corrupt_encoded_bridge_harness.c	experiments/poly-bytes-codec/V01-bridge-mutation-sensitivity/candidates/M1/pbcodec_cv1_m1_corrupt_encoded_bridge_harness.c	1131	50d35d8510ff668be5aaf861fc777b2c782888df19b10fd3dfbd056a9490bceb
07_INTEGRATION_MUTATION_HARDENING/candidates/M2/Makefile	experiments/poly-bytes-codec/V01-bridge-mutation-sensitivity/candidates/M2/Makefile	992	026f100c12106359c1da35d760dd2cac74a3f17efc44a5b9015113d9bec8edf4
07_INTEGRATION_MUTATION_HARDENING/candidates/M2/pbcodec_cv1_m2_corrupt_decoded_bridge_harness.c	experiments/poly-bytes-codec/V01-bridge-mutation-sensitivity/candidates/M2/pbcodec_cv1_m2_corrupt_decoded_bridge_harness.c	1951	28d9d4ce33d596a294056b2cd06027e33b7321eb36e867af51354a6199684cd2
07_INTEGRATION_MUTATION_HARDENING/identity/M1_mutation_site.txt	experiments/poly-bytes-codec/V01-bridge-mutation-sensitivity/identity/M1_mutation_site.txt	23	899f1eb60489f5cc4f841d10d452363fff4503c89ed84327d28f3735148b1a43
07_INTEGRATION_MUTATION_HARDENING/identity/M2_mutation_site.txt	experiments/poly-bytes-codec/V01-bridge-mutation-sensitivity/identity/M2_mutation_site.txt	45	4168f24c8fe3d25c593696fc76358cf09633cec6401c5f40b36f90a20124c6ac
07_INTEGRATION_MUTATION_HARDENING/identity/MUTATION_ARTIFACTS.sha256	experiments/poly-bytes-codec/V01-bridge-mutation-sensitivity/identity/MUTATION_ARTIFACTS.sha256	1435	cb959d286e5cf56c58e1dfb9a2a701c06e48173585d4d09e5313675df3f831fb
07_INTEGRATION_MUTATION_HARDENING/identity/production_source_after_mutations.diff	experiments/poly-bytes-codec/V01-bridge-mutation-sensitivity/identity/production_source_after_mutations.diff	0	e3b0c44298fc1c149afbf4c8996fb92427ae41e4649b934ca495991b7852b855
07_INTEGRATION_MUTATION_HARDENING/results/M1/acceptance.txt	experiments/poly-bytes-codec/V01-bridge-mutation-sensitivity/results/M1/acceptance.txt	143	3bc3bb55a9a96878bd169e301609f8219dc846235e024e4597c74e4af72c3370
07_INTEGRATION_MUTATION_HARDENING/results/M1/cbmc_command.shellescaped.txt	experiments/poly-bytes-codec/V01-bridge-mutation-sensitivity/results/M1/cbmc_command.shellescaped.txt	591	44e564d1738107d323bb693addce5ac4d7268e414a463ac638a495a7d4ff513e
07_INTEGRATION_MUTATION_HARDENING/results/M1/cbmc_exit_code.txt	experiments/poly-bytes-codec/V01-bridge-mutation-sensitivity/results/M1/cbmc_exit_code.txt	3	917df3320d778ddbaa5c5c7742bc4046bf803c36ed2b050f30844ed206783469
07_INTEGRATION_MUTATION_HARDENING/results/M1/cbmc_result.xml	experiments/poly-bytes-codec/V01-bridge-mutation-sensitivity/results/M1/cbmc_result.xml	1617175	4abc303af9792c197a00289b29c94dd561fcc62d5f64cdb6a2637f92a9c7300e
07_INTEGRATION_MUTATION_HARDENING/results/M1/cbmc_stderr.txt	experiments/poly-bytes-codec/V01-bridge-mutation-sensitivity/results/M1/cbmc_stderr.txt	0	e3b0c44298fc1c149afbf4c8996fb92427ae41e4649b934ca495991b7852b855
07_INTEGRATION_MUTATION_HARDENING/results/M1/exact_status.tsv	experiments/poly-bytes-codec/V01-bridge-mutation-sensitivity/results/M1/exact_status.tsv	160	5eccab3e26b2f9d97479d51e6c0d7ee6f4fa4f1b53e070e4ea5e265e32dfb3cf
07_INTEGRATION_MUTATION_HARDENING/results/M2/acceptance.txt	experiments/poly-bytes-codec/V01-bridge-mutation-sensitivity/results/M2/acceptance.txt	143	936988f9a98fa751145ecd1403c95d6a40bd831ea945917cb68926c216164207
07_INTEGRATION_MUTATION_HARDENING/results/M2/cbmc_command.shellescaped.txt	experiments/poly-bytes-codec/V01-bridge-mutation-sensitivity/results/M2/cbmc_command.shellescaped.txt	591	1fdc6ae4d85877a1bbba5dc28b8737f4dc317dbd76afe25810ec5962ee8d90f7
07_INTEGRATION_MUTATION_HARDENING/results/M2/cbmc_exit_code.txt	experiments/poly-bytes-codec/V01-bridge-mutation-sensitivity/results/M2/cbmc_exit_code.txt	3	917df3320d778ddbaa5c5c7742bc4046bf803c36ed2b050f30844ed206783469
07_INTEGRATION_MUTATION_HARDENING/results/M2/cbmc_result.xml	experiments/poly-bytes-codec/V01-bridge-mutation-sensitivity/results/M2/cbmc_result.xml	1680886	eb7ae6ce702e78f75f8e161330d2f26a97e26c2e1afe8e4638f8e4dc54728e76
07_INTEGRATION_MUTATION_HARDENING/results/M2/cbmc_stderr.txt	experiments/poly-bytes-codec/V01-bridge-mutation-sensitivity/results/M2/cbmc_stderr.txt	0	e3b0c44298fc1c149afbf4c8996fb92427ae41e4649b934ca495991b7852b855
07_INTEGRATION_MUTATION_HARDENING/results/M2/exact_status.tsv	experiments/poly-bytes-codec/V01-bridge-mutation-sensitivity/results/M2/exact_status.tsv	160	bbd1e8b76e879b4c71fb35615b963b1260ec72c943caaaa3233e6146fb6f9fc0
08_AUTHORITATIVE_CLOSURE_CANDIDATE/SHA256_MANIFEST.txt	experiments/poly-bytes-codec/campaign-closure/first-closure-candidate/SHA256_MANIFEST.txt	7370	65ea8dc5c943ac9680d669fea9166684f2c17ce8626f08059da93b3283373162
08_AUTHORITATIVE_CLOSURE_CANDIDATE/SHA256_MANIFEST.txt.self.sha256	experiments/poly-bytes-codec/campaign-closure/first-closure-candidate/SHA256_MANIFEST.txt.self.sha256	86	92c84def3bc7434e500a74e29de1064c94f5af97d68e91d457524acdd6106e79
08_AUTHORITATIVE_CLOSURE_CANDIDATE/summary/PBCODEC_CV1_ALLOWED_CLAIM.md	experiments/poly-bytes-codec/campaign-closure/first-closure-candidate/summary/PBCODEC_CV1_ALLOWED_CLAIM.md	1673	0f91b1771de95054d6cde5c231d2ef2015ff7ba04174e5634b23ba7807094be1
08_AUTHORITATIVE_CLOSURE_CANDIDATE/summary/PBCODEC_CV1_CLOSURE_CANDIDATE_STATUS.txt	experiments/poly-bytes-codec/campaign-closure/first-closure-candidate/summary/PBCODEC_CV1_CLOSURE_CANDIDATE_STATUS.txt	940	b9dd976c3baf022a5e3865d61c30a5eec3fdc07dc8cb0cba1247670b5d4c1a9a
09_AUTHORITATIVE_CLOSURE_REVIEW2_CANDIDATE/SHA256_MANIFEST.txt	experiments/poly-bytes-codec/campaign-closure/review2-packaging-remediation/SHA256_MANIFEST.txt	15410	d5cdd95427b0eb8c56b6611b2dad34266fdf81a733a0d04a6867ab11fe9169dc
09_AUTHORITATIVE_CLOSURE_REVIEW2_CANDIDATE/SHA256_MANIFEST.txt.self.sha256	experiments/poly-bytes-codec/campaign-closure/review2-packaging-remediation/SHA256_MANIFEST.txt.self.sha256	86	0b7616e2435aa68c9536fef1122bbbb71f896eac38008288a413602abdfb76cb
09_AUTHORITATIVE_CLOSURE_REVIEW2_CANDIDATE/final_review/PBCODEC_CV1_REVIEW2_REMEDIATION.md	experiments/poly-bytes-codec/campaign-closure/review2-packaging-remediation/final_review/PBCODEC_CV1_REVIEW2_REMEDIATION.md	1096	c43162346fdf4609ea8a7ea5ac7bd8f0b0ede82b9c6c93c10eb990a14468de58
09_AUTHORITATIVE_CLOSURE_REVIEW2_CANDIDATE/final_review/PBCODEC_CV1_REVIEW2_STATUS.txt	experiments/poly-bytes-codec/campaign-closure/review2-packaging-remediation/final_review/PBCODEC_CV1_REVIEW2_STATUS.txt	611	4f87cfc7a0e17785c0a306f596a79a57d27a3234e7fda7d0833e189a141a95ef
09_AUTHORITATIVE_CLOSURE_REVIEW2_CANDIDATE/identity/FREEZE_ARCHIVE_RELATIVE.sha256	experiments/poly-bytes-codec/campaign-closure/review2-packaging-remediation/identity/FREEZE_ARCHIVE_RELATIVE.sha256	119	95f75069c897607c94771019dd5def42981b93581bd282d707a13ffb200a650a
09_AUTHORITATIVE_CLOSURE_REVIEW2_CANDIDATE/identity/MUTATION_ARTIFACTS_RELATIVE.sha256	experiments/poly-bytes-codec/campaign-closure/review2-packaging-remediation/identity/MUTATION_ARTIFACTS_RELATIVE.sha256	606	27c829d330876c95fdceaf50bb12803ddb8b05afab325e96b7495ea7fbc9c748
09_AUTHORITATIVE_CLOSURE_REVIEW2_CANDIDATE/source_binding/PRODUCTION_SOURCE_DIFF.txt	provenance/poly-bytes-codec/source-binding/review2-snapshot/PRODUCTION_SOURCE_DIFF.txt	0	e3b0c44298fc1c149afbf4c8996fb92427ae41e4649b934ca495991b7852b855
09_AUTHORITATIVE_CLOSURE_REVIEW2_CANDIDATE/source_binding/SOURCE_BINDING_RELATIVE.sha256	provenance/poly-bytes-codec/source-binding/review2-snapshot/SOURCE_BINDING_RELATIVE.sha256	820	a0fcb3e89f380fc1be2ad82a9762b012f978266db6291dd15d64980fdad83575
09_AUTHORITATIVE_CLOSURE_REVIEW2_CANDIDATE/source_binding/SOURCE_IDENTITY.txt	provenance/poly-bytes-codec/source-binding/review2-snapshot/SOURCE_IDENTITY.txt	297	4f54416172d3cac6d517ae03ab6af32e8a496096aea35a7b2cc6015399077b7e
09_AUTHORITATIVE_CLOSURE_REVIEW2_CANDIDATE/source_binding/WORKTREE_STATUS.txt	provenance/poly-bytes-codec/source-binding/review2-snapshot/WORKTREE_STATUS.txt	236	2cbf810d6c2fd2920613b037bdf54423d799934241c8a825d23cc6123be7b553
09_AUTHORITATIVE_CLOSURE_REVIEW2_CANDIDATE/source_binding/mlkem/src/compress.c	provenance/poly-bytes-codec/source-binding/review2-snapshot/mlkem/src/compress.c	24427	9201bea6ddd1d7622cc6496d2f745fee52397d203392f75a3d6e52a400de5bad
09_AUTHORITATIVE_CLOSURE_REVIEW2_CANDIDATE/source_binding/mlkem/src/compress.h	provenance/poly-bytes-codec/source-binding/review2-snapshot/mlkem/src/compress.h	20187	0f357a30e7ea37351854dc550e502e5a7eaf80184896bf92b40073175706e0dd
09_AUTHORITATIVE_CLOSURE_REVIEW2_CANDIDATE/source_binding/mlkem/src/params.h	provenance/poly-bytes-codec/source-binding/review2-snapshot/mlkem/src/params.h	2566	450fe3e0e50496921920473ae4321660f178c23d51f1453f3c537ee63c4158cb
09_AUTHORITATIVE_CLOSURE_REVIEW2_CANDIDATE/source_binding/mlkem/src/poly.h	provenance/poly-bytes-codec/source-binding/review2-snapshot/mlkem/src/poly.h	10117	f24f980110953c1d361e04137e13e2f85f76db776903f85c98f24900e85f7aef
09_AUTHORITATIVE_CLOSURE_REVIEW2_CANDIDATE/source_binding/proofs/cbmc/Makefile.common	provenance/poly-bytes-codec/source-binding/review2-snapshot/proofs/cbmc/Makefile.common	45164	a17e5e370b3ff348a49c8a7c366be6b0850fb4fc3b6eaa008b6dae5e92ffcaab
09_AUTHORITATIVE_CLOSURE_REVIEW2_CANDIDATE/source_binding/proofs/cbmc/Makefile_params.common	provenance/poly-bytes-codec/source-binding/review2-snapshot/proofs/cbmc/Makefile_params.common	184	ba7a87f04fc45269d77ee6035f5daf39e24d6e3b5c3921617677554e920e99e5
09_AUTHORITATIVE_CLOSURE_REVIEW2_CANDIDATE/tool_identity/TOOL_IDENTITY.txt	provenance/poly-bytes-codec/tool-identity/TOOL_IDENTITY.txt	620	069d68e8d863ce39ad0ae05d646e1d9350c2f85da497a0be818fc7b264392e63
PBCODEC_CV1_AUTHORITATIVE_CLOSURE_CANDIDATE.tar.gz.sha256	provenance/poly-bytes-codec/frozen-family-packages/first-closure-candidate/PBCODEC_CV1_AUTHORITATIVE_CLOSURE_CANDIDATE.tar.gz.sha256	216	da69ec4c55f8278eb55fdf4d696fdb31a7fc28ba0a3fa47a355a1188d83ffd2f
PBCODEC_CV1_AUTHORITATIVE_CLOSURE_REVIEW2_CANDIDATE.tar.gz	provenance/poly-bytes-codec/frozen-family-packages/review2-closure/PBCODEC_CV1_AUTHORITATIVE_CLOSURE_REVIEW2_CANDIDATE.tar.gz	270172	9288fd97d9dc988dd783a3a61deb0330f5b1fd87609c930ea85242d7ee58857b
PBCODEC_CV1_AUTHORITATIVE_CLOSURE_REVIEW2_CANDIDATE.tar.gz.sha256	provenance/poly-bytes-codec/frozen-family-packages/review2-closure/PBCODEC_CV1_AUTHORITATIVE_CLOSURE_REVIEW2_CANDIDATE.tar.gz.sha256	224	e1978b6b59a253a694f13b7c0cf1f430e79897ce2331effaf9ffcd72867e4d16
PBCODEC_CV1_BUILD_BINDING_MANIFEST.sha256	experiments/poly-bytes-codec/00-campaign-setup/initial-build-attempt/PBCODEC_CV1_BUILD_BINDING_MANIFEST.sha256	612	cd65f3dc73ed4e851e3c6be39f0400c925e926b1088625aa7a943cc9906fcab4
PBCODEC_CV1_BUILD_BINDING_SUMMARY.txt	experiments/poly-bytes-codec/00-campaign-setup/initial-build-attempt/PBCODEC_CV1_BUILD_BINDING_SUMMARY.txt	1724	6b731afca516435970162ae52fa5c8f8a4490d9d9bd6100561aaca7515a17561
PBCODEC_CV1_HARNESS_FREEZE_CANDIDATE.tar.gz	provenance/poly-bytes-codec/frozen-family-packages/harness-freeze/PBCODEC_CV1_HARNESS_FREEZE_CANDIDATE.tar.gz	15557	41a1a7c652245cf6a0771cf8b2a31adb59f533b6bb5f31b6483f95117257f697
PBCODEC_CV1_HARNESS_FREEZE_CANDIDATE.tar.gz.sha256	provenance/poly-bytes-codec/frozen-family-packages/harness-freeze/PBCODEC_CV1_HARNESS_FREEZE_CANDIDATE.tar.gz.sha256	209	e4435746732dabf1c95615d54c0d3f422566d3935ed4d0d4a16b70eecb5eb088
PBCODEC_CV1_R1_REPAIRED_MANIFEST.sha256	experiments/poly-bytes-codec/00-campaign-setup/repaired-build-and-binding/PBCODEC_CV1_R1_REPAIRED_MANIFEST.sha256	636	011eefe321bf986540473ee1eaf9c0164d69e9326dfddbc52e392c8632f5f230
PBCODEC_CV1_REPAIRED_BUILD_AND_EXECUTION_SUMMARY.txt	experiments/poly-bytes-codec/00-campaign-setup/repaired-build-and-binding/PBCODEC_CV1_REPAIRED_BUILD_AND_EXECUTION_SUMMARY.txt	12860	6dfda55b7ca412c574d8663787e419624071843f1facd9b26a4844bb3ad41296
