sha256	family	source_path
b72fb9ba4e7bc7557f341c08176df5312e12b7a6eee862b545745da9151e4733	MSG-T1	/home/girish/THESIS-2026/mlk_poly_tomsg_cleanroom/MSG01A_T1_CANDIDATE_V1_af4c5abdd595/msg_t1_exact_fips_candidate_v1.c
fe556ce3cf00e8dbce12591fbb68c35739fe6e247bbcc170c60eb4554d2a7bff	MSG-T1	/home/girish/THESIS-2026/mlk_poly_tomsg_cleanroom/MSG01B_T1_CANDIDATE_V2_af4c5abdd595/msg_t1_exact_fips_candidate_v2.c
bfaee9e4cb6c248ea549851eeac8f5e78381448bc76d7c56f3848e42b8342716	MSG-T1	/home/girish/THESIS-2026/mlk_poly_tomsg_cleanroom/MSG01C_T1_CANDIDATE_V3_SCU_af4c5abdd595/msg_t1_exact_fips_candidate_v3_scu.c
5ce480427d7792b3dca091ac198b43562c4d4dfd6c9d96dae5a73e7ef1e72b55	MSG-T1	/home/girish/THESIS-2026/mlk_poly_tomsg_cleanroom/MSG01E_T1_CANDIDATE_V4_CONTRACT_ERASED_af4c5abdd595/msg_t1_exact_fips_candidate_v4.c
5ce480427d7792b3dca091ac198b43562c4d4dfd6c9d96dae5a73e7ef1e72b55	MSG-T1	/home/girish/THESIS-2026/mlk_poly_tomsg_cleanroom/MSG01G_R1_T1_FROZEN_EXECUTION_INPUT_V1_af4c5abdd595/frozen_candidate_v1/harness/msg_t1_exact_fips_candidate_v4.c
5ce480427d7792b3dca091ac198b43562c4d4dfd6c9d96dae5a73e7ef1e72b55	MSG-T1	/home/girish/THESIS-2026/mlk_poly_tomsg_cleanroom/MSG01G_T1_FROZEN_EXECUTION_INPUT_V1_af4c5abdd595/frozen_candidate_v1/harness/msg_t1_exact_fips_candidate_v4.c
5ce480427d7792b3dca091ac198b43562c4d4dfd6c9d96dae5a73e7ef1e72b55	MSG-T1	/home/girish/THESIS-2026/mlk_poly_tomsg_cleanroom/MSG01K_R1_T1_MUTATION_FAMILY_FREEZE_V1_af4c5abdd595/frozen_mutation_family_v1/mutants/I1_INIT_ONE/harness/msg_t1_exact_fips_mutant.c
5ce480427d7792b3dca091ac198b43562c4d4dfd6c9d96dae5a73e7ef1e72b55	MSG-T1	/home/girish/THESIS-2026/mlk_poly_tomsg_cleanroom/MSG01K_R1_T1_MUTATION_FAMILY_FREEZE_V1_af4c5abdd595/frozen_mutation_family_v1/mutants/I2_REVERSE_COEFF_WITHIN_BYTE/harness/msg_t1_exact_fips_mutant.c
5ce480427d7792b3dca091ac198b43562c4d4dfd6c9d96dae5a73e7ef1e72b55	MSG-T1	/home/girish/THESIS-2026/mlk_poly_tomsg_cleanroom/MSG01K_R1_T1_MUTATION_FAMILY_FREEZE_V1_af4c5abdd595/frozen_mutation_family_v1/mutants/I3_ROTATE_OUTPUT_BIT_LEFT/harness/msg_t1_exact_fips_mutant.c
5ce480427d7792b3dca091ac198b43562c4d4dfd6c9d96dae5a73e7ef1e72b55	MSG-T1	/home/girish/THESIS-2026/mlk_poly_tomsg_cleanroom/MSG01K_R1_T1_MUTATION_FAMILY_FREEZE_V1_af4c5abdd595/frozen_mutation_family_v1/mutants/I4_INVERT_D1_RESULT/harness/msg_t1_exact_fips_mutant.c
5ce480427d7792b3dca091ac198b43562c4d4dfd6c9d96dae5a73e7ef1e72b55	MSG-T1	/home/girish/THESIS-2026/mlk_poly_tomsg_cleanroom/MSG01K_T1_MUTATION_FAMILY_FREEZE_V1_af4c5abdd595/frozen_mutation_family_v1/mutants/I1_INIT_ONE/harness/msg_t1_exact_fips_mutant.c
5ce480427d7792b3dca091ac198b43562c4d4dfd6c9d96dae5a73e7ef1e72b55	MSG-T1	/home/girish/THESIS-2026/mlk_poly_tomsg_cleanroom/MSG01M_R2_T1_FINAL_EVIDENCE_CONSOLIDATION_af4c5abdd595/frozen_snapshot/harness/msg_t1_exact_fips_candidate_v4.c
5ce480427d7792b3dca091ac198b43562c4d4dfd6c9d96dae5a73e7ef1e72b55	MSG-T1	/home/girish/THESIS-2026/mlk_poly_tomsg_cleanroom/MSG02A_T2_BUILD_INHERITANCE_AUDIT_af4c5abdd595/reference/msg_t1_exact_fips_candidate_v4.c
1ca680bc6f7535353cf3898fc92438cb071657c565b6c5533badf8ee674cc38e	MSG-T1	/home/girish/THESIS-2026/mlk_poly_tomsg_cleanroom/MSG01K_R1_T1_MUTATION_FAMILY_FREEZE_V1_af4c5abdd595/frozen_mutation_family_v1/mutants/O1_LOWER_THRESHOLD_PLUS_ONE/harness/msg_t1_exact_fips_mutant.c
aa320e9b25d9b246b3147f320d93daba6c552d4f91838346f4ea1a00537f70f2	MSG-T1	/home/girish/THESIS-2026/mlk_poly_tomsg_cleanroom/MSG01K_R1_T1_MUTATION_FAMILY_FREEZE_V1_af4c5abdd595/frozen_mutation_family_v1/mutants/O2_UPPER_THRESHOLD_MINUS_ONE/harness/msg_t1_exact_fips_mutant.c
d659e4ad764ab38800317c2312f87a8426fac1031b6aae02ea28d39401112364	MSG-T1	/home/girish/THESIS-2026/mlk_poly_tomsg_cleanroom/MSG01K_R1_T1_MUTATION_FAMILY_FREEZE_V1_af4c5abdd595/frozen_mutation_family_v1/mutants/O3_REVERSE_ASSERTION_BIT_ORDER/harness/msg_t1_exact_fips_mutant.c
d6ef6f75c86f05a9981dfa263c039653fadcfed2819348607d936e5168a0ea3b	MSG-T1	/home/girish/THESIS-2026/mlk_poly_tomsg_cleanroom/MSG01K_R1_T1_MUTATION_FAMILY_FREEZE_V1_af4c5abdd595/frozen_mutation_family_v1/mutants/O4_SHIFT_EXPECTED_COEFFICIENT/harness/msg_t1_exact_fips_mutant.c
203cced3e7c3f3ee5e77c353cdfa4b08dec7f43400c408c68a9e9d48e4a94d7f	MSG-T2	/home/girish/THESIS-2026/mlk_poly_tomsg_cleanroom/MSG02C_R1_REACHABILITY_MUTATION_RUN1_20260723T115043Z_af4c5abdd595/04_mutation_harness/msg_t2_r1_drop_b_mutation_harness.c
0f5c51e8d2c86b5d0bbf3ee3a64aa68f49fcc68c5d7d96e47fb910156169f341	MSG-T2	/home/girish/THESIS-2026/mlk_poly_tomsg_cleanroom/MSG02C_R1_REACHABILITY_MUTATION_RUN1_20260723T115043Z_af4c5abdd595/01_coverage_harness/msg_t2_r1_reachability_harness.c
2e2e635d7c148028fc3942b113b6a98b5835a63a3169cd2b341efa609fd73cc0	MSG-T2	/home/girish/THESIS-2026/mlk_poly_tomsg_cleanroom/MSG02B_R1_T2_RELATIONAL_XOR_RUN1_20260723T113821Z_af4c5abdd595/01_harness/msg_t2_r1_relational_xor_harness.c
279dfc12c981a62335ccbe135ab87672320971d52dfb29ffcadfbff4041d490f	MSG-T2	/home/girish/THESIS-2026/mlk_poly_tomsg_cleanroom/MSG02D_R2A_COEFFICIENT_LOCALITY_RUN1_20260723T124247Z_af4c5abdd595/01_harness/msg_t2_r2a_coefficient_locality_harness.c
2ee4c2b036c6ec7218e7a2a6abaa01c456841e8053f1deb2243d26f1963a4fd8	MSG-T2	/home/girish/THESIS-2026/mlk_poly_tomsg_cleanroom/MSG02F_R2A_R2B_REACHABILITY_RUN1_20260723T125105Z_af4c5abdd595/01_r2a_coverage/msg_t2_r2a_reachability_harness.c
f86d60a5224ce77f2adc01f3220358a79fcb287f121805c60070a443fd31d9c0	MSG-T2	/home/girish/THESIS-2026/mlk_poly_tomsg_cleanroom/MSG02G_R2A_EQUALITY_ANTECEDENT_MUTATION_RUN1_20260723T125615Z_af4c5abdd595/01_harness/msg_t2_r2a_remove_selected_equality_mutation.c
ef87e45ce95604ef22036ab35097ecfc43cbf5234e34c952b4095121bd4da08d	MSG-T2	/home/girish/THESIS-2026/mlk_poly_tomsg_cleanroom/MSG02E_R2B_CROSS_BIT_PRESERVATION_RUN1_20260723T124630Z_af4c5abdd595/01_harness/msg_t2_r2b_cross_bit_preservation_harness.c
168cd0aee3feb9718db8ee01640fb4cfee49e70843643e430e6117c641ef43cb	MSG-T2	/home/girish/THESIS-2026/mlk_poly_tomsg_cleanroom/MSG02F_R2A_R2B_REACHABILITY_RUN1_20260723T125105Z_af4c5abdd595/02_r2b_coverage/msg_t2_r2b_reachability_harness.c
7d5bb26fc8e74ae45f0118cd331ada22d98876dd59c83e68c21cfb02e4512b8b	MSG-T2	/home/girish/THESIS-2026/mlk_poly_tomsg_cleanroom/MSG02G_B_R2B_SECOND_COEFFICIENT_MUTATION_RUN1_20260723T131317Z_af4c5abdd595/01_harness/msg_t2_r2b_second_coefficient_leak_mutation.c
e6f5ae900f35abd9d96a7e0278edfb52b15a123c3ece78cbb13131abce85cb44	MSG-T2	/home/girish/THESIS-2026/mlk_poly_tomsg_cleanroom/MSG02K_R3A_OPPOSITE_DECISION_MUTATION_RUN1_20260723T133042Z_af4c5abdd595/01_harness/msg_t2_r3a_opposite_decision_mutation.c
57a16169e1d6359bd072bb670ca3e7ca66c195ade6ae9a5519270f16c7c78de1	MSG-T2	/home/girish/THESIS-2026/mlk_poly_tomsg_cleanroom/MSG02J_R3A_R3B_REACHABILITY_RUN1_20260723T132734Z_af4c5abdd595/01_r3a_coverage/msg_t2_r3a_reachability_harness.c
1d4a28ae6855617872039e3102dbbafc5a13739301c1d9a71416db1ef823f851	MSG-T2	/home/girish/THESIS-2026/mlk_poly_tomsg_cleanroom/MSG02H_R3A_SAME_DECISION_INVARIANCE_RUN1_20260723T131813Z_af4c5abdd595/01_harness/msg_t2_r3a_same_decision_invariance_harness.c
d82d9fc5b32140b4f681ca6a0dd4921c74a4e308a723a2b234a49a0f0bb46b46	MSG-T2	/home/girish/THESIS-2026/mlk_poly_tomsg_cleanroom/MSG02I_R3B_DETERMINISM_RUN1_20260723T132251Z_af4c5abdd595/01_harness/msg_t2_r3b_determinism_harness.c
61cca9cbeb19ed98e06ddb99553ee8587a36f8f0fcc9313ca2e68d7cd52423f4	MSG-T2	/home/girish/THESIS-2026/mlk_poly_tomsg_cleanroom/MSG02J_R3A_R3B_REACHABILITY_RUN1_20260723T132734Z_af4c5abdd595/02_r3b_coverage/msg_t2_r3b_reachability_harness.c
662d31c878b8700bb944d85a7854e2d6b248693237d44e0f48cbe4aeb94163ac	MSG-T2	/home/girish/THESIS-2026/mlk_poly_tomsg_cleanroom/MSG02L_R3B_UNEQUAL_INPUT_MUTATION_RUN1_20260723T133447Z_af4c5abdd595/01_harness/msg_t2_r3b_unequal_input_determinism_mutation.c
cb094974f6d2a8a88c13c2a1d9a4ec050eab4c67df985743d9e81c95c95f248e	MSG-T5	/home/girish/THESIS-2026/mlk_poly_tomsg_cleanroom/MSG05D_T5_EXACT_INTERVAL_SUFFICIENCY_RUN1_20260723T163846Z_af4c5abdd595/01_harness/msg_t5_exact_interval_sufficiency_harness.c
574acf0fee1957a8e8cf4c21ab25da9116bfd10ab0f10c704dc4ca87218b96ef	MSG-T5	/home/girish/THESIS-2026/mlk_poly_tomsg_cleanroom/MSG05F_T5_REACHABILITY_BOUNDARY_MUTATIONS_RUN1_20260723T164827Z_af4c5abdd595/02_lower_mutation/msg_t5_lower_adjacent_mutation.c
f3afbde95324d13d0cc049e9cc7e365b7f115d44c0817d6ae7b62b3a9f549feb	MSG-T5	/home/girish/THESIS-2026/mlk_poly_tomsg_cleanroom/MSG05E_T5_OUTSIDE_INTERVAL_NECESSITY_RUN1_20260723T164237Z_af4c5abdd595/01_harness/msg_t5_outside_interval_necessity_harness.c
84584e5db9de2d1c5311a193b7810fe2c241a28c130ca69e2af6c282b225a82b	MSG-T5	/home/girish/THESIS-2026/mlk_poly_tomsg_cleanroom/MSG05C_T5_PARAMETERIZED_MODEL_BINDING_RUN1_20260723T163437Z_af4c5abdd595/01_harness/msg_t5_parameterized_model_binding_harness.c
fa12e594ff64e1c53fe36fa9aa5875cf8b129f1d2a088b3664e9f6fae9324a4b	MSG-T5	/home/girish/THESIS-2026/mlk_poly_tomsg_cleanroom/MSG05F_T5_REACHABILITY_BOUNDARY_MUTATIONS_RUN1_20260723T164827Z_af4c5abdd595/01_coverage/msg_t5_partition_reachability_harness.c
8ca92298c4238cbefac96724993da3d870c63b7ab169106a4bf39586d5caadc2	MSG-T5	/home/girish/THESIS-2026/mlk_poly_tomsg_cleanroom/MSG05F_T5_REACHABILITY_BOUNDARY_MUTATIONS_RUN1_20260723T164827Z_af4c5abdd595/03_upper_mutation/msg_t5_upper_adjacent_mutation.c
