file,present,expected_sha256,actual_sha256,hash_verified,size_bytes
cleanroom_mlk_poly_add_fips_relational_harness_v2.c,yes,307dce610586398ad3d7196790e28e9ee0656ee8b879741cfff81fd72b3a550e,307dce610586398ad3d7196790e28e9ee0656ee8b879741cfff81fd72b3a550e,yes,5328
run_cleanroom_mlk_poly_add_cbmc_v2.sh,yes,eeb5b1c1a88689e9219d704ec56fcc97b44ec8676ac1c391106adcd4243980f6,eeb5b1c1a88689e9219d704ec56fcc97b44ec8676ac1c391106adcd4243980f6,yes,4819
pa02_mlk_poly_add_full_signed_contract_valid_harness.c,yes,e83d521e23f93c2435058598be5ef245bb02c554a4b7992dd8844418720c2ce2,e83d521e23f93c2435058598be5ef245bb02c554a4b7992dd8844418720c2ce2,yes,6763
run_pa02_mlk_poly_add_full_signed_cbmc.sh,yes,7068aa8be8e763e7622b7a5767031eb1fa6f4a557f4b9a0507befbb0c346ffee,7068aa8be8e763e7622b7a5767031eb1fa6f4a557f4b9a0507befbb0c346ffee,yes,5015
pa03_mlk_poly_add_unrestricted_negative_control_harness.c,yes,37f9893284959fc9406d7e4bee06848b7c4e9e1cf717fe3c0d699ac5ca0f2487,37f9893284959fc9406d7e4bee06848b7c4e9e1cf717fe3c0d699ac5ca0f2487,yes,3702
run_pa03_mlk_poly_add_unrestricted_negative_control.sh,yes,d2a628b547ceae17713b995a99244c9bfef761b8993be060eb71518627317f5d,d2a628b547ceae17713b995a99244c9bfef761b8993be060eb71518627317f5d,yes,6607
pa04a_mlk_poly_add_alias_safe_doubling_harness.c,yes,d03869edcf12179e98feff2d1ddb84025474a13ac133fc140040615eddd6d4a4,d03869edcf12179e98feff2d1ddb84025474a13ac133fc140040615eddd6d4a4,yes,4085
pa04b_mlk_poly_add_alias_unrestricted_negative_control_harness.c,yes,de2e0689d3470cf992533912e6689ac223d8408967b42e8082ac46af8545e528,de2e0689d3470cf992533912e6689ac223d8408967b42e8082ac46af8545e528,yes,2161
run_pa04_mlk_poly_add_aliasing_campaign.sh,yes,df15493e874057bc7e35516af8043be86399c131bc7f4a8ab99bd3744666a82c,df15493e874057bc7e35516af8043be86399c131bc7f4a8ab99bd3744666a82c,yes,9362
pa05a_mlk_poly_add_polyvec_production_callsite_harness.c,yes,ef23dd1db28254c88fcf9216759dce7cade46138dc5fc6c2e56a59bcf101a87e,ef23dd1db28254c88fcf9216759dce7cade46138dc5fc6c2e56a59bcf101a87e,yes,2858
pa05b_mlk_poly_add_indcpa_epp_callsite_harness.c,yes,8241d0631bb02aa7191e741fae1f2785e03e7c016b3a510dc74d7908c34ce7bc,8241d0631bb02aa7191e741fae1f2785e03e7c016b3a510dc74d7908c34ce7bc,yes,4147
pa05c_mlk_poly_add_indcpa_k_sequential_callsite_harness.c,yes,8fd2643b21675324cc2de2e9e65dd2deacd50f796ab288cab71cf1882f0fb6e0,8fd2643b21675324cc2de2e9e65dd2deacd50f796ab288cab71cf1882f0fb6e0,yes,6027
run_pa05_mlk_poly_add_production_callsites.sh,yes,3547108f805d9a89e5c5121249de1c6e7d7db48a20636ecc5dd702f22b78a34d,3547108f805d9a89e5c5121249de1c6e7d7db48a20636ecc5dd702f22b78a34d,yes,7887
pa06a_mlk_poly_add_polyvec_cross_parameter_harness.c,yes,0941baf262a7a15c1f8be69a6c571c2727d4ab5de0ff16d0f3a364c8e3cb2ddd,0941baf262a7a15c1f8be69a6c571c2727d4ab5de0ff16d0f3a364c8e3cb2ddd,yes,3057
pa06b_mlk_poly_add_indcpa_epp_cross_parameter_harness.c,yes,e639524d557a13410d47ad7e1078955332a758d23fd46c1d444a7f77ba327644,e639524d557a13410d47ad7e1078955332a758d23fd46c1d444a7f77ba327644,yes,3576
pa06c_mlk_poly_add_indcpa_sequential_cross_parameter_harness.c,yes,b008285e11c0e05286338657b4529087e605a92f95f5689a0d1e279a46821b44,b008285e11c0e05286338657b4529087e605a92f95f5689a0d1e279a46821b44,yes,5370
run_pa06_mlk_poly_add_cross_parameter_campaign.sh,yes,7e88e942c81893a25f23c54ad3f4ee9115f5e4df1a849d924df7bbe8df967014,7e88e942c81893a25f23c54ad3f4ee9115f5e4df1a849d924df7bbe8df967014,yes,9980
pa07_mlk_poly_add_mutant_implementation.c,yes,4a0a231c050013cd73fbb7b5a07237218decb1a58ae3f9007a465adaa35b01ff,4a0a231c050013cd73fbb7b5a07237218decb1a58ae3f9007a465adaa35b01ff,yes,2487
run_pa07_mlk_poly_add_mutation_sensitivity.sh,yes,905f081214b6f64e192b5d7744368e4b09957b511acfce8cea805002320701ce,905f081214b6f64e192b5d7744368e4b09957b511acfce8cea805002320701ce,yes,15201
pa08a_mlk_poly_add_boundary_hardening_harness.c,yes,1f7967136b275110519ba247f182d7f11ab4d36288493bd5e571d7a2dc584dee,1f7967136b275110519ba247f182d7f11ab4d36288493bd5e571d7a2dc584dee,yes,6934
pa08b_mlk_poly_add_reachability_sentinel_harness.c,yes,38fbbd821e2ac13c4a85fca813425b4cbafe15ec9f72ca54b85fce5599fc6428,38fbbd821e2ac13c4a85fca813425b4cbafe15ec9f72ca54b85fce5599fc6428,yes,2581
pa08c_mlk_poly_add_upper_outside_boundary_harness.c,yes,36f2a6c423e1303570d25019db0d538e13a1f50135ae0f11e798636537fb891d,36f2a6c423e1303570d25019db0d538e13a1f50135ae0f11e798636537fb891d,yes,1373
pa08d_mlk_poly_add_lower_outside_boundary_harness.c,yes,6e484118e522d54c67d043e2a9d209df8a64e3af290666bc3d74cbb8b5c425ed,6e484118e522d54c67d043e2a9d209df8a64e3af290666bc3d74cbb8b5c425ed,yes,1440
run_pa08_mlk_poly_add_vacuity_boundary_campaign.sh,yes,ff76bd70e3c876712a978127d10fc1f17788b1dda5818a8bbbc56c24e2f77859,ff76bd70e3c876712a978127d10fc1f17788b1dda5818a8bbbc56c24e2f77859,yes,13260
