authored_file,repository_file,authored_sha256,repository_sha256,exact_binary_duplicate,exact_normalized_text_duplicate,token_sequence_ratio,token_jaccard,significant_line_jaccard,mechanical_classification
pa02_mlk_poly_add_full_signed_contract_valid_harness.c,mlkem/src/poly.h,e83d521e23f93c2435058598be5ef245bb02c554a4b7992dd8844418720c2ce2,f24f980110953c1d361e04137e13e2f85f76db776903f85c98f24900e85f7aef,no,no,0.207357,0.194444,0.0,low-mechanical-overlap
pa06a_mlk_poly_add_polyvec_cross_parameter_harness.c,mlkem/src/poly.h,0941baf262a7a15c1f8be69a6c571c2727d4ab5de0ff16d0f3a364c8e3cb2ddd,f24f980110953c1d361e04137e13e2f85f76db776903f85c98f24900e85f7aef,no,no,0.182988,0.198864,0.0,low-mechanical-overlap
pa08b_mlk_poly_add_reachability_sentinel_harness.c,mlkem/src/poly.h,38fbbd821e2ac13c4a85fca813425b4cbafe15ec9f72ca54b85fce5599fc6428,f24f980110953c1d361e04137e13e2f85f76db776903f85c98f24900e85f7aef,no,no,0.178037,0.242424,0.0,low-mechanical-overlap
pa07_mlk_poly_add_mutant_implementation.c,proofs/cbmc/README.md,4a0a231c050013cd73fbb7b5a07237218decb1a58ae3f9007a465adaa35b01ff,2bfcf066dd68d747f3b283504be3e6aa9abb28d6d68a3cffcf4980706bdd349f,no,no,0.172672,0.152263,0.05,low-mechanical-overlap
pa07_mlk_poly_add_mutant_implementation.c,mlkem/src/poly.h,4a0a231c050013cd73fbb7b5a07237218decb1a58ae3f9007a465adaa35b01ff,f24f980110953c1d361e04137e13e2f85f76db776903f85c98f24900e85f7aef,no,no,0.169968,0.248062,0.013333,low-mechanical-overlap
pa05b_mlk_poly_add_indcpa_epp_callsite_harness.c,proofs/cbmc/README.md,8241d0631bb02aa7191e741fae1f2785e03e7c016b3a510dc74d7908c34ce7bc,2bfcf066dd68d747f3b283504be3e6aa9abb28d6d68a3cffcf4980706bdd349f,no,no,0.166297,0.133106,0.02,low-mechanical-overlap
pa08c_mlk_poly_add_upper_outside_boundary_harness.c,proofs/cbmc/poly_add/poly_add_harness.c,36f2a6c423e1303570d25019db0d538e13a1f50135ae0f11e798636537fb891d,ff4c40902b23a6a30c717f9381be5d5ba65cb027ed07489311ce4720c6bb9188,no,no,0.161638,0.234375,0.0,low-mechanical-overlap
pa04a_mlk_poly_add_alias_safe_doubling_harness.c,mlkem/src/poly.h,d03869edcf12179e98feff2d1ddb84025474a13ac133fc140040615eddd6d4a4,f24f980110953c1d361e04137e13e2f85f76db776903f85c98f24900e85f7aef,no,no,0.160907,0.203209,0.0,low-mechanical-overlap
pa05a_mlk_poly_add_polyvec_production_callsite_harness.c,mlkem/src/poly.h,ef23dd1db28254c88fcf9216759dce7cade46138dc5fc6c2e56a59bcf101a87e,f24f980110953c1d361e04137e13e2f85f76db776903f85c98f24900e85f7aef,no,no,0.159697,0.206061,0.0,low-mechanical-overlap
cleanroom_mlk_poly_add_fips_relational_harness_v2.c,mlkem/src/poly.c,307dce610586398ad3d7196790e28e9ee0656ee8b879741cfff81fd72b3a550e,f427dda46e29d53d3e33d683c9a8483bade3568eff43fb97b868a21bfd07c722,no,no,0.155952,0.198113,0.008734,low-mechanical-overlap
cleanroom_mlk_poly_add_fips_relational_harness_v2.c,proofs/cbmc/README.md,307dce610586398ad3d7196790e28e9ee0656ee8b879741cfff81fd72b3a550e,2bfcf066dd68d747f3b283504be3e6aa9abb28d6d68a3cffcf4980706bdd349f,no,no,0.152551,0.13986,0.020202,low-mechanical-overlap
pa02_mlk_poly_add_full_signed_contract_valid_harness.c,proofs/cbmc/README.md,e83d521e23f93c2435058598be5ef245bb02c554a4b7992dd8844418720c2ce2,2bfcf066dd68d747f3b283504be3e6aa9abb28d6d68a3cffcf4980706bdd349f,no,no,0.151859,0.139932,0.017094,low-mechanical-overlap
pa06b_mlk_poly_add_indcpa_epp_cross_parameter_harness.c,proofs/cbmc/README.md,e639524d557a13410d47ad7e1078955332a758d23fd46c1d444a7f77ba327644,2bfcf066dd68d747f3b283504be3e6aa9abb28d6d68a3cffcf4980706bdd349f,no,no,0.151632,0.16041,0.019231,low-mechanical-overlap
pa08d_mlk_poly_add_lower_outside_boundary_harness.c,proofs/cbmc/poly_add/poly_add_harness.c,6e484118e522d54c67d043e2a9d209df8a64e3af290666bc3d74cbb8b5c425ed,ff4c40902b23a6a30c717f9381be5d5ba65cb027ed07489311ce4720c6bb9188,no,no,0.149701,0.230769,0.0,low-mechanical-overlap
pa08c_mlk_poly_add_upper_outside_boundary_harness.c,proofs/cbmc/README.md,36f2a6c423e1303570d25019db0d538e13a1f50135ae0f11e798636537fb891d,2bfcf066dd68d747f3b283504be3e6aa9abb28d6d68a3cffcf4980706bdd349f,no,no,0.148701,0.135458,0.031746,low-mechanical-overlap
pa08c_mlk_poly_add_upper_outside_boundary_harness.c,mlkem/src/poly.h,36f2a6c423e1303570d25019db0d538e13a1f50135ae0f11e798636537fb891d,f24f980110953c1d361e04137e13e2f85f76db776903f85c98f24900e85f7aef,no,no,0.147083,0.22963,0.0,low-mechanical-overlap
pa08a_mlk_poly_add_boundary_hardening_harness.c,mlkem/src/poly_k.c,1f7967136b275110519ba247f182d7f11ab4d36288493bd5e571d7a2dc584dee,7dea24a0591b0fb033f7a8be214d687fbde11541c274a114ac3067af12b87c32,no,no,0.147055,0.189516,0.003676,low-mechanical-overlap
cleanroom_mlk_poly_add_fips_relational_harness_v2.c,mlkem/src/poly_k.c,307dce610586398ad3d7196790e28e9ee0656ee8b879741cfff81fd72b3a550e,7dea24a0591b0fb033f7a8be214d687fbde11541c274a114ac3067af12b87c32,no,no,0.145181,0.185345,0.004505,low-mechanical-overlap
pa03_mlk_poly_add_unrestricted_negative_control_harness.c,proofs/cbmc/README.md,37f9893284959fc9406d7e4bee06848b7c4e9e1cf717fe3c0d699ac5ca0f2487,2bfcf066dd68d747f3b283504be3e6aa9abb28d6d68a3cffcf4980706bdd349f,no,no,0.145052,0.128788,0.026316,low-mechanical-overlap
pa02_mlk_poly_add_full_signed_contract_valid_harness.c,mlkem/src/poly.c,e83d521e23f93c2435058598be5ef245bb02c554a4b7992dd8844418720c2ce2,f427dda46e29d53d3e33d683c9a8483bade3568eff43fb97b868a21bfd07c722,no,no,0.142557,0.190909,0.008097,low-mechanical-overlap
pa08d_mlk_poly_add_lower_outside_boundary_harness.c,proofs/cbmc/README.md,6e484118e522d54c67d043e2a9d209df8a64e3af290666bc3d74cbb8b5c425ed,2bfcf066dd68d747f3b283504be3e6aa9abb28d6d68a3cffcf4980706bdd349f,no,no,0.140369,0.134921,0.031746,low-mechanical-overlap
pa02_mlk_poly_add_full_signed_contract_valid_harness.c,mlkem/src/poly_k.c,e83d521e23f93c2435058598be5ef245bb02c554a4b7992dd8844418720c2ce2,7dea24a0591b0fb033f7a8be214d687fbde11541c274a114ac3067af12b87c32,no,no,0.140258,0.189076,0.004167,low-mechanical-overlap
pa06a_mlk_poly_add_polyvec_cross_parameter_harness.c,proofs/cbmc/README.md,0941baf262a7a15c1f8be69a6c571c2727d4ab5de0ff16d0f3a364c8e3cb2ddd,2bfcf066dd68d747f3b283504be3e6aa9abb28d6d68a3cffcf4980706bdd349f,no,no,0.140219,0.153846,0.022472,low-mechanical-overlap
cleanroom_mlk_poly_add_fips_relational_harness_v2.c,mlkem/src/poly.h,307dce610586398ad3d7196790e28e9ee0656ee8b879741cfff81fd72b3a550e,f24f980110953c1d361e04137e13e2f85f76db776903f85c98f24900e85f7aef,no,no,0.139735,0.196532,0.0,low-mechanical-overlap
pa03_mlk_poly_add_unrestricted_negative_control_harness.c,mlkem/src/poly.h,37f9893284959fc9406d7e4bee06848b7c4e9e1cf717fe3c0d699ac5ca0f2487,f24f980110953c1d361e04137e13e2f85f76db776903f85c98f24900e85f7aef,no,no,0.138977,0.226027,0.0,low-mechanical-overlap
pa08a_mlk_poly_add_boundary_hardening_harness.c,proofs/cbmc/README.md,1f7967136b275110519ba247f182d7f11ab4d36288493bd5e571d7a2dc584dee,2bfcf066dd68d747f3b283504be3e6aa9abb28d6d68a3cffcf4980706bdd349f,no,no,0.13872,0.119741,0.013423,low-mechanical-overlap
pa08a_mlk_poly_add_boundary_hardening_harness.c,mlkem/src/poly.c,1f7967136b275110519ba247f182d7f11ab4d36288493bd5e571d7a2dc584dee,f427dda46e29d53d3e33d683c9a8483bade3568eff43fb97b868a21bfd07c722,no,no,0.137524,0.196507,0.007168,low-mechanical-overlap
pa05b_mlk_poly_add_indcpa_epp_callsite_harness.c,mlkem/src/poly_k.c,8241d0631bb02aa7191e741fae1f2785e03e7c016b3a510dc74d7908c34ce7bc,7dea24a0591b0fb033f7a8be214d687fbde11541c274a114ac3067af12b87c32,no,no,0.134156,0.200855,0.004484,low-mechanical-overlap
pa08b_mlk_poly_add_reachability_sentinel_harness.c,proofs/cbmc/README.md,38fbbd821e2ac13c4a85fca813425b4cbafe15ec9f72ca54b85fce5599fc6428,2bfcf066dd68d747f3b283504be3e6aa9abb28d6d68a3cffcf4980706bdd349f,no,no,0.131757,0.123016,0.027027,low-mechanical-overlap
pa04a_mlk_poly_add_alias_safe_doubling_harness.c,proofs/cbmc/README.md,d03869edcf12179e98feff2d1ddb84025474a13ac133fc140040615eddd6d4a4,2bfcf066dd68d747f3b283504be3e6aa9abb28d6d68a3cffcf4980706bdd349f,no,no,0.130253,0.150502,0.017699,low-mechanical-overlap
pa05a_mlk_poly_add_polyvec_production_callsite_harness.c,proofs/cbmc/README.md,ef23dd1db28254c88fcf9216759dce7cade46138dc5fc6c2e56a59bcf101a87e,2bfcf066dd68d747f3b283504be3e6aa9abb28d6d68a3cffcf4980706bdd349f,no,no,0.127399,0.152174,0.024691,low-mechanical-overlap
pa08d_mlk_poly_add_lower_outside_boundary_harness.c,mlkem/src/poly.h,6e484118e522d54c67d043e2a9d209df8a64e3af290666bc3d74cbb8b5c425ed,f24f980110953c1d361e04137e13e2f85f76db776903f85c98f24900e85f7aef,no,no,0.126385,0.227941,0.0,low-mechanical-overlap
pa04a_mlk_poly_add_alias_safe_doubling_harness.c,REFERENCE.md,d03869edcf12179e98feff2d1ddb84025474a13ac133fc140040615eddd6d4a4,cdf533585d2adb81ec30cb1ae312a11a6319d10fbd449a1c961108af7a98f19e,no,no,0.126333,0.07855,0.0,low-mechanical-overlap
pa04b_mlk_poly_add_alias_unrestricted_negative_control_harness.c,proofs/cbmc/poly_add/poly_add_harness.c,de2e0689d3470cf992533912e6689ac223d8408967b42e8082ac46af8545e528,ff4c40902b23a6a30c717f9381be5d5ba65cb027ed07489311ce4720c6bb9188,no,no,0.125654,0.213333,0.0,low-mechanical-overlap
pa05b_mlk_poly_add_indcpa_epp_callsite_harness.c,mlkem/src/poly.c,8241d0631bb02aa7191e741fae1f2785e03e7c016b3a510dc74d7908c34ce7bc,f427dda46e29d53d3e33d683c9a8483bade3568eff43fb97b868a21bfd07c722,no,no,0.125292,0.214953,0.008696,low-mechanical-overlap
cleanroom_mlk_poly_add_fips_relational_harness_v2.c,REFERENCE.md,307dce610586398ad3d7196790e28e9ee0656ee8b879741cfff81fd72b3a550e,cdf533585d2adb81ec30cb1ae312a11a6319d10fbd449a1c961108af7a98f19e,no,no,0.122968,0.079618,0.0,low-mechanical-overlap
pa06b_mlk_poly_add_indcpa_epp_cross_parameter_harness.c,REFERENCE.md,e639524d557a13410d47ad7e1078955332a758d23fd46c1d444a7f77ba327644,cdf533585d2adb81ec30cb1ae312a11a6319d10fbd449a1c961108af7a98f19e,no,no,0.121233,0.092879,0.0,low-mechanical-overlap
pa04a_mlk_poly_add_alias_safe_doubling_harness.c,mlkem/src/poly.c,d03869edcf12179e98feff2d1ddb84025474a13ac133fc140040615eddd6d4a4,f427dda46e29d53d3e33d683c9a8483bade3568eff43fb97b868a21bfd07c722,no,no,0.120945,0.20354,0.00823,low-mechanical-overlap
pa05c_mlk_poly_add_indcpa_k_sequential_callsite_harness.c,mlkem/src/poly.c,8fd2643b21675324cc2de2e9e65dd2deacd50f796ab288cab71cf1882f0fb6e0,f427dda46e29d53d3e33d683c9a8483bade3568eff43fb97b868a21bfd07c722,no,no,0.120275,0.222222,0.007273,low-mechanical-overlap
pa06b_mlk_poly_add_indcpa_epp_cross_parameter_harness.c,mlkem/src/poly_k.c,e639524d557a13410d47ad7e1078955332a758d23fd46c1d444a7f77ba327644,7dea24a0591b0fb033f7a8be214d687fbde11541c274a114ac3067af12b87c32,no,no,0.119963,0.235043,0.004405,low-mechanical-overlap
pa05c_mlk_poly_add_indcpa_k_sequential_callsite_harness.c,mlkem/src/poly_k.c,8fd2643b21675324cc2de2e9e65dd2deacd50f796ab288cab71cf1882f0fb6e0,7dea24a0591b0fb033f7a8be214d687fbde11541c274a114ac3067af12b87c32,no,no,0.11945,0.199219,0.003731,low-mechanical-overlap
pa08c_mlk_poly_add_upper_outside_boundary_harness.c,REFERENCE.md,36f2a6c423e1303570d25019db0d538e13a1f50135ae0f11e798636537fb891d,cdf533585d2adb81ec30cb1ae312a11a6319d10fbd449a1c961108af7a98f19e,no,no,0.117711,0.060498,0.0,low-mechanical-overlap
pa06c_mlk_poly_add_indcpa_sequential_cross_parameter_harness.c,REFERENCE.md,b008285e11c0e05286338657b4529087e605a92f95f5689a0d1e279a46821b44,cdf533585d2adb81ec30cb1ae312a11a6319d10fbd449a1c961108af7a98f19e,no,no,0.117695,0.091954,0.0,low-mechanical-overlap
pa08d_mlk_poly_add_lower_outside_boundary_harness.c,REFERENCE.md,6e484118e522d54c67d043e2a9d209df8a64e3af290666bc3d74cbb8b5c425ed,cdf533585d2adb81ec30cb1ae312a11a6319d10fbd449a1c961108af7a98f19e,no,no,0.116984,0.060284,0.0,low-mechanical-overlap
pa04b_mlk_poly_add_alias_unrestricted_negative_control_harness.c,proofs/cbmc/README.md,de2e0689d3470cf992533912e6689ac223d8408967b42e8082ac46af8545e528,2bfcf066dd68d747f3b283504be3e6aa9abb28d6d68a3cffcf4980706bdd349f,no,no,0.114525,0.146718,0.028169,low-mechanical-overlap
pa03_mlk_poly_add_unrestricted_negative_control_harness.c,proofs/cbmc/poly_add/poly_add_harness.c,37f9893284959fc9406d7e4bee06848b7c4e9e1cf717fe3c0d699ac5ca0f2487,ff4c40902b23a6a30c717f9381be5d5ba65cb027ed07489311ce4720c6bb9188,no,no,0.113156,0.179487,0.0,low-mechanical-overlap
pa08b_mlk_poly_add_reachability_sentinel_harness.c,mlkem/src/poly.c,38fbbd821e2ac13c4a85fca813425b4cbafe15ec9f72ca54b85fce5599fc6428,f427dda46e29d53d3e33d683c9a8483bade3568eff43fb97b868a21bfd07c722,no,no,0.112685,0.219653,0.009804,low-mechanical-overlap
pa08a_mlk_poly_add_boundary_hardening_harness.c,REFERENCE.md,1f7967136b275110519ba247f182d7f11ab4d36288493bd5e571d7a2dc584dee,cdf533585d2adb81ec30cb1ae312a11a6319d10fbd449a1c961108af7a98f19e,no,no,0.112125,0.068452,0.0,low-mechanical-overlap
pa06a_mlk_poly_add_polyvec_cross_parameter_harness.c,mlkem/src/poly_k.h,0941baf262a7a15c1f8be69a6c571c2727d4ab5de0ff16d0f3a364c8e3cb2ddd,09bdfd4a19a9cb495832a78d0f099a6c949c40014472b33fb54d66bb56e660e0,no,no,0.111974,0.196347,0.0,low-mechanical-overlap
pa05a_mlk_poly_add_polyvec_production_callsite_harness.c,mlkem/src/poly_k.c,ef23dd1db28254c88fcf9216759dce7cade46138dc5fc6c2e56a59bcf101a87e,7dea24a0591b0fb033f7a8be214d687fbde11541c274a114ac3067af12b87c32,no,no,0.109404,0.219178,0.004902,low-mechanical-overlap
pa06a_mlk_poly_add_polyvec_cross_parameter_harness.c,mlkem/src/poly_k.c,0941baf262a7a15c1f8be69a6c571c2727d4ab5de0ff16d0f3a364c8e3cb2ddd,7dea24a0591b0fb033f7a8be214d687fbde11541c274a114ac3067af12b87c32,no,no,0.108619,0.245536,0.004717,low-mechanical-overlap
cleanroom_mlk_poly_add_fips_relational_harness_v2.c,mlkem/src/poly_k.h,307dce610586398ad3d7196790e28e9ee0656ee8b879741cfff81fd72b3a550e,09bdfd4a19a9cb495832a78d0f099a6c949c40014472b33fb54d66bb56e660e0,no,no,0.108519,0.141593,0.0,low-mechanical-overlap
pa02_mlk_poly_add_full_signed_contract_valid_harness.c,REFERENCE.md,e83d521e23f93c2435058598be5ef245bb02c554a4b7992dd8844418720c2ce2,cdf533585d2adb81ec30cb1ae312a11a6319d10fbd449a1c961108af7a98f19e,no,no,0.106249,0.07764,0.0,low-mechanical-overlap
pa05a_mlk_poly_add_polyvec_production_callsite_harness.c,mlkem/src/poly.c,ef23dd1db28254c88fcf9216759dce7cade46138dc5fc6c2e56a59bcf101a87e,f427dda46e29d53d3e33d683c9a8483bade3568eff43fb97b868a21bfd07c722,no,no,0.106171,0.2,0.014286,low-mechanical-overlap
pa04a_mlk_poly_add_alias_safe_doubling_harness.c,mlkem/src/poly_k.c,d03869edcf12179e98feff2d1ddb84025474a13ac133fc140040615eddd6d4a4,7dea24a0591b0fb033f7a8be214d687fbde11541c274a114ac3067af12b87c32,no,no,0.105801,0.20082,0.004237,low-mechanical-overlap
pa04b_mlk_poly_add_alias_unrestricted_negative_control_harness.c,mlkem/src/poly.h,de2e0689d3470cf992533912e6689ac223d8408967b42e8082ac46af8545e528,f24f980110953c1d361e04137e13e2f85f76db776903f85c98f24900e85f7aef,no,no,0.104051,0.253521,0.0,low-mechanical-overlap
pa06a_mlk_poly_add_polyvec_cross_parameter_harness.c,mlkem/src/poly.c,0941baf262a7a15c1f8be69a6c571c2727d4ab5de0ff16d0f3a364c8e3cb2ddd,f427dda46e29d53d3e33d683c9a8483bade3568eff43fb97b868a21bfd07c722,no,no,0.103792,0.216981,0.013761,low-mechanical-overlap
pa06a_mlk_poly_add_polyvec_cross_parameter_harness.c,REFERENCE.md,0941baf262a7a15c1f8be69a6c571c2727d4ab5de0ff16d0f3a364c8e3cb2ddd,cdf533585d2adb81ec30cb1ae312a11a6319d10fbd449a1c961108af7a98f19e,no,no,0.103312,0.085443,0.0,low-mechanical-overlap
pa08b_mlk_poly_add_reachability_sentinel_harness.c,proofs/cbmc/poly_add/poly_add_harness.c,38fbbd821e2ac13c4a85fca813425b4cbafe15ec9f72ca54b85fce5599fc6428,ff4c40902b23a6a30c717f9381be5d5ba65cb027ed07489311ce4720c6bb9188,no,no,0.100621,0.203125,0.0,low-mechanical-overlap
pa06c_mlk_poly_add_indcpa_sequential_cross_parameter_harness.c,mlkem/src/poly_k.c,b008285e11c0e05286338657b4529087e605a92f95f5689a0d1e279a46821b44,7dea24a0591b0fb033f7a8be214d687fbde11541c274a114ac3067af12b87c32,no,no,0.098956,0.224806,0.003704,low-mechanical-overlap
pa05a_mlk_poly_add_polyvec_production_callsite_harness.c,REFERENCE.md,ef23dd1db28254c88fcf9216759dce7cade46138dc5fc6c2e56a59bcf101a87e,cdf533585d2adb81ec30cb1ae312a11a6319d10fbd449a1c961108af7a98f19e,no,no,0.098199,0.074675,0.0,low-mechanical-overlap
pa07_mlk_poly_add_mutant_implementation.c,proofs/cbmc/poly_add/poly_add_harness.c,4a0a231c050013cd73fbb7b5a07237218decb1a58ae3f9007a465adaa35b01ff,ff4c40902b23a6a30c717f9381be5d5ba65cb027ed07489311ce4720c6bb9188,no,no,0.095238,0.275862,0.0,low-mechanical-overlap
pa08b_mlk_poly_add_reachability_sentinel_harness.c,mlkem/src/poly_k.c,38fbbd821e2ac13c4a85fca813425b4cbafe15ec9f72ca54b85fce5599fc6428,7dea24a0591b0fb033f7a8be214d687fbde11541c274a114ac3067af12b87c32,no,no,0.094265,0.202073,0.005076,low-mechanical-overlap
pa08d_mlk_poly_add_lower_outside_boundary_harness.c,mlkem/src/poly.c,6e484118e522d54c67d043e2a9d209df8a64e3af290666bc3d74cbb8b5c425ed,f427dda46e29d53d3e33d683c9a8483bade3568eff43fb97b868a21bfd07c722,no,no,0.093771,0.215909,0.010363,low-mechanical-overlap
pa05a_mlk_poly_add_polyvec_production_callsite_harness.c,mlkem/src/poly_k.h,ef23dd1db28254c88fcf9216759dce7cade46138dc5fc6c2e56a59bcf101a87e,09bdfd4a19a9cb495832a78d0f099a6c949c40014472b33fb54d66bb56e660e0,no,no,0.093625,0.162791,0.0,low-mechanical-overlap
pa08a_mlk_poly_add_boundary_hardening_harness.c,mlkem/src/indcpa.c,1f7967136b275110519ba247f182d7f11ab4d36288493bd5e571d7a2dc584dee,ffc9cd09fb9a5926c8540b52181b064e7ae46b3d117e10ca51ac0d0ca940f6bd,no,no,0.09288,0.14652,0.002667,low-mechanical-overlap
pa03_mlk_poly_add_unrestricted_negative_control_harness.c,REFERENCE.md,37f9893284959fc9406d7e4bee06848b7c4e9e1cf717fe3c0d699ac5ca0f2487,cdf533585d2adb81ec30cb1ae312a11a6319d10fbd449a1c961108af7a98f19e,no,no,0.092557,0.061433,0.0,low-mechanical-overlap
pa04b_mlk_poly_add_alias_unrestricted_negative_control_harness.c,REFERENCE.md,de2e0689d3470cf992533912e6689ac223d8408967b42e8082ac46af8545e528,cdf533585d2adb81ec30cb1ae312a11a6319d10fbd449a1c961108af7a98f19e,no,no,0.092073,0.065292,0.0,low-mechanical-overlap
pa05c_mlk_poly_add_indcpa_k_sequential_callsite_harness.c,REFERENCE.md,8fd2643b21675324cc2de2e9e65dd2deacd50f796ab288cab71cf1882f0fb6e0,cdf533585d2adb81ec30cb1ae312a11a6319d10fbd449a1c961108af7a98f19e,no,no,0.0903,0.075362,0.0,low-mechanical-overlap
pa03_mlk_poly_add_unrestricted_negative_control_harness.c,mlkem/src/poly_k.c,37f9893284959fc9406d7e4bee06848b7c4e9e1cf717fe3c0d699ac5ca0f2487,7dea24a0591b0fb033f7a8be214d687fbde11541c274a114ac3067af12b87c32,no,no,0.090278,0.204878,0.005025,low-mechanical-overlap
pa08a_mlk_poly_add_boundary_hardening_harness.c,mlkem/src/poly_k.h,1f7967136b275110519ba247f182d7f11ab4d36288493bd5e571d7a2dc584dee,09bdfd4a19a9cb495832a78d0f099a6c949c40014472b33fb54d66bb56e660e0,no,no,0.089708,0.144033,0.0,low-mechanical-overlap
pa08b_mlk_poly_add_reachability_sentinel_harness.c,REFERENCE.md,38fbbd821e2ac13c4a85fca813425b4cbafe15ec9f72ca54b85fce5599fc6428,cdf533585d2adb81ec30cb1ae312a11a6319d10fbd449a1c961108af7a98f19e,no,no,0.089043,0.049645,0.0,low-mechanical-overlap
pa06b_mlk_poly_add_indcpa_epp_cross_parameter_harness.c,mlkem/src/poly.c,e639524d557a13410d47ad7e1078955332a758d23fd46c1d444a7f77ba327644,f427dda46e29d53d3e33d683c9a8483bade3568eff43fb97b868a21bfd07c722,no,no,0.087925,0.235023,0.008547,low-mechanical-overlap
pa07_mlk_poly_add_mutant_implementation.c,mlkem/src/poly.c,4a0a231c050013cd73fbb7b5a07237218decb1a58ae3f9007a465adaa35b01ff,f427dda46e29d53d3e33d683c9a8483bade3568eff43fb97b868a21bfd07c722,no,no,0.087073,0.260606,0.015789,low-mechanical-overlap
pa05b_mlk_poly_add_indcpa_epp_callsite_harness.c,REFERENCE.md,8241d0631bb02aa7191e741fae1f2785e03e7c016b3a510dc74d7908c34ce7bc,cdf533585d2adb81ec30cb1ae312a11a6319d10fbd449a1c961108af7a98f19e,no,no,0.086075,0.071429,0.0,low-mechanical-overlap
pa08d_mlk_poly_add_lower_outside_boundary_harness.c,test/bench/bench_components_mlkem.c,6e484118e522d54c67d043e2a9d209df8a64e3af290666bc3d74cbb8b5c425ed,8555edd9fa4f8c273c4d5267d24a6c773efe0937e138d2dbe7768123a39d3746,no,no,0.085411,0.155172,0.004878,low-mechanical-overlap
pa05c_mlk_poly_add_indcpa_k_sequential_callsite_harness.c,mlkem/src/poly_k.h,8fd2643b21675324cc2de2e9e65dd2deacd50f796ab288cab71cf1882f0fb6e0,09bdfd4a19a9cb495832a78d0f099a6c949c40014472b33fb54d66bb56e660e0,no,no,0.085332,0.150794,0.0,low-mechanical-overlap
pa05c_mlk_poly_add_indcpa_k_sequential_callsite_harness.c,proofs/cbmc/README.md,8fd2643b21675324cc2de2e9e65dd2deacd50f796ab288cab71cf1882f0fb6e0,2bfcf066dd68d747f3b283504be3e6aa9abb28d6d68a3cffcf4980706bdd349f,no,no,0.085112,0.140127,0.013793,low-mechanical-overlap
pa03_mlk_poly_add_unrestricted_negative_control_harness.c,mlkem/src/poly.c,37f9893284959fc9406d7e4bee06848b7c4e9e1cf717fe3c0d699ac5ca0f2487,f427dda46e29d53d3e33d683c9a8483bade3568eff43fb97b868a21bfd07c722,no,no,0.085009,0.208556,0.009709,low-mechanical-overlap
pa06c_mlk_poly_add_indcpa_sequential_cross_parameter_harness.c,mlkem/src/indcpa.c,b008285e11c0e05286338657b4529087e605a92f95f5689a0d1e279a46821b44,ffc9cd09fb9a5926c8540b52181b064e7ae46b3d117e10ca51ac0d0ca940f6bd,no,no,0.085003,0.192857,0.002681,low-mechanical-overlap
pa05c_mlk_poly_add_indcpa_k_sequential_callsite_harness.c,mlkem/src/indcpa.c,8fd2643b21675324cc2de2e9e65dd2deacd50f796ab288cab71cf1882f0fb6e0,ffc9cd09fb9a5926c8540b52181b064e7ae46b3d117e10ca51ac0d0ca940f6bd,no,no,0.085001,0.173285,0.002695,low-mechanical-overlap
pa04a_mlk_poly_add_alias_safe_doubling_harness.c,mlkem/src/indcpa.c,d03869edcf12179e98feff2d1ddb84025474a13ac133fc140040615eddd6d4a4,ffc9cd09fb9a5926c8540b52181b064e7ae46b3d117e10ca51ac0d0ca940f6bd,no,no,0.083982,0.160448,0.00295,low-mechanical-overlap
pa04b_mlk_poly_add_alias_unrestricted_negative_control_harness.c,mlkem/src/poly_k.c,de2e0689d3470cf992533912e6689ac223d8408967b42e8082ac46af8545e528,7dea24a0591b0fb033f7a8be214d687fbde11541c274a114ac3067af12b87c32,no,no,0.083719,0.223881,0.005155,low-mechanical-overlap
pa05c_mlk_poly_add_indcpa_k_sequential_callsite_harness.c,mlkem/mlkem_native.c,8fd2643b21675324cc2de2e9e65dd2deacd50f796ab288cab71cf1882f0fb6e0,c09e20cd67f4d95ffab70da39d054c569b82572cc0e7d7784437d83420ed77a6,no,no,0.083639,0.02455,0.0,low-mechanical-overlap
pa06c_mlk_poly_add_indcpa_sequential_cross_parameter_harness.c,proofs/cbmc/README.md,b008285e11c0e05286338657b4529087e605a92f95f5689a0d1e279a46821b44,2bfcf066dd68d747f3b283504be3e6aa9abb28d6d68a3cffcf4980706bdd349f,no,no,0.083551,0.157729,0.013605,low-mechanical-overlap
pa03_mlk_poly_add_unrestricted_negative_control_harness.c,mlkem/src/poly_k.h,37f9893284959fc9406d7e4bee06848b7c4e9e1cf717fe3c0d699ac5ca0f2487,09bdfd4a19a9cb495832a78d0f099a6c949c40014472b33fb54d66bb56e660e0,no,no,0.082934,0.15,0.0,low-mechanical-overlap
pa06c_mlk_poly_add_indcpa_sequential_cross_parameter_harness.c,mlkem/src/poly.c,b008285e11c0e05286338657b4529087e605a92f95f5689a0d1e279a46821b44,f427dda46e29d53d3e33d683c9a8483bade3568eff43fb97b868a21bfd07c722,no,no,0.08263,0.23431,0.00722,low-mechanical-overlap
pa08c_mlk_poly_add_upper_outside_boundary_harness.c,mlkem/src/poly_k.c,36f2a6c423e1303570d25019db0d538e13a1f50135ae0f11e798636537fb891d,7dea24a0591b0fb033f7a8be214d687fbde11541c274a114ac3067af12b87c32,no,no,0.081431,0.193878,0.005376,low-mechanical-overlap
pa06c_mlk_poly_add_indcpa_sequential_cross_parameter_harness.c,proofs/cbmc/proof_guide.md,b008285e11c0e05286338657b4529087e605a92f95f5689a0d1e279a46821b44,79ce7c38279195008678419a6dc80dad8ae10f448cfd18eb181001f217d32835,no,no,0.080959,0.071429,0.002439,low-mechanical-overlap
pa04a_mlk_poly_add_alias_safe_doubling_harness.c,mlkem/src/poly_k.h,d03869edcf12179e98feff2d1ddb84025474a13ac133fc140040615eddd6d4a4,09bdfd4a19a9cb495832a78d0f099a6c949c40014472b33fb54d66bb56e660e0,no,no,0.080285,0.154812,0.0,low-mechanical-overlap
pa05b_mlk_poly_add_indcpa_epp_callsite_harness.c,mlkem/src/indcpa.c,8241d0631bb02aa7191e741fae1f2785e03e7c016b3a510dc74d7908c34ce7bc,ffc9cd09fb9a5926c8540b52181b064e7ae46b3d117e10ca51ac0d0ca940f6bd,no,no,0.080076,0.172549,0.003067,low-mechanical-overlap
pa06c_mlk_poly_add_indcpa_sequential_cross_parameter_harness.c,mlkem/mlkem_native.c,b008285e11c0e05286338657b4529087e605a92f95f5689a0d1e279a46821b44,c09e20cd67f4d95ffab70da39d054c569b82572cc0e7d7784437d83420ed77a6,no,no,0.079955,0.027508,0.0,low-mechanical-overlap
pa05a_mlk_poly_add_polyvec_production_callsite_harness.c,proofs/cbmc/poly_add/poly_add_harness.c,ef23dd1db28254c88fcf9216759dce7cade46138dc5fc6c2e56a59bcf101a87e,ff4c40902b23a6a30c717f9381be5d5ba65cb027ed07489311ce4720c6bb9188,no,no,0.079422,0.131313,0.0,low-mechanical-overlap
pa04b_mlk_poly_add_alias_unrestricted_negative_control_harness.c,mlkem/src/poly_k.h,de2e0689d3470cf992533912e6689ac223d8408967b42e8082ac46af8545e528,09bdfd4a19a9cb495832a78d0f099a6c949c40014472b33fb54d66bb56e660e0,no,no,0.079283,0.168367,0.0,low-mechanical-overlap
pa08d_mlk_poly_add_lower_outside_boundary_harness.c,mlkem/src/poly_k.c,6e484118e522d54c67d043e2a9d209df8a64e3af290666bc3d74cbb8b5c425ed,7dea24a0591b0fb033f7a8be214d687fbde11541c274a114ac3067af12b87c32,no,no,0.079135,0.192893,0.005376,low-mechanical-overlap
pa06b_mlk_poly_add_indcpa_epp_cross_parameter_harness.c,mlkem/src/poly_k.h,e639524d557a13410d47ad7e1078955332a758d23fd46c1d444a7f77ba327644,09bdfd4a19a9cb495832a78d0f099a6c949c40014472b33fb54d66bb56e660e0,no,no,0.079062,0.187773,0.0,low-mechanical-overlap
pa06c_mlk_poly_add_indcpa_sequential_cross_parameter_harness.c,mlkem/src/poly_k.h,b008285e11c0e05286338657b4529087e605a92f95f5689a0d1e279a46821b44,09bdfd4a19a9cb495832a78d0f099a6c949c40014472b33fb54d66bb56e660e0,no,no,0.078984,0.177165,0.0,low-mechanical-overlap
pa08c_mlk_poly_add_upper_outside_boundary_harness.c,mlkem/src/poly.c,36f2a6c423e1303570d25019db0d538e13a1f50135ae0f11e798636537fb891d,f427dda46e29d53d3e33d683c9a8483bade3568eff43fb97b868a21bfd07c722,no,no,0.078692,0.217143,0.010363,low-mechanical-overlap
pa08c_mlk_poly_add_upper_outside_boundary_harness.c,test/bench/bench_components_mlkem.c,36f2a6c423e1303570d25019db0d538e13a1f50135ae0f11e798636537fb891d,8555edd9fa4f8c273c4d5267d24a6c773efe0937e138d2dbe7768123a39d3746,no,no,0.078498,0.155844,0.004878,low-mechanical-overlap
pa08b_mlk_poly_add_reachability_sentinel_harness.c,mlkem/src/poly_k.h,38fbbd821e2ac13c4a85fca813425b4cbafe15ec9f72ca54b85fce5599fc6428,09bdfd4a19a9cb495832a78d0f099a6c949c40014472b33fb54d66bb56e660e0,no,no,0.078205,0.155914,0.0,low-mechanical-overlap
pa06b_mlk_poly_add_indcpa_epp_cross_parameter_harness.c,mlkem/src/indcpa.c,e639524d557a13410d47ad7e1078955332a758d23fd46c1d444a7f77ba327644,ffc9cd09fb9a5926c8540b52181b064e7ae46b3d117e10ca51ac0d0ca940f6bd,no,no,0.077458,0.194553,0.00303,low-mechanical-overlap
pa05b_mlk_poly_add_indcpa_epp_callsite_harness.c,mlkem/src/poly_k.h,8241d0631bb02aa7191e741fae1f2785e03e7c016b3a510dc74d7908c34ce7bc,09bdfd4a19a9cb495832a78d0f099a6c949c40014472b33fb54d66bb56e660e0,no,no,0.076432,0.157895,0.0,low-mechanical-overlap
pa04b_mlk_poly_add_alias_unrestricted_negative_control_harness.c,mlkem/src/poly.c,de2e0689d3470cf992533912e6689ac223d8408967b42e8082ac46af8545e528,f427dda46e29d53d3e33d683c9a8483bade3568eff43fb97b868a21bfd07c722,no,no,0.076043,0.236264,0.00995,low-mechanical-overlap
pa06a_mlk_poly_add_polyvec_cross_parameter_harness.c,mlkem/src/indcpa.c,0941baf262a7a15c1f8be69a6c571c2727d4ab5de0ff16d0f3a364c8e3cb2ddd,ffc9cd09fb9a5926c8540b52181b064e7ae46b3d117e10ca51ac0d0ca940f6bd,no,no,0.075614,0.188,0.003175,low-mechanical-overlap
pa05c_mlk_poly_add_indcpa_k_sequential_callsite_harness.c,proofs/cbmc/proof_guide.md,8fd2643b21675324cc2de2e9e65dd2deacd50f796ab288cab71cf1882f0fb6e0,79ce7c38279195008678419a6dc80dad8ae10f448cfd18eb181001f217d32835,no,no,0.07473,0.067745,0.002451,low-mechanical-overlap
pa08b_mlk_poly_add_reachability_sentinel_harness.c,mlkem/src/indcpa.c,38fbbd821e2ac13c4a85fca813425b4cbafe15ec9f72ca54b85fce5599fc6428,ffc9cd09fb9a5926c8540b52181b064e7ae46b3d117e10ca51ac0d0ca940f6bd,no,no,0.074641,0.152074,0.003333,low-mechanical-overlap
pa05a_mlk_poly_add_polyvec_production_callsite_harness.c,mlkem/src/indcpa.c,ef23dd1db28254c88fcf9216759dce7cade46138dc5fc6c2e56a59bcf101a87e,ffc9cd09fb9a5926c8540b52181b064e7ae46b3d117e10ca51ac0d0ca940f6bd,no,no,0.074022,0.168033,0.003257,low-mechanical-overlap
pa05a_mlk_poly_add_polyvec_production_callsite_harness.c,test/bench/bench_components_mlkem.c,ef23dd1db28254c88fcf9216759dce7cade46138dc5fc6c2e56a59bcf101a87e,8555edd9fa4f8c273c4d5267d24a6c773efe0937e138d2dbe7768123a39d3746,no,no,0.073814,0.162791,0.004484,low-mechanical-overlap
pa06b_mlk_poly_add_indcpa_epp_cross_parameter_harness.c,mlkem/src/poly.h,e639524d557a13410d47ad7e1078955332a758d23fd46c1d444a7f77ba327644,f24f980110953c1d361e04137e13e2f85f76db776903f85c98f24900e85f7aef,no,no,0.07259,0.214286,0.0,low-mechanical-overlap
pa07_mlk_poly_add_mutant_implementation.c,REFERENCE.md,4a0a231c050013cd73fbb7b5a07237218decb1a58ae3f9007a465adaa35b01ff,cdf533585d2adb81ec30cb1ae312a11a6319d10fbd449a1c961108af7a98f19e,no,no,0.071264,0.077206,0.0,low-mechanical-overlap
pa06a_mlk_poly_add_polyvec_cross_parameter_harness.c,test/bench/bench_components_mlkem.c,0941baf262a7a15c1f8be69a6c571c2727d4ab5de0ff16d0f3a364c8e3cb2ddd,8555edd9fa4f8c273c4d5267d24a6c773efe0937e138d2dbe7768123a39d3746,no,no,0.07096,0.177358,0.004329,low-mechanical-overlap
pa06b_mlk_poly_add_indcpa_epp_cross_parameter_harness.c,mlkem/mlkem_native.c,e639524d557a13410d47ad7e1078955332a758d23fd46c1d444a7f77ba327644,c09e20cd67f4d95ffab70da39d054c569b82572cc0e7d7784437d83420ed77a6,no,no,0.070726,0.027027,0.0,low-mechanical-overlap
cleanroom_mlk_poly_add_fips_relational_harness_v2.c,mlkem/src/indcpa.c,307dce610586398ad3d7196790e28e9ee0656ee8b879741cfff81fd72b3a550e,ffc9cd09fb9a5926c8540b52181b064e7ae46b3d117e10ca51ac0d0ca940f6bd,no,no,0.068674,0.158103,0.003077,low-mechanical-overlap
pa08d_mlk_poly_add_lower_outside_boundary_harness.c,mlkem/src/poly_k.h,6e484118e522d54c67d043e2a9d209df8a64e3af290666bc3d74cbb8b5c425ed,09bdfd4a19a9cb495832a78d0f099a6c949c40014472b33fb54d66bb56e660e0,no,no,0.06821,0.141361,0.0,low-mechanical-overlap
pa07_mlk_poly_add_mutant_implementation.c,test/bench/bench_components_mlkem.c,4a0a231c050013cd73fbb7b5a07237218decb1a58ae3f9007a465adaa35b01ff,8555edd9fa4f8c273c4d5267d24a6c773efe0937e138d2dbe7768123a39d3746,no,no,0.068095,0.196347,0.0,low-mechanical-overlap
pa03_mlk_poly_add_unrestricted_negative_control_harness.c,mlkem/src/indcpa.c,37f9893284959fc9406d7e4bee06848b7c4e9e1cf717fe3c0d699ac5ca0f2487,ffc9cd09fb9a5926c8540b52181b064e7ae46b3d117e10ca51ac0d0ca940f6bd,no,no,0.066719,0.152174,0.003311,low-mechanical-overlap
pa06a_mlk_poly_add_polyvec_cross_parameter_harness.c,proofs/cbmc/poly_add/poly_add_harness.c,0941baf262a7a15c1f8be69a6c571c2727d4ab5de0ff16d0f3a364c8e3cb2ddd,ff4c40902b23a6a30c717f9381be5d5ba65cb027ed07489311ce4720c6bb9188,no,no,0.065616,0.107143,0.0,low-mechanical-overlap
pa05b_mlk_poly_add_indcpa_epp_callsite_harness.c,mlkem/mlkem_native.c,8241d0631bb02aa7191e741fae1f2785e03e7c016b3a510dc74d7908c34ce7bc,c09e20cd67f4d95ffab70da39d054c569b82572cc0e7d7784437d83420ed77a6,no,no,0.065565,0.025641,0.0,low-mechanical-overlap
pa02_mlk_poly_add_full_signed_contract_valid_harness.c,mlkem/src/poly_k.h,e83d521e23f93c2435058598be5ef245bb02c554a4b7992dd8844418720c2ce2,09bdfd4a19a9cb495832a78d0f099a6c949c40014472b33fb54d66bb56e660e0,no,no,0.065441,0.141631,0.0,low-mechanical-overlap
pa08c_mlk_poly_add_upper_outside_boundary_harness.c,mlkem/src/poly_k.h,36f2a6c423e1303570d25019db0d538e13a1f50135ae0f11e798636537fb891d,09bdfd4a19a9cb495832a78d0f099a6c949c40014472b33fb54d66bb56e660e0,no,no,0.063789,0.142105,0.0,low-mechanical-overlap
pa05b_mlk_poly_add_indcpa_epp_callsite_harness.c,mlkem/src/poly.h,8241d0631bb02aa7191e741fae1f2785e03e7c016b3a510dc74d7908c34ce7bc,f24f980110953c1d361e04137e13e2f85f76db776903f85c98f24900e85f7aef,no,no,0.06322,0.210227,0.0,low-mechanical-overlap
cleanroom_mlk_poly_add_fips_relational_harness_v2.c,proofs/cbmc/poly_add/poly_add_harness.c,307dce610586398ad3d7196790e28e9ee0656ee8b879741cfff81fd72b3a550e,ff4c40902b23a6a30c717f9381be5d5ba65cb027ed07489311ce4720c6bb9188,no,no,0.062452,0.142857,0.0,low-mechanical-overlap
pa02_mlk_poly_add_full_signed_contract_valid_harness.c,mlkem/src/indcpa.c,e83d521e23f93c2435058598be5ef245bb02c554a4b7992dd8844418720c2ce2,ffc9cd09fb9a5926c8540b52181b064e7ae46b3d117e10ca51ac0d0ca940f6bd,no,no,0.061471,0.144487,0.002915,low-mechanical-overlap
pa07_mlk_poly_add_mutant_implementation.c,mlkem/src/poly_k.h,4a0a231c050013cd73fbb7b5a07237218decb1a58ae3f9007a465adaa35b01ff,09bdfd4a19a9cb495832a78d0f099a6c949c40014472b33fb54d66bb56e660e0,no,no,0.060204,0.19774,0.0,low-mechanical-overlap
pa06c_mlk_poly_add_indcpa_sequential_cross_parameter_harness.c,mlkem/src/poly.h,b008285e11c0e05286338657b4529087e605a92f95f5689a0d1e279a46821b44,f24f980110953c1d361e04137e13e2f85f76db776903f85c98f24900e85f7aef,no,no,0.058556,0.198068,0.0,low-mechanical-overlap
pa05b_mlk_poly_add_indcpa_epp_callsite_harness.c,proofs/cbmc/poly_add/poly_add_harness.c,8241d0631bb02aa7191e741fae1f2785e03e7c016b3a510dc74d7908c34ce7bc,ff4c40902b23a6a30c717f9381be5d5ba65cb027ed07489311ce4720c6bb9188,no,no,0.057971,0.125,0.0,low-mechanical-overlap
pa08a_mlk_poly_add_boundary_hardening_harness.c,mlkem/src/poly.h,1f7967136b275110519ba247f182d7f11ab4d36288493bd5e571d7a2dc584dee,f24f980110953c1d361e04137e13e2f85f76db776903f85c98f24900e85f7aef,no,no,0.057191,0.182292,0.0,low-mechanical-overlap
pa06a_mlk_poly_add_polyvec_cross_parameter_harness.c,mlkem/mlkem_native.c,0941baf262a7a15c1f8be69a6c571c2727d4ab5de0ff16d0f3a364c8e3cb2ddd,c09e20cd67f4d95ffab70da39d054c569b82572cc0e7d7784437d83420ed77a6,no,no,0.057149,0.025729,0.0,low-mechanical-overlap
cleanroom_mlk_poly_add_fips_relational_harness_v2.c,mlkem/mlkem_native.c,307dce610586398ad3d7196790e28e9ee0656ee8b879741cfff81fd72b3a550e,c09e20cd67f4d95ffab70da39d054c569b82572cc0e7d7784437d83420ed77a6,no,no,0.056206,0.018868,0.0,low-mechanical-overlap
pa06b_mlk_poly_add_indcpa_epp_cross_parameter_harness.c,proofs/cbmc/poly_add/poly_add_harness.c,e639524d557a13410d47ad7e1078955332a758d23fd46c1d444a7f77ba327644,ff4c40902b23a6a30c717f9381be5d5ba65cb027ed07489311ce4720c6bb9188,no,no,0.055703,0.116667,0.0,low-mechanical-overlap
pa07_mlk_poly_add_mutant_implementation.c,mlkem/src/indcpa.c,4a0a231c050013cd73fbb7b5a07237218decb1a58ae3f9007a465adaa35b01ff,ffc9cd09fb9a5926c8540b52181b064e7ae46b3d117e10ca51ac0d0ca940f6bd,no,no,0.055139,0.204878,0.003484,low-mechanical-overlap
pa05a_mlk_poly_add_polyvec_production_callsite_harness.c,proofs/cbmc/proof_guide.md,ef23dd1db28254c88fcf9216759dce7cade46138dc5fc6c2e56a59bcf101a87e,79ce7c38279195008678419a6dc80dad8ae10f448cfd18eb181001f217d32835,no,no,0.055111,0.057232,0.002907,low-mechanical-overlap
pa06a_mlk_poly_add_polyvec_cross_parameter_harness.c,proofs/cbmc/proof_guide.md,0941baf262a7a15c1f8be69a6c571c2727d4ab5de0ff16d0f3a364c8e3cb2ddd,79ce7c38279195008678419a6dc80dad8ae10f448cfd18eb181001f217d32835,no,no,0.054512,0.060888,0.002841,low-mechanical-overlap
cleanroom_mlk_poly_add_fips_relational_harness_v2.c,proofs/cbmc/proof_guide.md,307dce610586398ad3d7196790e28e9ee0656ee8b879741cfff81fd72b3a550e,79ce7c38279195008678419a6dc80dad8ae10f448cfd18eb181001f217d32835,no,no,0.053809,0.057851,0.002762,low-mechanical-overlap
pa08a_mlk_poly_add_boundary_hardening_harness.c,SOUNDNESS.md,1f7967136b275110519ba247f182d7f11ab4d36288493bd5e571d7a2dc584dee,f7088ae5b250c15f9c324a02329b66f2a9d64d6e69063eeb490a880fe92677a6,no,no,0.053741,0.034557,0.0,low-mechanical-overlap
pa05c_mlk_poly_add_indcpa_k_sequential_callsite_harness.c,mlkem/src/poly.h,8fd2643b21675324cc2de2e9e65dd2deacd50f796ab288cab71cf1882f0fb6e0,f24f980110953c1d361e04137e13e2f85f76db776903f85c98f24900e85f7aef,no,no,0.052507,0.195,0.0,low-mechanical-overlap
pa04b_mlk_poly_add_alias_unrestricted_negative_control_harness.c,mlkem/mlkem_native.c,de2e0689d3470cf992533912e6689ac223d8408967b42e8082ac46af8545e528,c09e20cd67f4d95ffab70da39d054c569b82572cc0e7d7784437d83420ed77a6,no,no,0.052288,0.019856,0.0,low-mechanical-overlap
pa08c_mlk_poly_add_upper_outside_boundary_harness.c,mlkem/src/indcpa.c,36f2a6c423e1303570d25019db0d538e13a1f50135ae0f11e798636537fb891d,ffc9cd09fb9a5926c8540b52181b064e7ae46b3d117e10ca51ac0d0ca940f6bd,no,no,0.052126,0.155963,0.00346,low-mechanical-overlap
pa04a_mlk_poly_add_alias_safe_doubling_harness.c,mlkem/mlkem_native.c,d03869edcf12179e98feff2d1ddb84025474a13ac133fc140040615eddd6d4a4,c09e20cd67f4d95ffab70da39d054c569b82572cc0e7d7784437d83420ed77a6,no,no,0.052118,0.02,0.0,low-mechanical-overlap
pa04a_mlk_poly_add_alias_safe_doubling_harness.c,proofs/cbmc/poly_add/poly_add_harness.c,d03869edcf12179e98feff2d1ddb84025474a13ac133fc140040615eddd6d4a4,ff4c40902b23a6a30c717f9381be5d5ba65cb027ed07489311ce4720c6bb9188,no,no,0.051908,0.131148,0.0,low-mechanical-overlap
pa03_mlk_poly_add_unrestricted_negative_control_harness.c,mlkem/mlkem_native.c,37f9893284959fc9406d7e4bee06848b7c4e9e1cf717fe3c0d699ac5ca0f2487,c09e20cd67f4d95ffab70da39d054c569b82572cc0e7d7784437d83420ed77a6,no,no,0.05146,0.01982,0.0,low-mechanical-overlap
pa08d_mlk_poly_add_lower_outside_boundary_harness.c,mlkem/src/indcpa.c,6e484118e522d54c67d043e2a9d209df8a64e3af290666bc3d74cbb8b5c425ed,ffc9cd09fb9a5926c8540b52181b064e7ae46b3d117e10ca51ac0d0ca940f6bd,no,no,0.050025,0.155251,0.00346,low-mechanical-overlap
pa02_mlk_poly_add_full_signed_contract_valid_harness.c,mlkem/mlkem_native.c,e83d521e23f93c2435058598be5ef245bb02c554a4b7992dd8844418720c2ce2,c09e20cd67f4d95ffab70da39d054c569b82572cc0e7d7784437d83420ed77a6,no,no,0.049499,0.020339,0.0,low-mechanical-overlap
pa04b_mlk_poly_add_alias_unrestricted_negative_control_harness.c,mlkem/src/indcpa.c,de2e0689d3470cf992533912e6689ac223d8408967b42e8082ac46af8545e528,ffc9cd09fb9a5926c8540b52181b064e7ae46b3d117e10ca51ac0d0ca940f6bd,no,no,0.049249,0.173333,0.003367,low-mechanical-overlap
pa06b_mlk_poly_add_indcpa_epp_cross_parameter_harness.c,proofs/cbmc/proof_guide.md,e639524d557a13410d47ad7e1078955332a758d23fd46c1d444a7f77ba327644,79ce7c38279195008678419a6dc80dad8ae10f448cfd18eb181001f217d32835,no,no,0.048135,0.065708,0.002725,low-mechanical-overlap
pa02_mlk_poly_add_full_signed_contract_valid_harness.c,proofs/cbmc/poly_add/poly_add_harness.c,e83d521e23f93c2435058598be5ef245bb02c554a4b7992dd8844418720c2ce2,ff4c40902b23a6a30c717f9381be5d5ba65cb027ed07489311ce4720c6bb9188,no,no,0.047866,0.122807,0.0,low-mechanical-overlap
pa08a_mlk_poly_add_boundary_hardening_harness.c,proofs/cbmc/proof_guide.md,1f7967136b275110519ba247f182d7f11ab4d36288493bd5e571d7a2dc584dee,79ce7c38279195008678419a6dc80dad8ae10f448cfd18eb181001f217d32835,no,no,0.047747,0.055612,0.002427,low-mechanical-overlap
pa02_mlk_poly_add_full_signed_contract_valid_harness.c,proofs/cbmc/proof_guide.md,e83d521e23f93c2435058598be5ef245bb02c554a4b7992dd8844418720c2ce2,79ce7c38279195008678419a6dc80dad8ae10f448cfd18eb181001f217d32835,no,no,0.047037,0.056295,0.002632,low-mechanical-overlap
pa08a_mlk_poly_add_boundary_hardening_harness.c,mlkem/mlkem_native.c,1f7967136b275110519ba247f182d7f11ab4d36288493bd5e571d7a2dc584dee,c09e20cd67f4d95ffab70da39d054c569b82572cc0e7d7784437d83420ed77a6,no,no,0.046148,0.019934,0.0,low-mechanical-overlap
pa08b_mlk_poly_add_reachability_sentinel_harness.c,proofs/cbmc/proof_guide.md,38fbbd821e2ac13c4a85fca813425b4cbafe15ec9f72ca54b85fce5599fc6428,79ce7c38279195008678419a6dc80dad8ae10f448cfd18eb181001f217d32835,no,no,0.044623,0.041401,0.002967,low-mechanical-overlap
pa05b_mlk_poly_add_indcpa_epp_callsite_harness.c,proofs/cbmc/proof_guide.md,8241d0631bb02aa7191e741fae1f2785e03e7c016b3a510dc74d7908c34ce7bc,79ce7c38279195008678419a6dc80dad8ae10f448cfd18eb181001f217d32835,no,no,0.042622,0.059671,0.002755,low-mechanical-overlap
pa03_mlk_poly_add_unrestricted_negative_control_harness.c,proofs/cbmc/proof_guide.md,37f9893284959fc9406d7e4bee06848b7c4e9e1cf717fe3c0d699ac5ca0f2487,79ce7c38279195008678419a6dc80dad8ae10f448cfd18eb181001f217d32835,no,no,0.042493,0.050633,0.00295,low-mechanical-overlap
pa07_mlk_poly_add_mutant_implementation.c,mlkem/src/poly_k.c,4a0a231c050013cd73fbb7b5a07237218decb1a58ae3f9007a465adaa35b01ff,7dea24a0591b0fb033f7a8be214d687fbde11541c274a114ac3067af12b87c32,no,no,0.040223,0.237838,0.005435,low-mechanical-overlap
pa04a_mlk_poly_add_alias_safe_doubling_harness.c,proofs/cbmc/proof_guide.md,d03869edcf12179e98feff2d1ddb84025474a13ac133fc140040615eddd6d4a4,79ce7c38279195008678419a6dc80dad8ae10f448cfd18eb181001f217d32835,no,no,0.03999,0.062181,0.00266,low-mechanical-overlap
pa08d_mlk_poly_add_lower_outside_boundary_harness.c,mlkem/mlkem_native.c,6e484118e522d54c67d043e2a9d209df8a64e3af290666bc3d74cbb8b5c425ed,c09e20cd67f4d95ffab70da39d054c569b82572cc0e7d7784437d83420ed77a6,no,no,0.038362,0.018382,0.0,low-mechanical-overlap
pa08b_mlk_poly_add_reachability_sentinel_harness.c,mlkem/mlkem_native.c,38fbbd821e2ac13c4a85fca813425b4cbafe15ec9f72ca54b85fce5599fc6428,c09e20cd67f4d95ffab70da39d054c569b82572cc0e7d7784437d83420ed77a6,no,no,0.037734,0.02037,0.0,low-mechanical-overlap
pa05c_mlk_poly_add_indcpa_k_sequential_callsite_harness.c,proofs/cbmc/poly_add/poly_add_harness.c,8fd2643b21675324cc2de2e9e65dd2deacd50f796ab288cab71cf1882f0fb6e0,ff4c40902b23a6a30c717f9381be5d5ba65cb027ed07489311ce4720c6bb9188,no,no,0.037086,0.101449,0.0,low-mechanical-overlap
pa06c_mlk_poly_add_indcpa_sequential_cross_parameter_harness.c,proofs/cbmc/poly_add/poly_add_harness.c,b008285e11c0e05286338657b4529087e605a92f95f5689a0d1e279a46821b44,ff4c40902b23a6a30c717f9381be5d5ba65cb027ed07489311ce4720c6bb9188,no,no,0.036163,0.095238,0.0,low-mechanical-overlap
pa05c_mlk_poly_add_indcpa_k_sequential_callsite_harness.c,SOUNDNESS.md,8fd2643b21675324cc2de2e9e65dd2deacd50f796ab288cab71cf1882f0fb6e0,f7088ae5b250c15f9c324a02329b66f2a9d64d6e69063eeb490a880fe92677a6,no,no,0.035107,0.040201,0.0,low-mechanical-overlap
pa08c_mlk_poly_add_upper_outside_boundary_harness.c,mlkem/mlkem_native.c,36f2a6c423e1303570d25019db0d538e13a1f50135ae0f11e798636537fb891d,c09e20cd67f4d95ffab70da39d054c569b82572cc0e7d7784437d83420ed77a6,no,no,0.034719,0.018416,0.0,low-mechanical-overlap
pa06a_mlk_poly_add_polyvec_cross_parameter_harness.c,SOUNDNESS.md,0941baf262a7a15c1f8be69a6c571c2727d4ab5de0ff16d0f3a364c8e3cb2ddd,f7088ae5b250c15f9c324a02329b66f2a9d64d6e69063eeb490a880fe92677a6,no,no,0.034711,0.039503,0.0,low-mechanical-overlap
cleanroom_mlk_poly_add_fips_relational_harness_v2.c,SOUNDNESS.md,307dce610586398ad3d7196790e28e9ee0656ee8b879741cfff81fd72b3a550e,f7088ae5b250c15f9c324a02329b66f2a9d64d6e69063eeb490a880fe92677a6,no,no,0.034487,0.033552,0.0,low-mechanical-overlap
pa06c_mlk_poly_add_indcpa_sequential_cross_parameter_harness.c,SOUNDNESS.md,b008285e11c0e05286338657b4529087e605a92f95f5689a0d1e279a46821b44,f7088ae5b250c15f9c324a02329b66f2a9d64d6e69063eeb490a880fe92677a6,no,no,0.032463,0.042918,0.0,low-mechanical-overlap
pa05c_mlk_poly_add_indcpa_k_sequential_callsite_harness.c,test/bench/bench_components_mlkem.c,8fd2643b21675324cc2de2e9e65dd2deacd50f796ab288cab71cf1882f0fb6e0,8555edd9fa4f8c273c4d5267d24a6c773efe0937e138d2dbe7768123a39d3746,no,no,0.031829,0.152542,0.003484,low-mechanical-overlap
pa06c_mlk_poly_add_indcpa_sequential_cross_parameter_harness.c,test/bench/bench_components_mlkem.c,b008285e11c0e05286338657b4529087e605a92f95f5689a0d1e279a46821b44,8555edd9fa4f8c273c4d5267d24a6c773efe0937e138d2dbe7768123a39d3746,no,no,0.031581,0.171141,0.00346,low-mechanical-overlap
pa03_mlk_poly_add_unrestricted_negative_control_harness.c,test/bench/bench_components_mlkem.c,37f9893284959fc9406d7e4bee06848b7c4e9e1cf717fe3c0d699ac5ca0f2487,8555edd9fa4f8c273c4d5267d24a6c773efe0937e138d2dbe7768123a39d3746,no,no,0.031253,0.152263,0.004587,low-mechanical-overlap
pa04b_mlk_poly_add_alias_unrestricted_negative_control_harness.c,test/bench/bench_components_mlkem.c,de2e0689d3470cf992533912e6689ac223d8408967b42e8082ac46af8545e528,8555edd9fa4f8c273c4d5267d24a6c773efe0937e138d2dbe7768123a39d3746,no,no,0.031086,0.1625,0.004695,low-mechanical-overlap
pa04b_mlk_poly_add_alias_unrestricted_negative_control_harness.c,proofs/cbmc/proof_guide.md,de2e0689d3470cf992533912e6689ac223d8408967b42e8082ac46af8545e528,79ce7c38279195008678419a6dc80dad8ae10f448cfd18eb181001f217d32835,no,no,0.030991,0.054025,0.002994,low-mechanical-overlap
pa04a_mlk_poly_add_alias_safe_doubling_harness.c,SOUNDNESS.md,d03869edcf12179e98feff2d1ddb84025474a13ac133fc140040615eddd6d4a4,f7088ae5b250c15f9c324a02329b66f2a9d64d6e69063eeb490a880fe92677a6,no,no,0.030925,0.035354,0.0,low-mechanical-overlap
pa08b_mlk_poly_add_reachability_sentinel_harness.c,test/bench/bench_components_mlkem.c,38fbbd821e2ac13c4a85fca813425b4cbafe15ec9f72ca54b85fce5599fc6428,8555edd9fa4f8c273c4d5267d24a6c773efe0937e138d2dbe7768123a39d3746,no,no,0.030878,0.142241,0.00463,low-mechanical-overlap
pa05a_mlk_poly_add_polyvec_production_callsite_harness.c,mlkem/mlkem_native.c,ef23dd1db28254c88fcf9216759dce7cade46138dc5fc6c2e56a59bcf101a87e,c09e20cd67f4d95ffab70da39d054c569b82572cc0e7d7784437d83420ed77a6,no,no,0.030518,0.024476,0.0,low-mechanical-overlap
pa08a_mlk_poly_add_boundary_hardening_harness.c,proofs/cbmc/poly_add/poly_add_harness.c,1f7967136b275110519ba247f182d7f11ab4d36288493bd5e571d7a2dc584dee,ff4c40902b23a6a30c717f9381be5d5ba65cb027ed07489311ce4720c6bb9188,no,no,0.029616,0.111111,0.0,low-mechanical-overlap
pa06b_mlk_poly_add_indcpa_epp_cross_parameter_harness.c,SOUNDNESS.md,e639524d557a13410d47ad7e1078955332a758d23fd46c1d444a7f77ba327644,f7088ae5b250c15f9c324a02329b66f2a9d64d6e69063eeb490a880fe92677a6,no,no,0.029137,0.041485,0.0,low-mechanical-overlap
cleanroom_mlk_poly_add_fips_relational_harness_v2.c,test/bench/bench_components_mlkem.c,307dce610586398ad3d7196790e28e9ee0656ee8b879741cfff81fd72b3a550e,8555edd9fa4f8c273c4d5267d24a6c773efe0937e138d2dbe7768123a39d3746,no,no,0.029071,0.149254,0.004149,low-mechanical-overlap
pa05b_mlk_poly_add_indcpa_epp_callsite_harness.c,test/bench/bench_components_mlkem.c,8241d0631bb02aa7191e741fae1f2785e03e7c016b3a510dc74d7908c34ce7bc,8555edd9fa4f8c273c4d5267d24a6c773efe0937e138d2dbe7768123a39d3746,no,no,0.028169,0.154412,0.004132,low-mechanical-overlap
pa06b_mlk_poly_add_indcpa_epp_cross_parameter_harness.c,test/bench/bench_components_mlkem.c,e639524d557a13410d47ad7e1078955332a758d23fd46c1d444a7f77ba327644,8555edd9fa4f8c273c4d5267d24a6c773efe0937e138d2dbe7768123a39d3746,no,no,0.02792,0.175182,0.004065,low-mechanical-overlap
pa07_mlk_poly_add_mutant_implementation.c,proofs/cbmc/proof_guide.md,4a0a231c050013cd73fbb7b5a07237218decb1a58ae3f9007a465adaa35b01ff,79ce7c38279195008678419a6dc80dad8ae10f448cfd18eb181001f217d32835,no,no,0.027818,0.050483,0.003086,low-mechanical-overlap
pa04a_mlk_poly_add_alias_safe_doubling_harness.c,test/bench/bench_components_mlkem.c,d03869edcf12179e98feff2d1ddb84025474a13ac133fc140040615eddd6d4a4,8555edd9fa4f8c273c4d5267d24a6c773efe0937e138d2dbe7768123a39d3746,no,no,0.027534,0.151943,0.003922,low-mechanical-overlap
pa02_mlk_poly_add_full_signed_contract_valid_harness.c,test/bench/bench_components_mlkem.c,e83d521e23f93c2435058598be5ef245bb02c554a4b7992dd8844418720c2ce2,8555edd9fa4f8c273c4d5267d24a6c773efe0937e138d2dbe7768123a39d3746,no,no,0.026713,0.140794,0.003861,low-mechanical-overlap
pa05a_mlk_poly_add_polyvec_production_callsite_harness.c,SOUNDNESS.md,ef23dd1db28254c88fcf9216759dce7cade46138dc5fc6c2e56a59bcf101a87e,f7088ae5b250c15f9c324a02329b66f2a9d64d6e69063eeb490a880fe92677a6,no,no,0.026439,0.036029,0.0,low-mechanical-overlap
pa08c_mlk_poly_add_upper_outside_boundary_harness.c,proofs/cbmc/proof_guide.md,36f2a6c423e1303570d25019db0d538e13a1f50135ae0f11e798636537fb891d,79ce7c38279195008678419a6dc80dad8ae10f448cfd18eb181001f217d32835,no,no,0.026012,0.044633,0.003067,low-mechanical-overlap
pa03_mlk_poly_add_unrestricted_negative_control_harness.c,SOUNDNESS.md,37f9893284959fc9406d7e4bee06848b7c4e9e1cf717fe3c0d699ac5ca0f2487,f7088ae5b250c15f9c324a02329b66f2a9d64d6e69063eeb490a880fe92677a6,no,no,0.025849,0.025849,0.0,low-mechanical-overlap
pa07_mlk_poly_add_mutant_implementation.c,SOUNDNESS.md,4a0a231c050013cd73fbb7b5a07237218decb1a58ae3f9007a465adaa35b01ff,f7088ae5b250c15f9c324a02329b66f2a9d64d6e69063eeb490a880fe92677a6,no,no,0.025835,0.026198,0.0,low-mechanical-overlap
pa08d_mlk_poly_add_lower_outside_boundary_harness.c,proofs/cbmc/proof_guide.md,6e484118e522d54c67d043e2a9d209df8a64e3af290666bc3d74cbb8b5c425ed,79ce7c38279195008678419a6dc80dad8ae10f448cfd18eb181001f217d32835,no,no,0.025489,0.044586,0.003067,low-mechanical-overlap
pa05b_mlk_poly_add_indcpa_epp_callsite_harness.c,SOUNDNESS.md,8241d0631bb02aa7191e741fae1f2785e03e7c016b3a510dc74d7908c34ce7bc,f7088ae5b250c15f9c324a02329b66f2a9d64d6e69063eeb490a880fe92677a6,no,no,0.025473,0.036417,0.0,low-mechanical-overlap
pa07_mlk_poly_add_mutant_implementation.c,mlkem/mlkem_native.c,4a0a231c050013cd73fbb7b5a07237218decb1a58ae3f9007a465adaa35b01ff,c09e20cd67f4d95ffab70da39d054c569b82572cc0e7d7784437d83420ed77a6,no,no,0.024109,0.024299,0.0,low-mechanical-overlap
pa02_mlk_poly_add_full_signed_contract_valid_harness.c,SOUNDNESS.md,e83d521e23f93c2435058598be5ef245bb02c554a4b7992dd8844418720c2ce2,f7088ae5b250c15f9c324a02329b66f2a9d64d6e69063eeb490a880fe92677a6,no,no,0.023294,0.034107,0.0,low-mechanical-overlap
pa08a_mlk_poly_add_boundary_hardening_harness.c,test/bench/bench_components_mlkem.c,1f7967136b275110519ba247f182d7f11ab4d36288493bd5e571d7a2dc584dee,8555edd9fa4f8c273c4d5267d24a6c773efe0937e138d2dbe7768123a39d3746,no,no,0.023251,0.142857,0.003436,low-mechanical-overlap
pa08d_mlk_poly_add_lower_outside_boundary_harness.c,SOUNDNESS.md,6e484118e522d54c67d043e2a9d209df8a64e3af290666bc3d74cbb8b5c425ed,f7088ae5b250c15f9c324a02329b66f2a9d64d6e69063eeb490a880fe92677a6,no,no,0.020643,0.023792,0.0,low-mechanical-overlap
pa04b_mlk_poly_add_alias_unrestricted_negative_control_harness.c,SOUNDNESS.md,de2e0689d3470cf992533912e6689ac223d8408967b42e8082ac46af8545e528,f7088ae5b250c15f9c324a02329b66f2a9d64d6e69063eeb490a880fe92677a6,no,no,0.019888,0.026627,0.0,low-mechanical-overlap
pa08c_mlk_poly_add_upper_outside_boundary_harness.c,SOUNDNESS.md,36f2a6c423e1303570d25019db0d538e13a1f50135ae0f11e798636537fb891d,f7088ae5b250c15f9c324a02329b66f2a9d64d6e69063eeb490a880fe92677a6,no,no,0.018971,0.02381,0.0,low-mechanical-overlap
pa08b_mlk_poly_add_reachability_sentinel_harness.c,SOUNDNESS.md,38fbbd821e2ac13c4a85fca813425b4cbafe15ec9f72ca54b85fce5599fc6428,f7088ae5b250c15f9c324a02329b66f2a9d64d6e69063eeb490a880fe92677a6,no,no,0.012568,0.020045,0.0,low-mechanical-overlap
